,T,P1,P2,runoff
1/1/1931,3.6,1.6,1,3.91
1/2/1931,3.6,2.8,3.8,4.01
1/3/1931,5.4,0,0.1,3.91
1/4/1931,3.9,13.1,10.8,4.92
1/5/1931,0.5,0,0,4.67
1/6/1931,-3.6,0,0,3.91
1/7/1931,-4.4,0,0,3.3
1/8/1931,-3.8,0,0,3.14
1/9/1931,-4.8,0,0,3.14
1/10/1931,-6.9,0,0,3.14
1/11/1931,-7.9,0,0,2.97
1/12/1931,-7.1,0,0,2.97
1/13/1931,-3.3,0,0,2.97
1/14/1931,-2.3,0.9,0.3,2.97
1/15/1931,-1.7,0,0,2.97
1/16/1931,-0.7,11.3,2.5,2.72
1/17/1931,3,9.9,23.5,3.06
1/18/1931,0.5,5.2,11.2,2.81
1/19/1931,2.2,9.5,8,2.89
1/20/1931,4,0.3,0.3,3.3
1/21/1931,4,0,0,3.14
1/22/1931,-1,0,0,2.89
1/23/1931,3.3,0.4,0,2.89
1/24/1931,5.3,9.6,7.5,3.06
1/25/1931,2.7,5.9,6.7,3.5
1/26/1931,0.4,11.2,16,3.14
1/27/1931,1.9,3,2.9,2.97
1/28/1931,-1.7,13.5,11.3,2.81
1/29/1931,2,1.8,4.3,2.89
1/30/1931,0,0.8,2.8,2.81
1/31/1931,-1.5,0,0,2.64
2/1/1931,-2.5,1.6,0.7,2.56
2/2/1931,0.3,0,0,2.64
2/3/1931,0.3,0,0,2.56
2/4/1931,0.4,3.5,4,2.64
2/5/1931,-3.2,1.6,0.3,2.56
2/6/1931,-6.1,0,0,2.56
2/7/1931,-6.8,0.2,0.5,2.35
2/8/1931,-6.1,0,0,2.48
2/9/1931,-5.2,0,0,2.48
2/10/1931,0.1,2.7,2.2,2.35
2/11/1931,1.1,2.2,1.5,2.48
2/12/1931,1.5,5.5,6.1,2.48
2/13/1931,1,4.9,7.2,2.42
2/14/1931,-1.5,5.7,1.5,2.48
2/15/1931,-2.7,0.2,0,2.35
2/16/1931,-2.4,5.5,2.5,2.35
2/17/1931,-1,9.5,11.4,2.42
2/18/1931,-2.4,0,0,2.42
2/19/1931,-1.7,8.4,13.6,2.35
2/20/1931,-0.6,7.2,30.7,2.35
2/21/1931,0,5.6,6.5,2.29
2/22/1931,-0.6,6.9,2.4,2.35
2/23/1931,-1.5,0,0,2.42
2/24/1931,-3.3,0,0,2.29
2/25/1931,-1,0,2,2.23
2/26/1931,2.7,9.3,6.9,2.35
2/27/1931,3,5.3,2,2.81
2/28/1931,3.7,13.3,9.1,2.97
3/1/1931,-0.2,5.2,9.9,3.6
3/2/1931,-2.7,0.1,2,2.97
3/3/1931,-0.4,12.3,9,2.81
3/4/1931,3.3,61.6,47,4.43
3/5/1931,0.1,6,2.5,9.27
3/6/1931,1.5,9.6,3.6,6.37
3/7/1931,1.5,6.6,5.5,5.52
3/8/1931,-0.8,9.8,3.2,5.28
3/9/1931,-2.3,14,4.3,5.04
3/10/1931,-3.4,17.2,12.7,4.31
3/11/1931,-6.2,0,0,4.01
3/12/1931,-4.7,0,0,3.6
3/13/1931,-3.8,0,0,3.7
3/14/1931,1.2,0,0,3.4
3/15/1931,0.4,0,0,3.4
3/16/1931,0.4,0,0,3.7
3/17/1931,1.2,0,0,4.01
3/18/1931,3.1,0,0,4.67
3/19/1931,4.6,0,0,5.28
3/20/1931,7.4,0,0,6.79
3/21/1931,5.9,0.3,0,9.63
3/22/1931,4.2,1.2,0.9,9.27
3/23/1931,5.5,0,0,8.72
3/24/1931,6.7,0,0,9.45
3/25/1931,5.8,0,0,10.4
3/26/1931,3.3,0,0,10.4
3/27/1931,4.2,0,0,10.6
3/28/1931,7.2,0,0,10.8
3/29/1931,3.8,0,0,10.6
3/30/1931,3.2,0,0,10.2
3/31/1931,1.7,0,0,9.63
4/1/1931,2.2,0,0,9.08
4/2/1931,6.7,0.3,0,8.9
4/3/1931,8.6,0.5,5.5,8.54
4/4/1931,6.8,3.7,9.5,9.27
4/5/1931,6,0,0,10.2
4/6/1931,7.9,0.3,0,9.99
4/7/1931,8.9,0.5,0.7,10.6
4/8/1931,8.7,0,0,13
4/9/1931,9,0,0,14
4/10/1931,11.1,0,0,14.8
4/11/1931,10.2,0,0,16.1
4/12/1931,10.7,0,0,16.6
4/13/1931,10.5,0,0,18.2
4/14/1931,7.7,0,0,17.1
4/15/1931,7.6,1.5,1,14.8
4/16/1931,4.6,8.6,8.6,13.3
4/17/1931,5.9,3.4,2.8,12
4/18/1931,3.4,0.7,0,11
4/19/1931,3.5,0.8,0.5,9.45
4/20/1931,4.2,0,0,8.72
4/21/1931,5.3,6.1,0.2,8.22
4/22/1931,4.5,3.4,2,7.9
4/23/1931,7,0,0,7.41
4/24/1931,8.6,0,0,8.22
4/25/1931,11.9,6.3,3,9.81
4/26/1931,8.9,0.3,1.9,11.8
4/27/1931,7.6,4.8,3.5,11
4/28/1931,7.2,3.7,4,10.2
4/29/1931,5.6,3,4.3,9.08
4/30/1931,7.4,0,0,9.08
5/1/1931,10.1,0,0,10.2
5/2/1931,11.7,0,0,11.8
5/3/1931,11.7,0.3,0,14.8
5/4/1931,8.6,8.9,15,16.2
5/5/1931,8.6,0.1,0.2,15.5
5/6/1931,11.9,2.8,5.8,13.9
5/7/1931,9.4,2.5,2.8,15
5/8/1931,10.3,1.2,3.5,14.1
5/9/1931,9.6,3.4,2.8,13.5
5/10/1931,10.7,0,0,14.3
5/11/1931,12.1,0,0,16.4
5/12/1931,13.7,0,0,19.8
5/13/1931,14.7,0,0,23.2
5/14/1931,16.4,0,0,28.6
5/15/1931,17.3,0,0,37.3
5/16/1931,17.7,0,0,41
5/17/1931,13.7,1.8,2.7,40.2
5/18/1931,10.9,0.9,0.5,34.5
5/19/1931,12.9,1.5,2,29.7
5/20/1931,10.2,29.5,48.6,32.8
5/21/1931,11.5,0.8,1.5,43.9
5/22/1931,14.3,0.5,0,34.2
5/23/1931,16.7,0,0,38.8
5/24/1931,17,0.3,0,49.8
5/25/1931,19.6,0,0,61.7
5/26/1931,20.7,0,0,66.8
5/27/1931,19.8,0,0,68.8
5/28/1931,17.6,4.5,1.8,68.8
5/29/1931,18.9,0,0,61.7
5/30/1931,17.4,3.8,3,59
5/31/1931,10.5,11.1,5.8,54
6/1/1931,11.9,3.7,3,38.8
6/2/1931,9.9,0.5,3.3,31
6/3/1931,13.3,0,0,27.4
6/4/1931,17.2,0,0,30.6
6/5/1931,19.3,0,0,42.4
6/6/1931,15.6,8.5,14.4,49.4
6/7/1931,15.3,8.3,6.8,48.8
6/8/1931,16.7,0,0,48.8
6/9/1931,17.5,1.2,1,42.4
6/10/1931,17.9,0.1,0.3,46.5
6/11/1931,22,5.5,1,58.6
6/12/1931,22.5,18.1,0.5,73.5
6/13/1931,21.5,0,0,83.6
6/14/1931,20.2,26.1,12.3,83.2
6/15/1931,19.5,0,0,76.7
6/16/1931,19.6,0,0,63.3
6/17/1931,21.6,7.5,1.8,63.7
6/18/1931,14.7,4.7,9,62.1
6/19/1931,16.7,0,0,47.2
6/20/1931,16.5,15,7.5,46.9
6/21/1931,14.4,3.9,2,51.7
6/22/1931,18.2,0,0,50.2
6/23/1931,19.3,13.2,20.8,63.7
6/24/1931,17.6,25.2,37.9,69.1
6/25/1931,14.1,12.3,7,72.3
6/26/1931,15.9,0,0,55.1
6/27/1931,16.6,1.5,3.5,51.3
6/28/1931,17.3,15.3,3.2,52.5
6/29/1931,16.7,1.1,0,47.2
6/30/1931,19.6,0,0.9,47.2
7/1/1931,17.9,13.5,14.9,51.3
7/2/1931,19.2,0.4,0.6,60.6
7/3/1931,20.8,0,0.2,58.2
7/4/1931,15.7,12,13.7,69.5
7/5/1931,18.3,0,0,60.2
7/6/1931,17,3.4,1,52.9
7/7/1931,10.9,32.6,38.4,64.4
7/8/1931,13.4,0.1,0,48.8
7/9/1931,13.5,1.4,1.5,33.1
7/10/1931,16.9,0,0,31.7
7/11/1931,18.3,0,0,36.6
7/12/1931,20.5,0,0,42
7/13/1931,17.6,49.5,36.2,55.9
7/14/1931,17,0.3,0.2,69.9
7/15/1931,12.9,11.3,13.8,62.9
7/16/1931,15.1,0,0,43.9
7/17/1931,16.8,0.3,0,33.4
7/18/1931,16.8,0.1,0.2,33.8
7/19/1931,17.2,20,17,42.4
7/20/1931,10.7,14.2,17.9,60.6
7/21/1931,10.2,5.1,2.8,41
7/22/1931,12,0,0,32
7/23/1931,16.2,0,0,31
7/24/1931,17.7,9.1,9.5,39.2
7/25/1931,16.7,3.1,10.3,49.8
7/26/1931,16.5,0,0,46.1
7/27/1931,17.5,21.2,22.2,47.2
7/28/1931,12.1,3.8,10.3,77.1
7/29/1931,13.2,0,0,48
7/30/1931,16.5,0,0,41
7/31/1931,18.1,0,0,42.8
8/1/1931,18.1,1.7,1.2,46.9
8/2/1931,17.5,12.8,21.4,57.4
8/3/1931,17.2,15.8,0,67.6
8/4/1931,19.2,0,0,52.1
8/5/1931,18.2,17.5,10,55.5
8/6/1931,17.4,17.6,10.8,63.3
8/7/1931,15.6,3.5,12.2,69.1
8/8/1931,17.1,7.3,8.2,52.1
8/9/1931,11.4,8.8,14.5,57.4
8/10/1931,10.5,4.4,4.5,45.4
8/11/1931,11.6,5.1,3.3,33.1
8/12/1931,12.9,0,0.1,30.6
8/13/1931,13.9,0,0,28.6
8/14/1931,13.5,1.2,2,27.7
8/15/1931,14.7,22.8,13.7,38.8
8/16/1931,16.9,2.4,1.6,41.7
8/17/1931,16.2,1,0.2,32.4
8/18/1931,13.9,11,4,31
8/19/1931,17.4,8.9,16.7,48
8/20/1931,12.6,10.5,20.4,70.7
8/21/1931,12.7,0.6,1.1,46.1
8/22/1931,13,3.2,3.5,31.4
8/23/1931,13,4.3,4.1,32.4
8/24/1931,12.9,8.4,6.1,29.4
8/25/1931,15.9,17.3,17.9,36.6
8/26/1931,11.4,0.2,0.4,48.4
8/27/1931,11.5,0,0,31.4
8/28/1931,11.6,0,0,26
8/29/1931,13.9,0,0,24.1
8/30/1931,13,12.5,7,26.6
8/31/1931,13.5,10,11,28.3
9/1/1931,13.5,2.9,1.7,27.7
9/2/1931,14.3,0.1,0,23.8
9/3/1931,13.8,14.8,19,31.4
9/4/1931,11.4,7.5,9,37.3
9/5/1931,10.4,4.4,3.1,27
9/6/1931,8.2,1.1,0.3,20
9/7/1931,8.7,0.2,0,17.2
9/8/1931,10.1,0,0,15.7
9/9/1931,11.1,0,0,15.5
9/10/1931,11.6,7.2,7.2,15.3
9/11/1931,12.5,21.6,17.8,17
9/12/1931,8.1,11.9,5.5,30.3
9/13/1931,9.9,0,0,20.9
9/14/1931,10.1,0,0,17.4
9/15/1931,7.6,0,0,15
9/16/1931,10,0,0,13.9
9/17/1931,11.4,0.1,1,12.8
9/18/1931,12.2,0,0,12.6
9/19/1931,12.8,0,0,12.6
9/20/1931,13.4,0.1,0.2,12.2
9/21/1931,7.9,2.3,2.5,12
9/22/1931,5.1,11.7,4.5,10.3
9/23/1931,4,1,1.2,9.65
9/24/1931,4.1,0.1,0,8.95
9/25/1931,5.6,0,0,8.95
9/26/1931,8.5,0,0,9.12
9/27/1931,8.1,0,0,9.12
9/28/1931,10,0,0,9.12
9/29/1931,9.2,0,0,8.63
9/30/1931,8.7,0,0,8.48
10/1/1931,10.5,0,0,8.32
10/2/1931,12.8,0,0,8.63
10/3/1931,14.5,0,0,9.12
10/4/1931,12.2,0,0,9.65
10/5/1931,11.7,0,0,9.65
10/6/1931,13,0,0,10.3
10/7/1931,12,4.4,2.8,10.7
10/8/1931,10.5,0,0,10.5
10/9/1931,9,0,0,8.79
10/10/1931,11.5,0,0,8.63
10/11/1931,10.6,0,0,8.32
10/12/1931,11.2,0,0,8.01
10/13/1931,11.4,0,0,7.69
10/14/1931,12.5,0,0,7.38
10/15/1931,6.1,0,0,6.96
10/16/1931,4.6,0,0,6.26
10/17/1931,4.2,0,0,6.12
10/18/1931,5.4,0,0,5.98
10/19/1931,5.8,0,0,5.86
10/20/1931,7.7,0.2,0.2,5.61
10/21/1931,6.9,0,0,5.49
10/22/1931,5.2,0,0,4.99
10/23/1931,9.7,4.1,2.2,4.87
10/24/1931,12.8,5.5,5.2,7.38
10/25/1931,6.9,10.4,6.6,8.63
10/26/1931,1.9,0.4,0.9,8.32
10/27/1931,2.6,0.1,0,6.12
10/28/1931,1.7,0,0,5.36
10/29/1931,3.2,0.4,1,4.87
10/30/1931,7.4,4,7.4,4.53
10/31/1931,8.2,0,0,4.42
11/1/1931,4.1,0,0,4.22
11/2/1931,3.8,0,0,4
11/3/1931,5.4,0,0,4.11
11/4/1931,7.6,0,0,3.78
11/5/1931,8.4,0,0,3.78
11/6/1931,7.7,0,0,3.68
11/7/1931,6.8,1.4,3.8,3.89
11/8/1931,5.6,0,0,3.89
11/9/1931,6.5,6.4,1.8,3.78
11/10/1931,8.2,0.8,2,3.68
11/11/1931,6.8,0.6,2.2,3.58
11/12/1931,6.7,0,0,3.49
11/13/1931,6.2,0,0,3.31
11/14/1931,6.1,0,0,3.13
11/15/1931,6.5,0.5,0,3.13
11/16/1931,6.1,0.2,0,3.13
11/17/1931,4.9,8.3,6.5,2.94
11/18/1931,4.9,0,0.1,3.04
11/19/1931,3,0,0,2.94
11/20/1931,3.1,0,0,2.94
11/21/1931,3,0,0,2.85
11/22/1931,2.7,0,0,2.76
11/23/1931,3.4,0.1,0,2.85
11/24/1931,5.9,0,0.1,2.85
11/25/1931,7.2,0,0,2.85
11/26/1931,8.2,0,0,2.85
11/27/1931,4.9,5.2,4.5,2.94
11/28/1931,3.7,0.2,0.3,2.76
11/29/1931,3.2,0.9,0.3,2.6
11/30/1931,3.3,0,0,2.6
12/1/1931,1.2,0,0,2.21
12/2/1931,0.2,0,0,2.06
12/3/1931,0.1,8.5,11.5,1.98
12/4/1931,7.9,9.3,6,4.32
12/5/1931,8.9,0,0.2,6.26
12/6/1931,6.7,7.7,4.5,4.53
12/7/1931,7.1,7.7,8.2,4.99
12/8/1931,6.6,0,0,4.53
12/9/1931,1.6,0,0,3.89
12/10/1931,3.2,10.2,8.8,3.4
12/11/1931,-0.8,0.9,5,3.49
12/12/1931,-4.1,0,0,2.85
12/13/1931,-2.5,0,0,2.68
12/14/1931,-2.2,0,0,2.85
12/15/1931,-2,0,0,2.76
12/16/1931,0.5,0.6,0,2.68
12/17/1931,-2.2,0,0.2,2.68
12/18/1931,-5.3,0,0,2.13
12/19/1931,-7.1,0,0,2.29
12/20/1931,-7.4,0.1,0,2.52
12/21/1931,-6.4,0,0,2.06
12/22/1931,-7.1,0,0,2.13
12/23/1931,-4.2,0,0,1.98
12/24/1931,-3.4,0,0,1.98
12/25/1931,-1.9,0,0,2.13
12/26/1931,-0.3,0,0,1.98
12/27/1931,1.8,0,0,2.06
12/28/1931,0.8,0,0,2.13
12/29/1931,0.2,7.5,6.6,1.98
12/30/1931,-3.5,4.3,0.2,1.98
12/31/1931,-5.4,0.5,0.1,2.06
1/1/1932,-8.4,0,0,1.92
1/2/1932,-2.5,43.9,39.7,1.98
1/3/1932,2.2,15.6,16,3.4
1/4/1932,3.3,0,0.4,5.36
1/5/1932,0.2,0,0,3.22
1/6/1932,1.3,1.5,1,2.85
1/7/1932,4.1,22.1,8.1,4.32
1/8/1932,3.2,13.2,11.8,6.96
1/9/1932,1.6,0.3,1.4,5.73
1/10/1932,1.2,0,0,4.11
1/11/1932,4.3,0,0,3.89
1/12/1932,2.3,0,0,3.4
1/13/1932,2.8,0,0,3.13
1/14/1932,3.3,0,0,2.94
1/15/1932,1.6,0,0,2.94
1/16/1932,0.9,0,0,2.85
1/17/1932,0.6,0,0,2.68
1/18/1932,0.5,0,0,2.6
1/19/1932,-0.6,0,0,2.6
1/20/1932,0,0,0,2.45
1/21/1932,-0.6,0,0,2.45
1/22/1932,1.4,1.6,0,2.37
1/23/1932,1.7,0,0,2.29
1/24/1932,-0.5,0,0,2.13
1/25/1932,-1.6,0,0,2.13
1/26/1932,-2.1,0,0,2.06
1/27/1932,-3.1,0,0,2.13
1/28/1932,-2,0,0,2.06
1/29/1932,-1.7,0,0,2.06
1/30/1932,-0.8,0,0,2.06
1/31/1932,-2.4,0,0,1.98
2/1/1932,-1.9,0,0,1.98
2/2/1932,-1.2,0,0,1.92
2/3/1932,0.3,0,0,1.92
2/4/1932,-0.9,0,0,1.85
2/5/1932,-0.2,0,0,1.85
2/6/1932,-1.2,0,0,1.92
2/7/1932,0.1,0,0,2.06
2/8/1932,-0.3,0,0,2.06
2/9/1932,-0.5,6.7,4,2.06
2/10/1932,-7.3,3.2,3.5,1.98
2/11/1932,-10.5,0.8,0.2,1.78
2/12/1932,-11.7,0.1,0,1.85
2/13/1932,-11.1,0,0,2.06
2/14/1932,-7.9,0,0,1.72
2/15/1932,-7,0,0,1.78
2/16/1932,-5,0,0,1.59
2/17/1932,-2.9,0,0,1.72
2/18/1932,-4.4,0,0,1.72
2/19/1932,-5.3,0,0,1.78
2/20/1932,-2.7,0,0,1.66
2/21/1932,-3.1,0,0,1.72
2/22/1932,-3.6,0,0,1.59
2/23/1932,-3.5,0,0,1.59
2/24/1932,2.4,0,0,1.66
2/25/1932,1.9,0,0,1.66
2/26/1932,-1.5,0,0,1.59
2/27/1932,-2.3,0.5,0.2,1.52
2/28/1932,-4.5,0,0,1.52
2/29/1932,-4.7,0,0,1.59
3/1/1932,-1.8,0,0,1.59
3/2/1932,0.3,0,0,1.52
3/3/1932,3.3,0,0,1.59
3/4/1932,4.9,0,0,1.66
3/5/1932,3.8,0,0,1.72
3/6/1932,2.2,1,3.9,1.78
3/7/1932,0.9,2.5,3,1.72
3/8/1932,2.7,8.4,9.2,1.66
3/9/1932,2.5,40.1,18.9,2.13
3/10/1932,-0.6,8.5,12.4,1.98
3/11/1932,-0.7,0,1,1.72
3/12/1932,-1.7,1.2,4.8,1.66
3/13/1932,-2.7,0,0,1.59
3/14/1932,0.1,0,0,1.66
3/15/1932,2.1,0,0,1.98
3/16/1932,4.8,0,0.1,2.52
3/17/1932,3.7,9.7,5.2,3.04
3/18/1932,1.9,0,1.2,3.04
3/19/1932,1.8,0,0,2.37
3/20/1932,2.9,0,0,2.21
3/21/1932,2.9,0,0,2.13
3/22/1932,1.2,1.5,1.4,2.21
3/23/1932,0.5,0,0,1.98
3/24/1932,-0.8,0,0,2.06
3/25/1932,0.3,0,0,2.13
3/26/1932,4.7,0,0,2.37
3/27/1932,5.6,0,0,2.76
3/28/1932,5.6,19.5,14,3.31
3/29/1932,5.9,1.5,3.9,4.32
3/30/1932,7.9,0,0,3.68
3/31/1932,3.7,7.3,4,3.78
4/1/1932,4.9,2.6,4.4,3.58
4/2/1932,6.3,0,0,3.89
4/3/1932,7.9,0,0,4.32
4/4/1932,10,3.2,5.5,4.99
4/5/1932,7,10.7,19,9.3
4/6/1932,4.7,0,1.7,6.54
4/7/1932,10.4,3.8,3.8,5.49
4/8/1932,3,7.3,9.1,5.61
4/9/1932,4.2,1.5,0,4.87
4/10/1932,7.5,0,0,5.12
4/11/1932,2,11.4,11,6.4
4/12/1932,1.7,0.2,1.2,5.12
4/13/1932,0.5,3.4,1.5,4.53
4/14/1932,1.5,0,0,4.32
4/15/1932,2.8,0,0,4.22
4/16/1932,4.2,0,0,4.11
4/17/1932,6.2,0,0,4.11
4/18/1932,5.8,18.5,12,4.22
4/19/1932,4,10.4,8.1,4.53
4/20/1932,3.7,0,0.3,4.42
4/21/1932,5.7,0,0,4.64
4/22/1932,9,0,0,5.73
4/23/1932,7.3,13.5,11.5,6.54
4/24/1932,5.6,7.6,7.6,7.1
4/25/1932,7.8,0.2,0.3,7.24
4/26/1932,6.4,16.2,6,7.85
4/27/1932,7.3,0,0,9.12
4/28/1932,11.1,0,0,9.3
4/29/1932,13,0,0,12
4/30/1932,12.4,0,0,16.4
5/1/1932,11.9,32.6,39.5,20.6
5/2/1932,6.7,9,13.8,33.2
5/3/1932,9.3,3.2,1.5,19.8
5/4/1932,7.1,4,3.5,17
5/5/1932,10,0,0,15.5
5/6/1932,9,0,0,15.3
5/7/1932,7.7,25.8,17.2,17
5/8/1932,3.8,3,0.8,18.2
5/9/1932,6.7,5.2,6.8,14.1
5/10/1932,6.2,0.6,1.6,13
5/11/1932,7.6,21.3,17.1,11.6
5/12/1932,12.2,0,0,25.1
5/13/1932,14.3,0,0,25.4
5/14/1932,17.4,0,0,28.6
5/15/1932,18.5,0,0,37.5
5/16/1932,14.6,0.7,5.2,40.2
5/17/1932,18.5,0.2,0.2,40.6
5/18/1932,14.3,0,0,33.8
5/19/1932,16.5,0,0,35.2
5/20/1932,17.9,0,0,41.4
5/21/1932,19,5.3,2,47.6
5/22/1932,8.6,14.2,13,46.9
5/23/1932,11.4,2.3,2.5,31.7
5/24/1932,9.2,2.2,7.5,26
5/25/1932,11,6.5,6,22.3
5/26/1932,9,0.6,15.3,21.8
5/27/1932,10.2,3,0.2,20
5/28/1932,10.4,14.3,15.2,18.7
5/29/1932,7.1,8.1,7.3,20.9
5/30/1932,10.9,8.1,3.1,19
5/31/1932,10.9,0.1,0.2,19
6/1/1932,13.2,0.2,0,19.6
6/2/1932,15.5,0,8.6,21.8
6/3/1932,15.4,0.5,0,24.1
6/4/1932,15.2,0.5,0.8,27.7
6/5/1932,13.6,4.7,3.3,30
6/6/1932,12,19.5,10.6,32.8
6/7/1932,7.6,7.5,6,30.3
6/8/1932,8.2,1.1,1,24.4
6/9/1932,10.3,0,0,21.5
6/10/1932,14.1,0,0,23.8
6/11/1932,15.9,0,0,27.7
6/12/1932,17.2,0,0,30.3
6/13/1932,16.5,0,0,34.2
6/14/1932,17.7,0,1.3,37.3
6/15/1932,15.6,7.6,14.2,40.2
6/16/1932,16.6,0.2,0.4,37.6
6/17/1932,15.2,0,0,41
6/18/1932,14.1,0,0,39.5
6/19/1932,16.5,8.1,3.9,39.8
6/20/1932,16,22.8,10.5,42
6/21/1932,11.6,18.2,19.2,53.1
6/22/1932,10.4,0.4,0.7,41.8
6/23/1932,9.9,18.9,12.6,28.3
6/24/1932,9.8,3.5,3.5,26
6/25/1932,11.6,4.1,2.4,22.3
6/26/1932,14,0,0,23.5
6/27/1932,17.1,0,0,29
6/28/1932,17.2,16.4,12,39.2
6/29/1932,16.2,3.2,2.1,50.2
6/30/1932,19.9,0.7,0,41.4
7/1/1932,18.5,15.5,10,42.4
7/2/1932,11.9,31.3,33.8,80.5
7/3/1932,14.4,0,0,59
7/4/1932,17.1,0,0,47.6
7/5/1932,19.5,0.2,0,51
7/6/1932,17.1,6.6,1,54.8
7/7/1932,16.2,7.6,2,50.6
7/8/1932,13.6,13.2,15.6,51
7/9/1932,15,7,6.6,51.7
7/10/1932,16.4,0.1,0,55.1
7/11/1932,17.8,3.1,3,61.3
7/12/1932,18.7,0.2,0.6,58.2
7/13/1932,19.9,13.7,11.4,55.9
7/14/1932,15.7,7.1,1.2,81.6
7/15/1932,14,17,12.7,69.2
7/16/1932,14.5,4.6,5.6,61.7
7/17/1932,15.5,1.1,5.6,56.3
7/18/1932,14.8,1.3,2.1,49.8
7/19/1932,16.2,0.2,0.4,46.9
7/20/1932,15,11.5,10.7,51
7/21/1932,13.6,8.6,4.8,49.8
7/22/1932,14.6,5.6,14,45.8
7/23/1932,10.9,8.7,11.3,52.5
7/24/1932,13.4,0,0,42
7/25/1932,13.9,0.7,0.3,37.6
7/26/1932,13.9,2.2,6,41
7/27/1932,14.6,0.2,0.6,34.5
7/28/1932,15.4,0,0,33.8
7/29/1932,16.7,0,0,36.2
7/30/1932,18.2,0,0,35.9
7/31/1932,18.8,1.1,0.6,37.6
8/1/1932,18.5,13.6,19.6,48
8/2/1932,12,11.3,17,62.5
8/3/1932,13,14.7,12.9,49.8
8/4/1932,12.3,5.3,9.1,43.9
8/5/1932,13.7,0.5,1,38
8/6/1932,15.3,0,0,32
8/7/1932,19,0,0,34.2
8/8/1932,18.3,0,0,38.8
8/9/1932,18.5,0,0,37
8/10/1932,19,0,0,38.8
8/11/1932,21.2,0,0,42.4
8/12/1932,20.4,1.4,7.6,47.2
8/13/1932,20.6,0.4,7,45.8
8/14/1932,20.5,0.1,0.8,47.6
8/15/1932,21.1,0,0,48.8
8/16/1932,21.8,0,0,50.2
8/17/1932,21.5,0,0,51.3
8/18/1932,22.5,0,0,47.2
8/19/1932,21.5,0,0,42.8
8/20/1932,22,0,0,47.2
8/21/1932,19.8,21.1,11.6,52.6
8/22/1932,20,0,0.3,58
8/23/1932,21.4,7.8,6.5,49.4
8/24/1932,18.7,0.2,6,51.7
8/25/1932,19.7,0,0,43.2
8/26/1932,20.5,0,0,44.7
8/27/1932,21.1,0,0,44.3
8/28/1932,18.1,0,0.2,40.2
8/29/1932,16,8.2,0.8,35.6
8/30/1932,18.1,3,12.1,40.6
8/31/1932,17.4,1.8,1.9,40.2
9/1/1932,15.8,5.3,2.3,33.1
9/2/1932,16,0,0,28.6
9/3/1932,17.4,0,0,32
9/4/1932,16.2,7.9,3.1,37
9/5/1932,17.1,0,0,27.7
9/6/1932,16.4,0,0,25.7
9/7/1932,17.3,0,0,29.4
9/8/1932,16,0,0,28.3
9/9/1932,19.2,0,0,28.6
9/10/1932,17.5,3.9,1.2,33.8
9/11/1932,18.3,0,0,38.8
9/12/1932,18.7,0,0,39.5
9/13/1932,17.8,0,0,33.1
9/14/1932,18.1,0,0,32.8
9/15/1932,17.5,0,0,31.4
9/16/1932,17.4,0,0,29.7
9/17/1932,18.1,0,0,30.3
9/18/1932,17,6.7,9.5,29
9/19/1932,17,0.1,0,28.6
9/20/1932,17.7,0.1,0.3,27
9/21/1932,15.7,0.8,12.7,33.3
9/22/1932,13.7,0,0,26.6
9/23/1932,15.6,0.3,0.6,25.4
9/24/1932,14.4,2.5,2,24.8
9/25/1932,14.4,2.1,1.9,21.7
9/26/1932,15.4,1.5,0.3,19.2
9/27/1932,10.6,1.2,0.4,16.4
9/28/1932,11.5,0,0,14.8
9/29/1932,12.8,0.5,1.6,20.3
9/30/1932,12.6,1.3,1.8,32.4
10/1/1932,10.7,0,0,22
10/2/1932,11.9,3.4,12.2,17.1
10/3/1932,13.3,6.1,4,20.6
10/4/1932,6.4,3.7,0.1,17.1
10/5/1932,5.4,0,0,11.5
10/6/1932,6.4,0,0,10.1
10/7/1932,8.2,0.3,0.2,9.38
10/8/1932,11.5,0,0,9
10/9/1932,9.7,3.7,5.6,9.93
10/10/1932,8.8,2.8,3.8,9.38
10/11/1932,8.8,0,0.8,7.96
10/12/1932,8.5,0,0,7.13
10/13/1932,9.5,0,0,6.66
10/14/1932,11.3,4.4,5.2,6.66
10/15/1932,8.5,4,4.1,6.66
10/16/1932,8.1,2.8,1.4,6.08
10/17/1932,8.8,0.6,0.5,6.36
10/18/1932,10.6,2,0.5,6.51
10/19/1932,5.6,2,0.5,6.22
10/20/1932,7.9,0,0,5.65
10/21/1932,9.5,0,0,6.22
10/22/1932,9.5,0,0,6.08
10/23/1932,11.4,0.6,0,6.08
10/24/1932,10.9,12.2,14.2,6.8
10/25/1932,5.4,9.8,14.5,11.1
10/26/1932,6,42.9,13.2,23.8
10/27/1932,7.8,3.4,0.8,30.3
10/28/1932,5.4,0.5,0.9,16.8
10/29/1932,3.9,3.5,2,12.2
10/30/1932,3.1,11,4.6,10.1
10/31/1932,2.5,23.8,22.5,9.19
11/1/1932,2.2,5.1,0.5,8.45
11/2/1932,3,0,0.3,7.62
11/3/1932,5.1,0,0,7.62
11/4/1932,4.6,0,0,8.28
11/5/1932,4.8,0,0,8.12
11/6/1932,3.8,0,0,7.62
11/7/1932,3.3,3.8,0.3,7.3
11/8/1932,5.9,0,0,6.96
11/9/1932,5,0,0.2,6.66
11/10/1932,6.2,0,0,6.66
11/11/1932,5.2,0,0,6.66
11/12/1932,5.1,0,0,6.51
11/13/1932,4.7,0,0,6.08
11/14/1932,2.5,0,0,5.93
11/15/1932,3.6,0,0,5.79
11/16/1932,3.1,0,0,5.5
11/17/1932,1.5,0,0,5.23
11/18/1932,0.3,0,0,5.1
11/19/1932,2.3,0,0,4.98
11/20/1932,5.2,0,0,4.72
11/21/1932,7.6,8.8,4.2,4.85
11/22/1932,5.4,0.2,0.5,4.85
11/23/1932,6.5,0,0,4.59
11/24/1932,8.6,0,0.8,4.46
11/25/1932,9.6,4.3,4.2,4.33
11/26/1932,6.3,0,0,4.2
11/27/1932,4.4,4.7,4.9,3.75
11/28/1932,3.8,1.5,1.8,4.2
11/29/1932,2.5,0,0,3.75
11/30/1932,1.6,0,0,3.75
12/1/1932,1.9,0,0,3.53
12/2/1932,3.6,0,0.5,3.97
12/3/1932,3.6,0,0,3.86
12/4/1932,3.4,5.6,6.6,3.64
12/5/1932,3.1,0,0,3.64
12/6/1932,-2,0,0,2.98
12/7/1932,-2.2,0,0,3.09
12/8/1932,-3,7,3,2.79
12/9/1932,-1.6,3.6,0.5,3.09
12/10/1932,-0.2,0.1,0,3.2
12/11/1932,0.7,0,0,2.98
12/12/1932,0.7,0,0,3.09
12/13/1932,0,0,0,3.09
12/14/1932,2,0,0,3.09
12/15/1932,3.5,0,0,2.98
12/16/1932,4.7,0,0,3.09
12/17/1932,2.7,0,0,3.09
12/18/1932,1,0,0,2.79
12/19/1932,0.9,0,0,2.98
12/20/1932,1,0,0,2.79
12/21/1932,0.4,0,0,2.88
12/22/1932,2.7,0,0,2.7
12/23/1932,0.4,0,0,2.61
12/24/1932,2.1,1.7,0,2.61
12/25/1932,3.3,0.1,0,2.7
12/26/1932,0.5,0,0,2.7
12/27/1932,1.2,0,0,2.42
12/28/1932,-1.2,0,0,2.23
12/29/1932,-0.6,0,0,2.32
12/30/1932,-0.1,0,0,2.32
12/31/1932,0.5,0,0,2.23
1/1/1933,0.9,0,0,2.07
1/2/1933,0.4,0,0,2.16
1/3/1933,2.5,0,0,2.07
1/4/1933,2.5,1.4,2.8,2.25
1/5/1933,0.2,1.9,0,1.99
1/6/1933,-0.1,0,1.5,1.99
1/7/1933,-2.2,0,0,1.83
1/8/1933,0.1,5.6,5.6,1.91
1/9/1933,2.4,10.9,1.9,2.16
1/10/1933,0,0.6,0,2.07
1/11/1933,-3,0,0,1.59
1/12/1933,-3.9,0,0,1.52
1/13/1933,-4.2,0,0,1.52
1/14/1933,-4,0.1,0,1.59
1/15/1933,-3.8,0,0,1.75
1/16/1933,-2.7,0,0,1.75
1/17/1933,-1.5,0,0,1.75
1/18/1933,-1.6,2.1,3.2,1.75
1/19/1933,-1.2,0.2,0.3,1.83
1/20/1933,-1.7,0.6,0.1,1.67
1/21/1933,-5.3,0,0,1.67
1/22/1933,-6.8,0,0,1.59
1/23/1933,-8.3,0,0,1.59
1/24/1933,-8.6,0,0,1.59
1/25/1933,-7.9,0,0,1.59
1/26/1933,-7.6,0,0,1.59
1/27/1933,-5.9,0,0,1.59
1/28/1933,-4.5,0,0,1.59
1/29/1933,-2.2,0.4,0,1.59
1/30/1933,-0.3,4.5,6,1.67
1/31/1933,2.2,0.9,3.8,1.67
2/1/1933,2.5,0,0,1.52
2/2/1933,4.7,41.6,32,2.43
2/3/1933,4,9.6,11.4,10
2/4/1933,3.9,6.8,7,8.57
2/5/1933,7.1,0,0,7.78
2/6/1933,5,0,0,5.72
2/7/1933,3.5,8.6,6.8,4.56
2/8/1933,4.9,4.7,6.8,4.18
2/9/1933,5.2,0.2,0,5.06
2/10/1933,5.2,23,21.5,5.58
2/11/1933,1.4,0.2,2.8,6.28
2/12/1933,-1.8,4.5,0,4.31
2/13/1933,-2.2,0,0,3.74
2/14/1933,-0.2,0,0,3.52
2/15/1933,0.9,0,0,3.42
2/16/1933,-1.2,0,0,3.21
2/17/1933,-2.4,1.9,0.8,2.81
2/18/1933,-2.6,4.7,0.6,2.72
2/19/1933,-5.2,0.4,0.3,2.63
2/20/1933,-3.1,0.5,0.3,2.63
2/21/1933,-4.6,0,0.1,2.54
2/22/1933,-5.1,5.5,2.2,2.25
2/23/1933,-4.1,0.8,0,2.16
2/24/1933,-3.7,0,0,2.07
2/25/1933,-4.7,0,0,1.91
2/26/1933,-1.7,0,0,1.83
2/27/1933,0.5,0,0,1.91
2/28/1933,1.6,0,0,1.99
3/1/1933,2.4,0,0,1.99
3/2/1933,4.8,0,0,1.99
3/3/1933,6.8,1,0,2.25
3/4/1933,6.4,0.3,0.4,2.44
3/5/1933,5.4,8.3,4.3,2.9
3/6/1933,3.5,0,0,3
3/7/1933,4.4,5.8,5.1,2.81
3/8/1933,4,0.4,0.5,3
3/9/1933,4.7,0,0,2.72
3/10/1933,2.6,0,0,2.81
3/11/1933,3.3,0,0,2.9
3/12/1933,3.3,0,0,2.81
3/13/1933,4.6,0,0,3.21
3/14/1933,6.9,0,0,3.32
3/15/1933,6.6,0,0,3.42
3/16/1933,7.1,0,0,3.63
3/17/1933,7.6,2.8,4.4,3.63
3/18/1933,4.8,2.5,2.3,3.63
3/19/1933,8,12.5,9.9,3.21
3/20/1933,3.9,19.8,20,4.06
3/21/1933,0.7,0,0,3.85
3/22/1933,1.1,0,0,3.52
3/23/1933,1.2,0,0,3.63
3/24/1933,3.2,0,0,3.63
3/25/1933,2.5,0,0,3.96
3/26/1933,4.1,0,0,4.06
3/27/1933,5.7,0,0,4.18
3/28/1933,7,0,0,4.06
3/29/1933,8.4,0,0,5.06
3/30/1933,9.6,0,2.2,5.86
3/31/1933,5.7,1.5,0.6,6.14
4/1/1933,6.6,0,0,5.18
4/2/1933,5.4,0,0,5.18
4/3/1933,7.5,0,0,4.81
4/4/1933,10.2,0,0,4.94
4/5/1933,8.9,0,0,6.41
4/6/1933,9.4,0,0,7.16
4/7/1933,9.6,0,0,7.78
4/8/1933,9.4,1.9,2.2,7.78
4/9/1933,9.7,0,0,7.46
4/10/1933,12.2,0,0,7.62
4/11/1933,12.4,0,0,8.78
4/12/1933,12.1,14.9,15.1,11.2
4/13/1933,11.2,0.2,1,19.4
4/14/1933,9.1,0,0,15.6
4/15/1933,10.5,0,0,15.4
4/16/1933,11.4,0,0,16.1
4/17/1933,11.9,0,0,16.6
4/18/1933,11,9.5,7.1,16.6
4/19/1933,2.9,1.1,1,15.8
4/20/1933,3.1,5.1,5,12
4/21/1933,1.3,2.6,0.9,10.2
4/22/1933,1.6,6.4,6.6,8.95
4/23/1933,2,0.1,0,8.42
4/24/1933,6.7,0.3,1.4,8.6
4/25/1933,11.6,4.9,5,10
4/26/1933,9,2.8,5,14.2
4/27/1933,8.2,8.1,6.2,13.3
4/28/1933,9.5,5.1,1.5,13.1
4/29/1933,9.5,5.1,2.6,13.5
4/30/1933,12,6.4,2,15.1
5/1/1933,12.2,4.5,0.9,18.4
5/2/1933,13.6,0,0,21.2
5/3/1933,11.9,16.5,26.6,28.2
5/4/1933,11.2,0,0,28.2
5/5/1933,14.4,0,0,23.5
5/6/1933,11.9,0.7,1.6,22.4
5/7/1933,8.7,21.1,18.5,21.2
5/8/1933,7.7,5.4,8.4,23.2
5/9/1933,11.1,3.4,4.6,21.2
5/10/1933,7.5,3,4.6,21.8
5/11/1933,6,22.8,13.5,19.1
5/12/1933,7.4,7.2,5.1,17.8
5/13/1933,9.4,2.9,5.6,17.6
5/14/1933,9.7,17.7,19.5,19.6
5/15/1933,7.3,0,0.4,25.3
5/16/1933,10.8,1.6,2.6,20.2
5/17/1933,9.8,7.5,12.2,22.4
5/18/1933,11.4,0.3,0.3,24.7
5/19/1933,10.5,0,0,21.5
5/20/1933,12,0,0,20.4
5/21/1933,14.5,0,0,22.4
5/22/1933,15,0,0,24.7
5/23/1933,19.5,1.3,0,25.9
5/24/1933,14.1,7.9,14.4,25.3
5/25/1933,12.1,6.6,11.2,29.1
5/26/1933,7.4,4.2,5.8,25
5/27/1933,6.5,2.8,2.5,20.4
5/28/1933,7.2,10.5,10.3,18.6
5/29/1933,7.2,10.6,11.7,21
5/30/1933,8.4,3.3,4.1,21
5/31/1933,11.4,0.4,1.2,20.2
6/1/1933,8.4,10.6,10.9,20.4
6/2/1933,11.9,0,0,20.7
6/3/1933,14.4,0,0,22.4
6/4/1933,16.6,0,0,25.9
6/5/1933,17.2,0,0,31.4
6/6/1933,19,0,0,34.3
6/7/1933,16.3,0,0,35.3
6/8/1933,15,0,0,32.2
6/9/1933,14.4,0,0,28.1
6/10/1933,11.2,15.9,13.1,24.1
6/11/1933,9.7,15.6,9.8,22.6
6/12/1933,9.3,12.1,22.4,22.6
6/13/1933,11.2,2.6,1.5,23.5
6/14/1933,12.9,0.6,1,22.1
6/15/1933,14.2,13.2,4.3,23.8
6/16/1933,14.6,5.1,2.7,27.5
6/17/1933,15.1,11,14.3,29.4
6/18/1933,11.1,1.5,0.2,32.8
6/19/1933,11.9,3.4,6.8,24.7
6/20/1933,16,3.4,2.4,27.2
6/21/1933,10.5,14.9,16.5,34.3
6/22/1933,8.2,3,6.5,36.4
6/23/1933,11,3.3,1.4,28.1
6/24/1933,13.1,3.3,1,24.1
6/25/1933,12.4,8.2,14.2,27.4
6/26/1933,12.2,3,3.8,30.4
6/27/1933,14.1,0,0.5,26.8
6/28/1933,13.5,11.5,12.1,24.7
6/29/1933,9.7,10.7,11.9,28.4
6/30/1933,11.4,1.9,1,27.8
7/1/1933,12.5,0,0,24.1
7/2/1933,16.3,0,0,23.8
7/3/1933,17,0,0,26.2
7/4/1933,18.4,0,0,31.1
7/5/1933,19.3,0,0,40.8
7/6/1933,19.8,0,0,48.8
7/7/1933,17.8,4.1,12.5,58.2
7/8/1933,20.5,0,0,56.1
7/9/1933,19.9,0.8,28.2,56.8
7/10/1933,20.5,0,0,56.4
7/11/1933,19.7,1.8,0,53
7/12/1933,16.3,10.4,8.6,53.8
7/13/1933,18.1,0,0,52.2
7/14/1933,16.6,21.8,24.8,56.4
7/15/1933,16,14,14.6,79.8
7/16/1933,12.3,5.6,4.6,64.9
7/17/1933,14.6,0,0,41.9
7/18/1933,16.1,0,0,34.6
7/19/1933,18.8,0,0,36.7
7/20/1933,17.5,31.2,4.8,43
7/21/1933,19.2,0,0,46.6
7/22/1933,16.2,5.5,2.9,46.6
7/23/1933,17.6,0,1,45.8
7/24/1933,17.3,0,0,41.5
7/25/1933,18.6,0,0,39.7
7/26/1933,20.6,0,0,43.3
7/27/1933,22.8,0,0,52.2
7/28/1933,21.5,0,12,59.3
7/29/1933,17,25.8,32.9,57.9
7/30/1933,13.5,1.4,0.1,66.7
7/31/1933,16.8,0,0,38.2
8/1/1933,16.1,0,0,33.6
8/2/1933,16.5,0,0,29.4
8/3/1933,16.2,0,0,27.8
8/4/1933,17,0,0,30.8
8/5/1933,18.7,0,0,36.4
8/6/1933,20.1,0,0,38.6
8/7/1933,20.4,0,1.9,43.3
8/8/1933,22,0,0,45.2
8/9/1933,22.4,0,0,49.2
8/10/1933,23.6,0,3.1,55.7
8/11/1933,24.1,0,2.1,64.1
8/12/1933,21.9,2.2,12.2,75
8/13/1933,19.7,0,0,72.2
8/14/1933,19.6,4.6,4.9,50.8
8/15/1933,16.4,0.4,8.5,45.8
8/16/1933,18.1,2.6,3.2,39.8
8/17/1933,18.3,0.3,0.5,38.7
8/18/1933,19.5,0,0,37.9
8/19/1933,21.1,0,0,50.2
8/20/1933,21,16.8,21.5,58.2
8/21/1933,15.3,5.7,2.4,64.6
8/22/1933,11.5,10.5,12,40.5
8/23/1933,16,0.7,2,30.6
8/24/1933,14.8,0,0,27.5
8/25/1933,14.6,0,0,23.5
8/26/1933,16.6,0,0,24.4
8/27/1933,16.5,0,0,26.3
8/28/1933,16.5,0,0,24.4
8/29/1933,16.7,0,0,23.5
8/30/1933,15.7,0,0,22.9
8/31/1933,16.7,0,0,22.9
9/1/1933,17.4,0,2.2,22.9
9/2/1933,15.1,0,0,21.1
9/3/1933,15.1,0,0,19
9/4/1933,13.9,0,0,20.2
9/5/1933,13.9,0,0,20.2
9/6/1933,15.5,0,0,21.1
9/7/1933,17.9,0,0,25
9/8/1933,15.5,14.2,23,26.9
9/9/1933,13.7,14,17.3,28.2
9/10/1933,13.2,4.7,0.8,25.3
9/11/1933,15.6,0,0,22.9
9/12/1933,15.1,2.6,2.1,26.3
9/13/1933,15.1,17.4,27,25
9/14/1933,12,20.1,19.7,41.7
9/15/1933,10.9,0,0,22.6
9/16/1933,12.4,0,0,19.6
9/17/1933,15.7,1,25.7,23.2
9/18/1933,15.1,2,1.5,30.4
9/19/1933,14,17.4,19.8,35.3
9/20/1933,14.7,13.9,13.6,43.9
9/21/1933,11.4,27.2,29.5,38.7
9/22/1933,10.2,2.3,1.9,43.6
9/23/1933,11.7,0,0,28.2
9/24/1933,12.6,0,0,22.3
9/25/1933,14.1,0.1,0,19.9
9/26/1933,14.3,0,0,23.8
9/27/1933,15.4,0,0,30.9
9/28/1933,14.8,0,0,31.8
9/29/1933,14.6,0,0,24.4
9/30/1933,14.5,0,0,20.8
10/1/1933,15.8,0,0,20.8
10/2/1933,15.5,0,1,22
10/3/1933,15,0.2,0,20.8
10/4/1933,14.6,0,0,18.2
10/5/1933,14.2,0,0,16
10/6/1933,11.9,0,0,14.6
10/7/1933,13.2,0,0,14.6
10/8/1933,14.7,6.2,7.5,19.6
10/9/1933,13.6,14.7,9.2,26.3
10/10/1933,11.7,0,0,18.5
10/11/1933,13.6,6.5,4,15
10/12/1933,9.4,28.8,34.1,19.6
10/13/1933,6.7,1.8,2,19.3
10/14/1933,5.9,0,0,14
10/15/1933,7.8,0,0,12.2
10/16/1933,6.7,2.6,2.2,10.9
10/17/1933,6.4,3.3,8.4,10.3
10/18/1933,4.3,0,0,9.51
10/19/1933,2.7,0,0,9.11
10/20/1933,6.6,0.1,0.5,9.11
10/21/1933,9.7,0,0,10.5
10/22/1933,8.7,0,0,10.7
10/23/1933,9.5,0,0,10.5
10/24/1933,11.1,0.9,3,10.9
10/25/1933,8.6,11.9,6.5,10.3
10/26/1933,4.7,4.8,9,10.5
10/27/1933,3.4,0,0,9.51
10/28/1933,6.6,17.1,21,8.72
10/29/1933,2.5,1,1,9.11
10/30/1933,3.2,3.8,2,8.72
10/31/1933,2,0.6,0.5,8.36
11/1/1933,5,4.6,4.8,8.18
11/2/1933,5.2,0,0.2,8.36
11/3/1933,2.8,6.9,5.4,8.18
11/4/1933,2.2,1.2,0,7.84
11/5/1933,3.2,0,0,7.48
11/6/1933,3.7,0,0,7.66
11/7/1933,4.7,0,0,7.3
11/8/1933,3.3,0,0,6.95
11/9/1933,2.5,0,0,6.63
11/10/1933,1.3,0,0,6.63
11/11/1933,1,5.1,6.4,6.31
11/12/1933,-0.3,0,0,5.99
11/13/1933,-0.2,0.4,0.3,5.83
11/14/1933,1.6,0,0,5.83
11/15/1933,2.2,0,0,5.51
11/16/1933,2.8,0,0,5.35
11/17/1933,4.9,0,0,5.35
11/18/1933,5.6,0,0,6.95
11/19/1933,13.1,0,0,8.54
11/20/1933,6.3,0,0,9.11
11/21/1933,6.4,0,0.1,9.11
11/22/1933,8.4,0,0.1,8.36
11/23/1933,7.1,1.9,1.5,7.66
11/24/1933,1.7,16,11.6,6.95
11/25/1933,0.6,3.7,5.5,6.47
11/26/1933,-0.2,11.5,5.6,5.99
11/27/1933,-0.5,0.5,0.2,5.51
11/28/1933,-0.9,0,0,5.21
11/29/1933,-0.1,17.7,11.8,4.92
11/30/1933,1.2,0,1.5,4.92
12/1/1933,1.4,0,0,4.5
12/2/1933,-1.1,0,0,4.36
12/3/1933,-1.7,0,0,4.22
12/4/1933,-2.3,0,0,4.22
12/5/1933,-0.7,0,0,4.22
12/6/1933,-0.6,0,0,4.08
12/7/1933,0.8,0.3,0.1,3.94
12/8/1933,-0.4,0,0,3.82
12/9/1933,-2.2,0,0,3.45
12/10/1933,-3.5,0,0,2.97
12/11/1933,-4.1,0,0,3.09
12/12/1933,-4.1,0,0,2.85
12/13/1933,-5.4,0.8,0.3,3.21
12/14/1933,-4.2,3.3,0.8,2.97
12/15/1933,-9,4.3,3.6,2.97
12/16/1933,-10.2,0,0,2.62
12/17/1933,-9.9,0.2,0,2.62
12/18/1933,-9.2,0,0,2.62
12/19/1933,-6.7,0,0,2.62
12/20/1933,-7,0,0,2.62
12/21/1933,-3.3,0,0,2.52
12/22/1933,-3,0,0,2.52
12/23/1933,-2.8,0,0,2.52
12/24/1933,-2.2,0,0,2.52
12/25/1933,-1.4,0,0,2.62
12/26/1933,-1.7,0,0,2.73
12/27/1933,-1.6,0,0,2.52
12/28/1933,-0.5,0,0,2.52
12/29/1933,-0.7,0.6,1.3,2.42
12/30/1933,-1.2,3,3.8,2.42
12/31/1933,-0.7,0,0.4,2.31
1/1/1934,-1.4,0,0,2.13
1/2/1934,-2.6,0,0,2.13
1/3/1934,-1.9,0,0,2.04
1/4/1934,-2.9,0,0,1.96
1/5/1934,0.2,9.4,8.8,2.04
1/6/1934,-3.4,0,0,2.04
1/7/1934,-3.8,0,0,1.87
1/8/1934,-2.2,0,0,1.87
1/9/1934,-3.6,0,0,1.96
1/10/1934,-4.3,0,0,1.78
1/11/1934,-3.9,0,0,1.78
1/12/1934,2.6,4.8,4.3,1.87
1/13/1934,2,5.2,6,2.04
1/14/1934,1.2,3.2,2.5,1.87
1/15/1934,4.3,3.6,4,2.04
1/16/1934,0.6,9.2,10.3,2.04
1/17/1934,0.4,5.1,5.8,1.87
1/18/1934,3.8,13.5,2.5,2.69
1/19/1934,4.5,4,5,4.09
1/20/1934,0.9,0.4,2.2,3.25
1/21/1934,0.6,0,0,2.69
1/22/1934,-2.2,0,0,2.31
1/23/1934,-2.4,0,0,2.22
1/24/1934,-2.5,0,0,2.22
1/25/1934,-2,0,0,2.13
1/26/1934,0.3,0,0,2.04
1/27/1934,1.8,6,16.6,2.22
1/28/1934,1.5,14,6.8,2.22
1/29/1934,-0.4,1,0.6,2.13
1/30/1934,-1.1,0,0,1.96
1/31/1934,-1.2,5.6,5,1.96
2/1/1934,-1.3,3.2,1.3,1.96
2/2/1934,-7.4,0.1,0,1.78
2/3/1934,-8.1,0,0,1.35
2/4/1934,-7.1,0,0,1.52
2/5/1934,-7.6,0,0,1.69
2/6/1934,-4.7,0,0,1.69
2/7/1934,-2.7,0,0,1.69
2/8/1934,-3,0,0,1.87
2/9/1934,-0.4,0,0,2.04
2/10/1934,-0.6,0,0,2.04
2/11/1934,0.6,0,0,2.22
2/12/1934,0.1,0,0,2.22
2/13/1934,1.4,0,0,2.31
2/14/1934,0.1,0,0,2.4
2/15/1934,1.7,0,0,2.4
2/16/1934,-0.1,0,0,2.22
2/17/1934,0.7,0,0,2.31
2/18/1934,0.6,0,0,2.31
2/19/1934,-0.5,0,0,2.58
2/20/1934,-0.4,0,0,2.58
2/21/1934,0.2,0,0,2.49
2/22/1934,1.5,0,0,2.4
2/23/1934,3,0,0,2.58
2/24/1934,0.6,0,0,2.8
2/25/1934,4.6,0,0,2.58
2/26/1934,4.3,0,0,2.8
2/27/1934,4.2,0,1.2,2.69
2/28/1934,-0.5,5,6.1,2.58
3/1/1934,-1.1,4.3,14.7,2.49
3/2/1934,0.6,0,0.2,2.4
3/3/1934,1.1,4.4,5,2.4
3/4/1934,1.1,1.9,0.9,2.22
3/5/1934,-0.6,0,0,2.22
3/6/1934,2.1,0,0,2.13
3/7/1934,2.4,14.6,11.3,2.31
3/8/1934,2.5,0,0,2.4
3/9/1934,2.2,4.2,0,2.4
3/10/1934,4.5,14.6,3.8,2.4
3/11/1934,6.5,0,0.2,2.58
3/12/1934,5.7,12.6,14.7,3.25
3/13/1934,1.2,0,0.1,3.03
3/14/1934,2,0,0,2.8
3/15/1934,2.9,4.7,6.5,2.8
3/16/1934,2,0,0,2.8
3/17/1934,4.2,0,0,2.49
3/18/1934,2.3,4.6,6.8,2.49
3/19/1934,2.2,0,0,2.49
3/20/1934,4.2,3.4,1.5,2.58
3/21/1934,4.1,2.8,0.2,2.8
3/22/1934,4.4,2.6,1.6,2.8
3/23/1934,5.1,0,0,2.92
3/24/1934,5.3,0,0,3.14
3/25/1934,5.7,0,0,3.25
3/26/1934,7,0,0,4.22
3/27/1934,5.1,0,0,5.15
3/28/1934,6.1,0,0,5.3
3/29/1934,7.2,4.7,0,6.36
3/30/1934,8.3,0,0,7.21
3/31/1934,8.6,0,0,8.26
4/1/1934,8.6,0,0,9.03
4/2/1934,9,0.2,0.3,9.62
4/3/1934,6.8,0.1,0,10
4/4/1934,4.7,0,0,9.22
4/5/1934,5.2,0.5,1,7.74
4/6/1934,7.7,0,0,7.56
4/7/1934,9.7,0,0,8.26
4/8/1934,10.1,2.3,4.5,8.65
4/9/1934,6.7,5,12.6,9.42
4/10/1934,6.9,0,0,8.26
4/11/1934,11.5,0,0,8.46
4/12/1934,12.1,2.9,2.5,10.6
4/13/1934,11.1,0,0.2,12.7
4/14/1934,12.1,0,0,13.9
4/15/1934,16.1,0,0,18
4/16/1934,16.7,0,0,22.6
4/17/1934,17.2,0,0,25.2
4/18/1934,15.2,0,0,22.6
4/19/1934,14.7,0,0,18.9
4/20/1934,8.7,6.2,2.5,17
4/21/1934,11.8,0,0,14.8
4/22/1934,9.1,11.9,36.7,16.4
4/23/1934,7.3,15.7,11.2,18.6
4/24/1934,8.1,0,1.2,15.6
4/25/1934,7.1,0.4,0,13.2
4/26/1934,8.7,0,0,11.6
4/27/1934,9.9,0,0,11.9
4/28/1934,9.4,0,0,11.9
4/29/1934,12.7,0,0,11.4
4/30/1934,15.4,0,0,14.1
5/1/1934,15.5,0,3,16.4
5/2/1934,13.8,0,1.9,17.2
5/3/1934,14.1,29,16.5,16.1
5/4/1934,10.2,11.6,19,23.2
5/5/1934,11.7,0.8,3.3,22.6
5/6/1934,12.5,0,0.1,20.1
5/7/1934,12.2,7.2,9.3,18.6
5/8/1934,9.1,0,0.1,18.9
5/9/1934,11,0,0,17.2
5/10/1934,12.9,0,0,18.6
5/11/1934,16.1,0,0,20.7
5/12/1934,14.5,23.9,5.9,22.9
5/13/1934,15.8,0.4,0,23.8
5/14/1934,14.9,1.8,4,24.2
5/15/1934,11.4,0,0.2,24.5
5/16/1934,12.3,16.2,0.1,21.9
5/17/1934,8.1,2.2,1,19.8
5/18/1934,11.9,0,1,17.5
5/19/1934,13.5,0,0.1,19.2
5/20/1934,14.5,3.7,0.1,20.4
5/21/1934,16,0,0,21.3
5/22/1934,17,0,0,24.5
5/23/1934,18.6,0,0,27.5
5/24/1934,17.5,0,0,30.2
5/25/1934,15.8,0,0,27.8
5/26/1934,16,0,0,25.2
5/27/1934,12.5,0,0,22.6
5/28/1934,13.9,0,0,22.2
5/29/1934,15,0,0,24.5
5/30/1934,16.8,0,1,24.5
5/31/1934,13.5,5.7,1.4,24.5
6/1/1934,14.6,5.8,2.5,23.8
6/2/1934,13.7,5.3,7,26.5
6/3/1934,12.5,2.6,4,24.8
6/4/1934,16.2,0.6,3.2,21.3
6/5/1934,11,31.8,19.3,25.8
6/6/1934,14.1,9.4,16.1,23.8
6/7/1934,9.2,0,2,25.2
6/8/1934,15.1,0,0,20.7
6/9/1934,16.2,0,4.9,21.3
6/10/1934,15.5,0,0,20.4
6/11/1934,17.8,11.7,26.5,20.7
6/12/1934,10.1,2.1,0.4,25.8
6/13/1934,14.6,0,0,20.7
6/14/1934,16.7,2,0.6,20.7
6/15/1934,13.4,4.1,17.3,27.2
6/16/1934,16.5,0,0,26.8
6/17/1934,18.4,0,0,28.8
6/18/1934,20.5,0,0,34.1
6/19/1934,16.9,6.5,19.7,39.9
6/20/1934,12.4,21.6,19.9,48.8
6/21/1934,13.5,0,0.2,41.4
6/22/1934,17.2,0,0,32
6/23/1934,20,0,0,34.1
6/24/1934,18.5,4.6,5.6,37.7
6/25/1934,16.6,29.7,34,43.7
6/26/1934,16.3,1,2.2,60.2
6/27/1934,16.6,0,0,43.7
6/28/1934,15.2,30.4,41.7,40.2
6/29/1934,10.2,4.8,5.5,54.4
6/30/1934,13.1,15,19,55.4
7/1/1934,15.3,0,0,63.5
7/2/1934,18.3,0,0,49.6
7/3/1934,19.2,0,0,46.4
7/4/1934,17,0,0,43.7
7/5/1934,17.4,0,0,44.1
7/6/1934,19.7,0,0,46.8
7/7/1934,20.5,0,0,47.6
7/8/1934,20.6,0,0,47.6
7/9/1934,20.7,0,0,49.9
7/10/1934,21.9,0,1.4,51.1
7/11/1934,20.2,1.3,3.1,57.8
7/12/1934,19,0.5,3,56.2
7/13/1934,16.8,10,36.5,55.4
7/14/1934,15,21.6,23.2,51.9
7/15/1934,11.9,15.4,33.8,58.2
7/16/1934,16.1,0,0,52.3
7/17/1934,18,0,0,43.7
7/18/1934,18.9,0,0,41.4
7/19/1934,19.3,0,0,43.7
7/20/1934,19.7,3.1,6.7,46
7/21/1934,17,10.7,10.6,53.4
7/22/1934,16.4,15,3.9,52.3
7/23/1934,14.2,11.4,0.2,39.2
7/24/1934,15.6,15.4,31.7,35.9
7/25/1934,11.8,4.8,7.2,52.7
7/26/1934,15.7,0,0,35.5
7/27/1934,17.5,0,0,35.2
7/28/1934,17.9,0,0,34.8
7/29/1934,17.9,0,0,35.9
7/30/1934,17.5,0,0,38.5
7/31/1934,15.7,10.9,0,41.8
8/1/1934,16.5,3.8,4.5,45.3
8/2/1934,16.1,14.4,9.4,36.3
8/3/1934,15.3,24.8,43.4,64.6
8/4/1934,11.1,24.6,36.7,80.4
8/5/1934,14.3,0,0,55.4
8/6/1934,16.9,0,0,44.9
8/7/1934,15,0.4,1.1,45.7
8/8/1934,15.7,9,1.5,37.4
8/9/1934,15.6,1.7,3.6,34.4
8/10/1934,17.1,0,0,36.3
8/11/1934,18.5,6.2,4.3,37.8
8/12/1934,13.3,0,0.1,40.5
8/13/1934,14,0.4,1.2,27.7
8/14/1934,11.4,10,19,24
8/15/1934,10.6,2.8,2,24
8/16/1934,14,0,0,21
8/17/1934,16.7,0,0,22.3
8/18/1934,17.5,0,0,25
8/19/1934,18.1,0,0,26
8/20/1934,18.8,0,0,26.6
8/21/1934,20,1.9,2,28.4
8/22/1934,19.3,2.1,0.6,34.8
8/23/1934,17.6,10.8,11.5,40.2
8/24/1934,16.3,0,0,44.6
8/25/1934,15.6,4,0.8,30.5
8/26/1934,15.1,0.8,0.2,26.3
8/27/1934,14.7,2,1.6,26.3
8/28/1934,16.3,0.7,0.2,33.7
8/29/1934,13.4,5.1,6,27.7
8/30/1934,12.9,0,0,22
8/31/1934,11.2,17.7,13.1,20.7
9/1/1934,9.9,10,12,19.7
9/2/1934,10.3,0.5,0,17.9
9/3/1934,11.9,0,0,15.6
9/4/1934,15.8,0,0,17
9/5/1934,16.2,4,8.5,20
9/6/1934,17,0,0,29.1
9/7/1934,18.3,0,0,27.7
9/8/1934,18.4,0,0,25.6
9/9/1934,16.9,42,30.5,34.6
9/10/1934,13.4,1.5,5.5,62.4
9/11/1934,13.5,0,0,34.1
9/12/1934,15.5,0.5,1.5,27.4
9/13/1934,14.6,8,7.6,27.4
9/14/1934,15.9,1.5,0,31.6
9/15/1934,15.7,0,0.6,25.6
9/16/1934,15.9,1,2.5,25.3
9/17/1934,15.7,0,0,26.3
9/18/1934,16,0,0,23.3
9/19/1934,14.4,15,9.6,23
9/20/1934,13.6,0,0,23.6
9/21/1934,13.5,1,4.3,18.5
9/22/1934,13.4,0,0,18.5
9/23/1934,13.1,0,0,16.2
9/24/1934,15,0,0,15.9
9/25/1934,15.1,0,0,17.9
9/26/1934,14.4,0,0,16.8
9/27/1934,15,0,0,16.5
9/28/1934,15,0,0,16.8
9/29/1934,15.1,0,0,16.8
9/30/1934,15,0,0,15.9
10/1/1934,14.9,0,0,14.8
10/2/1934,14.9,0,0,14.6
10/3/1934,13.6,0.2,0,14
10/4/1934,12.4,4.5,7.3,12.8
10/5/1934,9.8,14,22.9,12.5
10/6/1934,9.2,2.5,1,9.98
10/7/1934,8.1,0,0,8.49
10/8/1934,6.9,0,0,8.28
10/9/1934,8.3,8,8.5,7.88
10/10/1934,7.1,0.5,0.4,8.92
10/11/1934,7.9,0,0,7.68
10/12/1934,8.5,0,0,7.48
10/13/1934,10.4,0,0,7.48
10/14/1934,11.5,0,0,7.48
10/15/1934,7.3,36,35.7,11.6
10/16/1934,2,5,4,11.6
10/17/1934,4.6,8.5,9.3,9.56
10/18/1934,4.4,0.5,1.2,9.35
10/19/1934,5.6,0,0,8.7
10/20/1934,7.5,0,0,8.7
10/21/1934,5.8,0,0,8.7
10/22/1934,5.2,0,0,8.7
10/23/1934,6.8,0,0,8.49
10/24/1934,7.4,0,0,8.28
10/25/1934,7.8,0,0,8.28
10/26/1934,7.5,0,0,7.88
10/27/1934,8.7,0,0,7.68
10/28/1934,8.5,0,0,7.1
10/29/1934,7.6,2,0.6,6.9
10/30/1934,8.3,0,0.1,7.1
10/31/1934,6.7,8.5,7.4,7.1
11/1/1934,2.7,0.3,4.6,6.9
11/2/1934,-0.1,0,0,5.96
11/3/1934,2.2,0,0,5.78
11/4/1934,7.8,0,0,5.96
11/5/1934,8.1,0,0,6.52
11/6/1934,6.6,0,2.7,7.29
11/7/1934,6.4,5,2.8,6.52
11/8/1934,2.8,8,15.5,6.32
11/9/1934,5.1,0,0,5.96
11/10/1934,9.3,10,14.5,5.78
11/11/1934,4.7,0,1.1,6.32
11/12/1934,4.4,0,0,6.13
11/13/1934,3.7,0,0,5.61
11/14/1934,4.6,0.7,2.5,5.44
11/15/1934,6.1,1.5,24,9.56
11/16/1934,8.1,2,3.9,9.35
11/17/1934,6.2,0,0,9.14
11/18/1934,4.9,0,0,7.88
11/19/1934,5.5,2.5,0,7.1
11/20/1934,4.1,0,0,6.13
11/21/1934,2.7,0,0,5.61
11/22/1934,0.4,0,0,5.44
11/23/1934,-1.4,0,0,5.09
11/24/1934,0.3,0,0,4.92
11/25/1934,1.4,0,0,4.4
11/26/1934,-0.5,0,0,4.57
11/27/1934,-0.4,0,0,4.57
11/28/1934,-1,0,0,4.4
11/29/1934,-1.6,0,0,4.4
11/30/1934,-1.2,0,0,4.4
12/1/1934,-2.1,0,0,4.25
12/2/1934,0.9,7,6.4,3.96
12/3/1934,6.7,12,11.6,5.96
12/4/1934,8.1,2,1.5,13.3
12/5/1934,9.1,1.5,0.8,9.98
12/6/1934,7.7,0,0,9.16
12/7/1934,6.5,0,0,8
12/8/1934,4.9,0,0,7.28
12/9/1934,7,0,0,6.59
12/10/1934,9.5,0.5,0,6.42
12/11/1934,5,0,0,6.24
12/12/1934,2.8,0,0,5.76
12/13/1934,3,0,0,5.45
12/14/1934,1.9,0,0,5.14
12/15/1934,5.5,18,24,5.14
12/16/1934,5,2,0.1,5.45
12/17/1934,4.4,0,0,4.99
12/18/1934,4.6,10,13,4.99
12/19/1934,4.1,0,0,6.42
12/20/1934,3.7,12,5.5,5.3
12/21/1934,3.7,1.5,1.8,5.14
12/22/1934,1.2,0,0,4.68
12/23/1934,1.9,0,0,4.26
12/24/1934,1.3,0.3,0,4.4
12/25/1934,2.7,0,0,4.26
12/26/1934,2,1.5,0.3,4.13
12/27/1934,3.5,3.5,4,4.26
12/28/1934,1.7,0,0,4.13
12/29/1934,3.4,2,0.9,4
12/30/1934,3.5,0,0,3.86
12/31/1934,3.1,6,9.6,3.73
1/1/1935,3.3,32,28.9,4
1/2/1935,3,0.2,0.2,4.13
1/3/1935,0.6,0,0,3.46
1/4/1935,1.9,16,16.7,3.86
1/5/1935,1.6,8,20.7,3.73
1/6/1935,-0.2,0.8,0.3,3.6
1/7/1935,-3.3,0,0,3.2
1/8/1935,-2.2,3,1.9,3.33
1/9/1935,-3.8,0.2,0.8,3.2
1/10/1935,-5.2,0,0.4,3.08
1/11/1935,-7.8,0,0,2.97
1/12/1935,-5.1,7.5,7,2.97
1/13/1935,-3.5,0,0,2.75
1/14/1935,-1.6,7,7.9,2.86
1/15/1935,1,0,0,2.97
1/16/1935,-3.1,0,0,2.64
1/17/1935,-1.5,0,0,2.75
1/18/1935,-1.1,0,0,2.75
1/19/1935,-4.3,0,0,2.64
1/20/1935,-5.9,0,0,2.53
1/21/1935,-8.3,0,0,2.3
1/22/1935,-6.2,0,0,2.42
1/23/1935,-4.9,0,0,2.42
1/24/1935,-2.7,0,0,2.42
1/25/1935,0.9,4.5,4.9,2.53
1/26/1935,1.5,6,3.8,2.64
1/27/1935,-1,0.8,2.3,2.53
1/28/1935,-1.1,0,0,2.42
1/29/1935,-2.2,0,0.3,2.42
1/30/1935,-4.4,0,0,2.42
1/31/1935,-2.8,4,2.5,2.42
2/1/1935,0.3,16,15.5,2.42
2/2/1935,2.4,8,15.9,2.42
2/3/1935,4.6,2.5,1.4,2.75
2/4/1935,4.9,22,16.7,2.86
2/5/1935,3.1,12,21.6,4
2/6/1935,1.3,0,0,3.86
2/7/1935,-2.5,0.2,0.8,3.33
2/8/1935,-4.9,0.2,0,3.08
2/9/1935,-6.7,0.5,1.7,2.75
2/10/1935,-8,0,0.1,2.64
2/11/1935,-6.6,0,0,2.64
2/12/1935,-4.2,0,0,2.3
2/13/1935,0.6,13,11,2.42
2/14/1935,3.1,40,40,4.26
2/15/1935,4.6,10,20.1,8
2/16/1935,5.2,0.8,1,8.2
2/17/1935,5.2,0,0,8
2/18/1935,2.2,0,0,7.11
2/19/1935,2.9,0,0,6.24
2/20/1935,2.8,0,0,6.07
2/21/1935,5.3,0.5,0.4,5.92
2/22/1935,5.9,12,1.2,5.76
2/23/1935,4.7,5,3.5,6.07
2/24/1935,3.7,0,0.3,5.6
2/25/1935,4.6,8.5,7,5.45
2/26/1935,3,1.5,0.2,5.14
2/27/1935,3.9,1.5,0.3,4.84
2/28/1935,4.8,5.5,0.4,4.53
3/1/1935,2.2,13,12.8,4.53
3/2/1935,1,26,25.5,4.4
3/3/1935,1.9,6.5,9,4.13
3/4/1935,1.6,8.5,8.3,4.13
3/5/1935,0.1,0.5,2.3,3.86
3/6/1935,-1.6,10,6,3.73
3/7/1935,-0.8,1.5,0.1,3.6
3/8/1935,-5.5,0,0,3.46
3/9/1935,-6.1,0,0,3.08
3/10/1935,0.6,0,0,3.2
3/11/1935,3.7,0,0,3.33
3/12/1935,0.3,0,0,3.46
3/13/1935,0.5,0,0,4
3/14/1935,2.2,0,0,4.4
3/15/1935,4.2,0,0,5.14
3/16/1935,7.2,0,0,5.92
3/17/1935,7.2,3.5,3.5,5.92
3/18/1935,6.6,0,1.5,7.28
3/19/1935,5.9,0,0,6.76
3/20/1935,7.1,0,0,7.81
3/21/1935,7.8,0,0,9.16
3/22/1935,8.2,0,2.5,10.2
3/23/1935,7.7,8,5.5,10.8
3/24/1935,6.6,25,20.6,9.98
3/25/1935,7.3,0,0,12.4
3/26/1935,8,0,0,11.2
3/27/1935,10.1,0,0,11.9
3/28/1935,8.2,0,0,12.8
3/29/1935,4,7,6,12.8
3/30/1935,0.5,0,0,10.2
3/31/1935,2,0.5,0,9.36
4/1/1935,7.8,1,0,8.78
4/2/1935,2.9,12,18.7,9.16
4/3/1935,0.9,2,0.3,8.39
4/4/1935,1.9,1.5,0.3,7.64
4/5/1935,1,5,3,7.11
4/6/1935,5,0,0,6.59
4/7/1935,6.4,0.1,0.1,6.42
4/8/1935,8.5,1.5,6.3,6.42
4/9/1935,9.9,5.5,3.6,9.36
4/10/1935,13.1,0,0,16.1
4/11/1935,12,0,0,20.6
4/12/1935,8.4,15,22,23.3
4/13/1935,6.7,9,5.1,20.3
4/14/1935,5.1,19,14.4,16.6
4/15/1935,6.7,0.3,0.3,14.3
4/16/1935,6.9,20,16.4,12.4
4/17/1935,4.2,10,15.1,12.8
4/18/1935,5.6,0.8,1.4,11.2
4/19/1935,8,0,0,10.6
4/20/1935,11.2,0,0,11.5
4/21/1935,13,0,0,13
4/22/1935,9.1,0,0,13.6
4/23/1935,10.5,5,4,13.8
4/24/1935,8.1,1.5,1.1,15.6
4/25/1935,7,8,6,14.6
4/26/1935,6.2,28,16.5,13.3
4/27/1935,6.7,3,3.1,13.3
4/28/1935,9.3,0,0,12.8
4/29/1935,9.4,0,0,13.8
4/30/1935,8.4,2,4,15
5/1/1935,6.7,0,0,15
5/2/1935,6.4,0,0,13.8
5/3/1935,9.5,0,0,15.3
5/4/1935,12.1,0,0,18
5/5/1935,13.9,0,0,21.5
5/6/1935,14,0,0,25.9
5/7/1935,12.2,18,11.9,28.2
5/8/1935,7.1,0.5,0.7,29.3
5/9/1935,9.6,1.5,0,23.3
5/10/1935,13.5,0,0,25.2
5/11/1935,14.6,2,6.2,32.9
5/12/1935,12.6,1,1.3,44.2
5/13/1935,8.2,0,0,36
5/14/1935,11,0,0,32.6
5/15/1935,6.4,9,14.6,31.4
5/16/1935,4.1,12,16.5,26.5
5/17/1935,3.6,0,1,21.7
5/18/1935,3.3,3,8,18.9
5/19/1935,5.3,0.5,0.5,17
5/20/1935,8.3,0,0,16.1
5/21/1935,12.6,0,0,17
5/22/1935,13.7,0,1.3,18.6
5/23/1935,13.7,2,0,22.9
5/24/1935,14.5,0.2,0,28.5
5/25/1935,14.9,16,9.6,35.4
5/26/1935,13.2,1,1.4,42.4
5/27/1935,15.4,0.2,0,37.4
5/28/1935,15.1,0,0.1,35.7
5/29/1935,13.8,18,22.8,37.8
5/30/1935,11.6,10,7.6,43
5/31/1935,12.8,5,10.5,44.4
6/1/1935,12.3,0,2.4,44.8
6/2/1935,12.8,7.5,0.6,40.2
6/3/1935,12,6,3,41.3
6/4/1935,14.8,5,5.3,42
6/5/1935,12,5.5,9.7,48.3
6/6/1935,13.7,0,0,49.1
6/7/1935,16.8,0,0,45.5
6/8/1935,18.4,0,0,51.2
6/9/1935,20.3,3,0,60.1
6/10/1935,21.5,0,0,65.3
6/11/1935,17,15,18.5,70.8
6/12/1935,13.7,0,0,71.9
6/13/1935,17,0,0,54.1
6/14/1935,21.1,0,0,56
6/15/1935,12.5,20,18.5,60.4
6/16/1935,13.1,0,0,46.6
6/17/1935,13.9,0,0,37.4
6/18/1935,14.5,8,8.5,34
6/19/1935,15.2,0,0,48
6/20/1935,17.2,0,0,51.2
6/21/1935,16.1,0.2,0,50.8
6/22/1935,18.1,0,0,54.1
6/23/1935,18.6,2,0,56.4
6/24/1935,18.1,0,0,55.6
6/25/1935,21.3,0,0,57.1
6/26/1935,23.3,0.8,0,65.8
6/27/1935,22.9,2,0,76.5
6/28/1935,23,0,0.2,84.3
6/29/1935,21.4,0,0,86.6
6/30/1935,21.6,0,0,80.9
7/1/1935,20.9,0,3.2,77.4
7/2/1935,18.1,17.5,21.1,68
7/3/1935,15.8,38,29,68.4
7/4/1935,15.3,0,0.3,77.1
7/5/1935,18,0.1,0,54.5
7/6/1935,18.6,0.2,0,47.2
7/7/1935,15.3,0,0,43.8
7/8/1935,17.1,0,0,41.3
7/9/1935,19.5,11,3.4,42.7
7/10/1935,16.3,2,0,45.2
7/11/1935,18.8,0,0,43.4
7/12/1935,19.9,1.1,0,47.2
7/13/1935,20,0,0,49.8
7/14/1935,19.5,0,0.4,46.9
7/15/1935,18.7,0,0,44.1
7/16/1935,19.4,0,0,43
7/17/1935,20.6,0,0,45.5
7/18/1935,18,21.5,31.3,48
7/19/1935,18.8,0,0,68
7/20/1935,18.9,4.1,3.1,56.4
7/21/1935,17.1,0,0,48.3
7/22/1935,15.5,0,0,39.2
7/23/1935,16,0,0,36
7/24/1935,18.1,0,0,40.2
7/25/1935,18.7,2,3.5,44.1
7/26/1935,17.2,4.5,3.4,39.9
7/27/1935,18.8,0.8,0,37.8
7/28/1935,21.4,0,0,39.9
7/29/1935,21.1,0,0,44.8
7/30/1935,14.6,0,0,40.6
7/31/1935,13.6,0,0,30
8/1/1935,14.3,0,0,30.7
8/2/1935,14.7,6.3,5.3,31.4
8/3/1935,14.7,6.2,2.2,27.8
8/4/1935,14.6,6.5,1.8,28.2
8/5/1935,16.5,0,0,27.2
8/6/1935,17.3,0,0.1,28.5
8/7/1935,19.2,0,0,33.4
8/8/1935,20.5,0.7,1,37.8
8/9/1935,18.2,11.3,12.7,48
8/10/1935,17.3,1.2,0.2,48
8/11/1935,18.7,0,0,40.6
8/12/1935,21.2,8.2,2.5,43.8
8/13/1935,13.4,24.8,27.2,66
8/14/1935,10.9,29.1,30.5,66.8
8/15/1935,12.9,0,0,43.8
8/16/1935,13.3,0,0,30
8/17/1935,15.7,0,0,25.9
8/18/1935,16.7,2.3,5.9,25
8/19/1935,15.2,4.4,1,27.2
8/20/1935,16.2,0,0,27.5
8/21/1935,16.5,0,0,27.8
8/22/1935,17.8,0,0,25.9
8/23/1935,19.5,5.1,9.2,27.8
8/24/1935,15.9,7.5,2.4,38.2
8/25/1935,16.4,11.3,18,44.5
8/26/1935,13.9,4.4,10.3,79.9
8/27/1935,14.2,0,0.1,44.9
8/28/1935,11.3,8.9,8.6,34.6
8/29/1935,10.6,6.5,2.1,33
8/30/1935,11.2,0,0,26.8
8/31/1935,14,0,0,24.1
9/1/1935,17.5,0,0,25.3
9/2/1935,17.8,2.9,0,25.9
9/3/1935,16.5,14.7,18.3,35.7
9/4/1935,15.4,2.3,0,42
9/5/1935,14.2,3.5,2.9,27.2
9/6/1935,16,0.6,0,30.7
9/7/1935,13.3,0,0,25
9/8/1935,12.2,0,0,20.8
9/9/1935,13.1,0.6,0.5,18.6
9/10/1935,12.1,0,0,18.9
9/11/1935,12.5,0,0,19.2
9/12/1935,15.1,0,0,19.8
9/13/1935,16.2,0.1,0,20
9/14/1935,17.8,0.1,0,23.2
9/15/1935,19,13.9,14.9,24.4
9/16/1935,12.2,0.7,0,29.7
9/17/1935,12.5,5.1,8.4,19.8
9/18/1935,12,0.6,0,17
9/19/1935,13.6,1.3,0.4,14.4
9/20/1935,16.2,0,0,25
9/21/1935,17.5,0,0,27.5
9/22/1935,18.5,0.6,0,26.5
9/23/1935,14.2,1.5,1.8,23.2
9/24/1935,13.9,0.1,0.1,19.5
9/25/1935,14,5.8,4,16.7
9/26/1935,10.9,0,0,13.8
9/27/1935,10,0,0,12.1
9/28/1935,12.2,0,0,13.6
9/29/1935,14,0.4,0,15.8
9/30/1935,14.4,11.8,10.6,18
10/1/1935,11.3,24.2,25.8,25
10/2/1935,7.1,7.8,5.8,24.4
10/3/1935,10,0,0,17
10/4/1935,11.9,7,11.9,24.7
10/5/1935,11.2,0.6,0.9,31.7
10/6/1935,10.1,6,8.1,22.6
10/7/1935,9.8,0,0,19.8
10/8/1935,11,6.5,2.1,15.4
10/9/1935,11.2,0,0,14.8
10/10/1935,13.8,0,0,14.4
10/11/1935,12.9,0,0,14.4
10/12/1935,10,3.1,0,12.6
10/13/1935,10.2,0,0,11.4
10/14/1935,9.9,3.5,1.6,11.2
10/15/1935,10.2,1.1,0.3,11
10/16/1935,10.8,0,0,9.85
10/17/1935,9.4,0,0,8.74
10/18/1935,9,0,0,8.11
10/19/1935,8.3,0,0,7.5
10/20/1935,5.1,19.5,13.2,7.1
10/21/1935,3.7,5.2,1.5,7.1
10/22/1935,4.1,6.1,1.3,6.72
10/23/1935,2.5,4.8,6,6.36
10/24/1935,2.3,3.7,2,6
10/25/1935,3.6,3.1,1.8,6
10/26/1935,3.1,1.3,0.3,5.66
10/27/1935,3.4,46.5,43.3,9.62
10/28/1935,6.6,92,84.1,49.7
10/29/1935,9.2,46,32.2,100
10/30/1935,10.9,0,0,50.5
10/31/1935,5.7,0,0,29.4
11/1/1935,7.2,0,0,22.4
11/2/1935,6.4,0,0,18.2
11/3/1935,6.4,0,0,16
11/4/1935,8.8,4,4.4,14.6
11/5/1935,7.1,0,0.1,13.1
11/6/1935,7.4,0,0,12.1
11/7/1935,4.6,0,0,11.1
11/8/1935,6.4,3,5.6,10.4
11/9/1935,6.3,0,0.4,10.4
11/10/1935,5.6,0,0,9.23
11/11/1935,6.8,0,0.2,9.02
11/12/1935,7.9,0,0.1,9.44
11/13/1935,8.9,8.3,4.5,9.65
11/14/1935,7.3,0,0,9.65
11/15/1935,6.2,0,0,8.62
11/16/1935,5.6,0,0,8
11/17/1935,3.8,15.8,17.8,8
11/18/1935,4.5,0,4,7.59
11/19/1935,3.5,0,0,6.98
11/20/1935,4.3,0,0,6.77
11/21/1935,4,0,0,6.98
11/22/1935,2.3,0,0,6.36
11/23/1935,1.9,0,0,5.59
11/24/1935,1.6,0,0,5.23
11/25/1935,1.6,0,0,5.23
11/26/1935,-0.1,0,0,4.55
11/27/1935,-0.2,0,0,4.55
11/28/1935,2.1,12.4,13.6,4.39
11/29/1935,4.8,4.6,4.2,5.78
11/30/1935,5.2,7.6,3.5,5.41
12/1/1935,5.2,32,32.9,6.16
12/2/1935,2.1,7.8,18.2,10.8
12/3/1935,1.3,14.5,11.2,7.8
12/4/1935,0.9,6,5.6,7.18
12/5/1935,-0.7,4,5.2,6.36
12/6/1935,-1.9,0,0,5.78
12/7/1935,-4.9,0,0,4.39
12/8/1935,-3.4,2,1.2,4.23
12/9/1935,-0.4,0,0.3,4.88
12/10/1935,-3.1,0,0,4.55
12/11/1935,-2.1,0,0,4.07
12/12/1935,-1.7,2,1,4.07
12/13/1935,-5.1,0,0.1,3.91
12/14/1935,-4.2,0,0,3.6
12/15/1935,-4,0,0.1,3.45
12/16/1935,-0.6,0,0.2,3.45
12/17/1935,1.1,14.3,4.2,3.45
12/18/1935,-0.7,0,0.7,3.6
12/19/1935,-2,3.5,5.3,3.3
12/20/1935,-2,6.8,4,3.6
12/21/1935,-7.1,0,0,3
12/22/1935,-6.6,0,0,2.32
12/23/1935,-3.2,18,5,2.86
12/24/1935,-0.3,0,0,3
12/25/1935,2.2,0,0,4.07
12/26/1935,3.7,18,8.3,4.88
12/27/1935,2.5,0,0,6.56
12/28/1935,4.6,8.6,13.2,5.41
12/29/1935,2.8,3,2.2,9.02
12/30/1935,1.6,0,0,7.8
12/31/1935,1.2,0,0,6.16
1/1/1936,3.2,0,0,5.59
1/2/1936,2.7,3.5,0.4,5.23
1/3/1936,4.6,26,29.7,5.97
1/4/1936,4.1,5.8,4.2,9.23
1/5/1936,2,0,0,7.38
1/6/1936,1.3,0,0,6.36
1/7/1936,1.6,0,0,5.59
1/8/1936,1.7,0,0,5.06
1/9/1936,2,2.4,0.4,4.88
1/10/1936,4.8,19.8,23.6,5.23
1/11/1936,9.2,2.4,0.4,20.9
1/12/1936,11.4,0,0,15.1
1/13/1936,7.8,0,0,13.6
1/14/1936,5,0,0,11.4
1/15/1936,2.1,0,0,9.23
1/16/1936,0.9,0,0,8
1/17/1936,4,5.2,4.4,7.18
1/18/1936,-1,0,0,6.36
1/19/1936,1.8,0.7,0,5.59
1/20/1936,4.3,4,4.4,5.59
1/21/1936,3.2,6.2,0.7,5.23
1/22/1936,2.6,10.2,9.2,5.23
1/23/1936,0.1,1.8,3.1,4.88
1/24/1936,-1.5,0,0,4.39
1/25/1936,2.1,0,0,4.39
1/26/1936,4.2,1.6,0.7,4.39
1/27/1936,4,3.2,2.5,4.23
1/28/1936,3.3,0,0,4.23
1/29/1936,4.1,5.5,5.1,4.07
1/30/1936,3.2,0,0.2,4.07
1/31/1936,6.7,9.5,5,4.07
2/1/1936,5.1,21.4,20.6,5.97
2/2/1936,4.1,4.5,10.3,6.98
2/3/1936,2.7,7,9,6.18
2/4/1936,-1.9,0.5,0,5.23
2/5/1936,-3.5,0,0,4.23
2/6/1936,-4.5,0,0,3.76
2/7/1936,-3.4,0,0,3.76
2/8/1936,-4.7,0,0,3.6
2/9/1936,-3.1,0,0,3.3
2/10/1936,-2.4,0.3,0.6,3.6
2/11/1936,-4.4,4,6.6,3.3
2/12/1936,-0.4,1.5,3,3.3
2/13/1936,0.4,0,0,3.15
2/14/1936,-5.1,0,0,3
2/15/1936,2.2,0,0,3
2/16/1936,0.4,0,0,3.15
2/17/1936,2.9,0,0,3.45
2/18/1936,2,0.8,0,3.3
2/19/1936,6,2.4,0,3.6
2/20/1936,4.8,0,0,4.23
2/21/1936,4.5,4.2,7.4,3.91
2/22/1936,5.3,7.5,14.7,4.39
2/23/1936,4.4,9.1,11.6,6.56
2/24/1936,3.2,0,0,5.59
2/25/1936,0.4,0,0,4.68
2/26/1936,2.9,0,0,4.23
2/27/1936,1.8,0,0,3.91
2/28/1936,1.4,0,6.8,3.91
2/29/1936,1.6,6,0,3.45
3/1/1936,2.2,0,0,3.15
3/2/1936,4.2,0,0,3
3/3/1936,5.1,0,0.6,3
3/4/1936,6.4,0.2,0.9,3.6
3/5/1936,3.2,8.2,8.8,3.76
3/6/1936,2,2.9,4,3.76
3/7/1936,1.5,0,0,3.15
3/8/1936,2.1,0,0,2.86
3/9/1936,5.5,0,0,3.3
3/10/1936,7,0,0,3.45
3/11/1936,8.8,0,0,3.91
3/12/1936,5.5,0,0,3.91
3/13/1936,3.6,0.5,0.1,3.91
3/14/1936,2.2,0,0,3.76
3/15/1936,2.2,0,0,3.3
3/16/1936,1.6,0.3,0,3.76
3/17/1936,2.2,0,0,3.3
3/18/1936,1.6,0,0,3.45
3/19/1936,5.7,0,0,3.91
3/20/1936,6.6,0,0,4.71
3/21/1936,8.1,0,0,5.23
3/22/1936,12.2,0,0,5.78
3/23/1936,10.4,0,0,6.56
3/24/1936,8.5,0,0,6.36
3/25/1936,11.2,0,0,7.38
3/26/1936,6.6,24.5,43.6,8.62
3/27/1936,6.4,2.1,2.4,10.4
3/28/1936,9.1,0,0,9.02
3/29/1936,11.6,1.4,1.1,9.02
3/30/1936,10.8,0.4,0.4,11.4
3/31/1936,11.6,0,0,12.4
4/1/1936,11.2,0,0,12.8
4/2/1936,13.3,0,0,14.8
4/3/1936,12.2,0,0,14.8
4/4/1936,10.7,3.5,2.9,14.6
4/5/1936,8.9,3.5,4.2,15.4
4/6/1936,10.4,0.4,0,14.4
4/7/1936,6.8,18.5,13.1,14.1
4/8/1936,5.1,0,0,12.6
4/9/1936,8.9,0,2.9,11.4
4/10/1936,11,3,2.2,13.4
4/11/1936,6.9,7,5.7,14.1
4/12/1936,1.5,3.5,0.4,11.8
4/13/1936,3.2,7.5,1.8,10.1
4/14/1936,6.2,0,0,10.1
4/15/1936,8.2,0,0,10.4
4/16/1936,8.5,16,27.5,9.65
4/17/1936,2.2,5,11.5,11.1
4/18/1936,1.7,6.7,2.5,9.23
4/19/1936,3.4,0,0,8.62
4/20/1936,6,0,0,9.02
4/21/1936,8.2,0.9,0,9.23
4/22/1936,7.2,6.5,12.9,9.65
4/23/1936,1.2,1.4,0.5,9.02
4/24/1936,3.4,0,0,8
4/25/1936,8.4,0,0,7.59
4/26/1936,12.7,0,0,9.02
4/27/1936,7.7,0.6,0.9,11.1
4/28/1936,9,0,0,10.1
4/29/1936,10.9,3.5,2.2,11.1
4/30/1936,8.5,18.4,33.3,14.4
5/1/1936,9,0,0,17.3
5/2/1936,10.6,0,0,15.7
5/3/1936,11.8,0,0,17
5/4/1936,12.4,0,0,19.4
5/5/1936,14.5,0,2.1,21.5
5/6/1936,14.5,0,0,23.6
5/7/1936,13.6,0.9,3,24.8
5/8/1936,13.5,0.1,0.7,25.8
5/9/1936,14.7,0.7,0,27.1
5/10/1936,14.3,8.6,6.3,30.8
5/11/1936,10.3,4.5,6.6,33.8
5/12/1936,11.2,3,6.8,30.4
5/13/1936,13.4,0,0,28.4
5/14/1936,13.9,0,0,27.1
5/15/1936,14.7,1.5,0,27.4
5/16/1936,15.7,0,0,29.4
5/17/1936,15.7,0,0,33.1
5/18/1936,15.5,1.1,1.6,34.8
5/19/1936,14.6,1,5,36.6
5/20/1936,12.5,3.6,1.6,34.2
5/21/1936,10,10.8,15.4,31.1
5/22/1936,5.9,7.5,9.8,29.1
5/23/1936,8,0,0,22.4
5/24/1936,11.8,0,0,20.9
5/25/1936,14.9,0,0,21.8
5/26/1936,15.6,0,0,24.8
5/27/1936,15,7.4,6.6,29.4
5/28/1936,14,1.2,3.3,35.6
5/29/1936,14,14.7,9.5,33.8
5/30/1936,11,18,26,41.2
5/31/1936,10.7,12.5,18,42.2
6/1/1936,7.4,10.7,7,36.2
6/2/1936,10.2,0,0,29.7
6/3/1936,11.3,3.1,4.6,27.4
6/4/1936,6.7,35.6,22.7,28.4
6/5/1936,8.8,3,2.6,26.4
6/6/1936,8.8,3.5,4.6,22.7
6/7/1936,11.8,1.5,1.2,22.7
6/8/1936,11.6,3.5,3.6,23.9
6/9/1936,14.2,4.2,5.8,27.1
6/10/1936,11.3,3.3,2.6,26.8
6/11/1936,12.6,3.1,3.6,24.8
6/12/1936,14.9,0,0,28
6/13/1936,17.8,0.5,0,31.8
6/14/1936,16.9,11.2,7.6,39
6/15/1936,16.5,4.5,4.9,45.8
6/16/1936,17.6,1.9,5.9,51.2
6/17/1936,18.2,2.7,5.6,56.8
6/18/1936,19.5,0,0,63.6
6/19/1936,19.8,0,0,64.4
6/20/1936,18.9,1,1.3,60.2
6/21/1936,20.5,0,0,57.2
6/22/1936,18.7,5.8,7,58.3
6/23/1936,17.2,3.9,10.4,68.6
6/24/1936,18.6,6.2,0.8,62.8
6/25/1936,16.2,13.5,10.2,53.8
6/26/1936,15.1,14.3,17.5,55.3
6/27/1936,14.9,4.6,12,49
6/28/1936,17.1,0,0,48.7
6/29/1936,17.6,25.6,19.5,55.7
6/30/1936,16.3,0,0,72.8
7/1/1936,15.9,29,23,55.4
7/2/1936,13.1,4.2,10.5,76.4
7/3/1936,14.6,4.9,6.1,53.5
7/4/1936,18.1,0,0,58.7
7/5/1936,20.5,0,0,60.3
7/6/1936,19.9,14.2,1.8,64.8
7/7/1936,18.6,4,6.1,71
7/8/1936,17.7,1.7,7.2,75.6
7/9/1936,17,16.5,17.7,71
7/10/1936,14.5,15.3,12,55
7/11/1936,11.8,15.3,21.6,61
7/12/1936,12.9,1.2,1.3,52.1
7/13/1936,14.9,16.5,18.7,44.2
7/14/1936,17.4,0.3,0,62.5
7/15/1936,19.5,2.1,2.6,61.4
7/16/1936,19.2,0,0,59.9
7/17/1936,22.5,0,0,58
7/18/1936,22.6,1.2,0.2,62.1
7/19/1936,17.5,0,0,56.5
7/20/1936,16.4,1.5,1,45.6
7/21/1936,13.4,9,6.6,43.8
7/22/1936,12.9,5.5,7.6,36.7
7/23/1936,15.4,0,0,32.6
7/24/1936,19.9,8.4,7.4,33.6
7/25/1936,16,12.5,18.6,57.2
7/26/1936,17.2,0,0,57.2
7/27/1936,18.7,0,0,54.6
7/28/1936,15.1,18.5,26.4,63.2
7/29/1936,14.9,0,7.7,69.8
7/30/1936,13.9,14,19,48.2
7/31/1936,13.6,7.6,7.5,48.2
8/1/1936,12.9,11,16.2,39.4
8/2/1936,14.4,3,6.1,54.2
8/3/1936,18.5,0,0,50.6
8/4/1936,13.4,7.8,9.8,50.2
8/5/1936,15.7,0,0,39.8
8/6/1936,16,0,0,32.6
8/7/1936,13.2,10.5,24.3,33.6
8/8/1936,16,0,0,33
8/9/1936,17.5,0,0,31.3
8/10/1936,18,23.5,14.6,35.3
8/11/1936,14.4,24.4,30.2,51.8
8/12/1936,14.1,15.5,10.4,53.9
8/13/1936,14.1,0,0,42.4
8/14/1936,16.9,0,0,35.3
8/15/1936,16.9,0,0,33.3
8/16/1936,17.8,7,16.9,34.6
8/17/1936,18,0,0,34.2
8/18/1936,18.3,0,0,36.4
8/19/1936,18.9,8.5,0,36
8/20/1936,18.4,2.5,0.6,35
8/21/1936,19.4,0.2,4,36.7
8/22/1936,17.6,7.1,20.2,50
8/23/1936,16.4,0,0,59.6
8/24/1936,16,0,0,40
8/25/1936,17.7,0,0,38.9
8/26/1936,17.7,0,0,37.6
8/27/1936,17.6,0,0,35.2
8/28/1936,16.9,0,0,33.6
8/29/1936,17.9,0,0,30.9
8/30/1936,17.7,0,0,29.6
8/31/1936,15.8,0,0,26.7
9/1/1936,17,0,0,28.9
9/2/1936,17.6,0,0,31.5
9/3/1936,19.2,0,0,33.2
9/4/1936,16.1,17.6,10.2,38
9/5/1936,16,14.5,12.8,37
9/6/1936,11.2,2.6,1.2,33.6
9/7/1936,14.2,0.6,0.6,22.4
9/8/1936,14.1,1.1,0.2,22.1
9/9/1936,14.8,0,0,16.8
9/10/1936,13.1,0,0,15.2
9/11/1936,13.5,0,0,16
9/12/1936,13.7,2.4,0,15.8
9/13/1936,14.9,17.5,11.5,15.8
9/14/1936,13.5,11,16.9,26.7
9/15/1936,13.5,12.5,9.5,23.6
9/16/1936,13.4,4.5,17.8,23.9
9/17/1936,13.5,2,3.8,38.3
9/18/1936,14.5,0.9,0.6,27.6
9/19/1936,15.9,0.5,0,30.2
9/20/1936,16.2,1.5,1.4,33.6
9/21/1936,16.2,8.1,6.2,31.5
9/22/1936,16.1,0,0.3,30.2
9/23/1936,15.9,0,0,25.2
9/24/1936,15.1,21.4,18,23
9/25/1936,15.1,12.5,11.2,38
9/26/1936,12.2,37.7,41.7,43.7
9/27/1936,7.3,39.7,30.1,46.5
9/28/1936,5.7,9.7,12.2,34.9
9/29/1936,4.9,0,0.2,25.5
9/30/1936,3.2,0,0,20.7
10/1/1936,6.6,0,0.2,18.4
10/2/1936,5.7,2.5,0.8,16.8
10/3/1936,5.5,0,0,15.2
10/4/1936,5.1,0,0,14.5
10/5/1936,8.3,0,0,14
10/6/1936,4.3,5,2.8,13.5
10/7/1936,2.5,3.2,6.2,12.8
10/8/1936,1.6,14.2,1.2,11.8
10/9/1936,3.4,0,0,11.3
10/10/1936,5.2,3.4,2.9,10.6
10/11/1936,4.1,1.4,2,10.2
10/12/1936,4.1,0,0,9.8
10/13/1936,3.8,0,0,9.6
10/14/1936,6,0,0,9.2
10/15/1936,5.6,0,0,8.61
10/16/1936,9.8,0,0,8.8
10/17/1936,7.4,0,0,8.61
10/18/1936,8,0,0,8.42
10/19/1936,10.1,4.5,5.2,8.42
10/20/1936,3.7,5,16,8.61
10/21/1936,5.3,0,0,8.23
10/22/1936,5.8,0,0,8.04
10/23/1936,5.4,0,0,8.04
10/24/1936,4.4,0,0,7.85
10/25/1936,7.2,1,2,7.49
10/26/1936,7.6,5.9,5.4,7.85
10/27/1936,8.1,13.8,12.8,11.1
10/28/1936,3.4,16.1,13.6,11.8
10/29/1936,3.4,6.7,3.8,10
10/30/1936,3.7,0,0,9.2
10/31/1936,5.4,0.1,0,9.2
11/1/1936,6.7,0,0,9
11/2/1936,5.9,0,0,8.8
11/3/1936,5.5,0,0,8.23
11/4/1936,4.9,0.5,1.8,7.85
11/5/1936,6.3,0,0,7.49
11/6/1936,6.2,0,0,7.49
11/7/1936,7.7,2.3,5.5,7.14
11/8/1936,6.4,4.8,3.7,7.67
11/9/1936,6.7,0,0,7.32
11/10/1936,4.9,3.8,2.2,6.8
11/11/1936,5.1,1.8,2.7,6.47
11/12/1936,7.2,9.5,4,6.8
11/13/1936,7.1,2.9,2.6,7.49
11/14/1936,5.9,2.2,0.3,7.14
11/15/1936,5.4,0,0,6.47
11/16/1936,4.2,6.5,5.2,5.91
11/17/1936,7.3,0.4,0.5,7.14
11/18/1936,6.7,0,0,6.8
11/19/1936,4.3,0,0,6.47
11/20/1936,3.7,0.7,0.3,6.16
11/21/1936,2.6,0,0,5.72
11/22/1936,1.5,0,0,5.16
11/23/1936,1,0,0,5.02
11/24/1936,0,0,0,4.76
11/25/1936,-0.2,0,0,4.64
11/26/1936,-0.3,0,0,4.4
11/27/1936,-0.2,0,0,4.4
11/28/1936,0.8,0,0,4.4
11/29/1936,-0.3,0,0,4.28
11/30/1936,1.7,0.4,3,4.28
12/1/1936,4.1,5.1,19,4.28
12/2/1936,2.6,68.5,71.1,4.4
12/3/1936,5.8,37.5,32,18.6
12/4/1936,5.4,1,1,12.8
12/5/1936,4.9,1,3.3,8.8
12/6/1936,2.2,4.2,1.3,7.49
12/7/1936,-0.4,6.3,5.6,6.64
12/8/1936,-1.7,0.5,0,6.16
12/9/1936,-3.5,0,0,5.29
12/10/1936,-1.5,0,0,5.43
12/11/1936,0,0,0,5.43
12/12/1936,-0.4,0,0,4.89
12/13/1936,0.5,0.2,0,4.51
12/14/1936,0.8,0,0,4.51
12/15/1936,1,0.9,0,4.28
12/16/1936,3,0,0,4.28
12/17/1936,4.2,0,0,4.17
12/18/1936,4.5,0,0,4.06
12/19/1936,3.5,0,0,4.06
12/20/1936,1.9,0,0,4.06
12/21/1936,-0.8,0,0,3.96
12/22/1936,-0.7,0,0,3.85
12/23/1936,-0.6,0,0,3.85
12/24/1936,0.9,0,0,3.65
12/25/1936,-0.4,0,0,3.56
12/26/1936,-1.2,0,0,3.46
12/27/1936,-1.1,0,0,3.37
12/28/1936,-1.6,0,0,3.37
12/29/1936,0.1,0,0,3.28
12/30/1936,1.6,0,0,3.28
12/31/1936,0.1,0,0,3.28
1/1/1937,-0.4,0,0,3.1
1/2/1937,1.2,1.2,0,3.1
1/3/1937,2.7,0,0,3.1
1/4/1937,0.6,0,0,3.02
1/5/1937,2.1,0.8,2.5,3.02
1/6/1937,1.1,2.4,5.2,2.93
1/7/1937,5.5,5,9.2,3.19
1/8/1937,2.9,0.4,0.4,3.19
1/9/1937,-1.6,0,0,2.76
1/10/1937,-3.5,0,0,2.52
1/11/1937,-1.5,0,0,2.93
1/12/1937,-1.1,0,0,2.84
1/13/1937,0.9,0,0,2.84
1/14/1937,2.2,0.6,0.6,2.93
1/15/1937,3.2,2.1,3.5,2.93
1/16/1937,2.1,0,0,2.68
1/17/1937,0.6,0,0,2.52
1/18/1937,1.1,3.1,0.6,2.52
1/19/1937,3.8,23.7,23.2,3.28
1/20/1937,1.3,0,0,3.56
1/21/1937,0.9,0,0,2.93
1/22/1937,2.1,0,0,2.76
1/23/1937,1.7,0,0,2.76
1/24/1937,3.6,0.2,0,3.1
1/25/1937,4,14.5,7.5,3.37
1/26/1937,1.6,0,0,3.85
1/27/1937,1.3,0,0,3.46
1/28/1937,2.2,0,0,3.37
1/29/1937,2.5,5.4,2.3,3.19
1/30/1937,4.3,0,0.8,3.1
1/31/1937,3.2,0,0,2.93
2/1/1937,5.2,2.6,2.2,3.02
2/2/1937,4.4,0.7,1.6,3.19
2/3/1937,2.9,0,0,3.1
2/4/1937,3.9,0,0,2.93
2/5/1937,4.7,4.9,3.5,2.93
2/6/1937,5.1,10.6,19.1,4.51
2/7/1937,2.4,3.8,0.8,3.85
2/8/1937,4.4,3.6,2.5,3.56
2/9/1937,2.8,2.4,6.2,3.56
2/10/1937,1.8,8.2,4.7,3.37
2/11/1937,2.7,6.4,13.8,3.46
2/12/1937,0.3,6.2,0.6,3.28
2/13/1937,-0.1,12.4,11.8,3.1
2/14/1937,0.4,0,0,2.93
2/15/1937,1.2,0,0,2.84
2/16/1937,3.1,4.2,3.9,3.02
2/17/1937,3,6.2,4.8,3.46
2/18/1937,0.6,2,1,3.28
2/19/1937,1.5,17.2,31.6,3.1
2/20/1937,7.4,0.2,0.9,7.85
2/21/1937,5.1,3.5,1.2,6.47
2/22/1937,3,19.2,25.3,5.57
2/23/1937,0.7,0.1,3,7.32
2/24/1937,0.9,14.2,12.8,5.72
2/25/1937,3.1,12,7.9,5.72
2/26/1937,5.6,0,0.5,5.86
2/27/1937,6.5,1,2.2,5.57
2/28/1937,-0.6,7.2,6.8,5.43
3/1/1937,-0.7,0,2.3,4.89
3/2/1937,-1.7,0,0,4.4
3/3/1937,-1.6,0,0,4.06
3/4/1937,0.5,1.7,0,4.06
3/5/1937,3.7,1.3,2,4.17
3/6/1937,3.7,0,0,3.96
3/7/1937,4.9,0.7,0,3.85
3/8/1937,5.6,0,0,3.85
3/9/1937,5.3,4,8.3,3.75
3/10/1937,1.9,0,0,3.85
3/11/1937,3.6,0,0,3.65
3/12/1937,3.8,0.8,2,3.75
3/13/1937,4.1,0,0.5,3.65
3/14/1937,6.1,9,9,3.75
3/15/1937,3.4,0.5,4.8,3.85
3/16/1937,4.6,0,0,3.65
3/17/1937,7.6,0,0,3.65
3/18/1937,6.7,0,0,3.85
3/19/1937,5.7,8.5,9.8,4.4
3/20/1937,1.5,18.1,17.4,5.43
3/21/1937,3.1,0,0,4.51
3/22/1937,2.9,6.8,4.5,4.28
3/23/1937,2.8,7.8,15.4,4.28
3/24/1937,0.8,8.3,7.6,4.4
3/25/1937,1.5,1.4,0.3,4.28
3/26/1937,2.1,9.6,4,4.17
3/27/1937,1.7,0.1,0,4.06
3/28/1937,3.2,0,0,3.65
3/29/1937,3.7,0,0,3.65
3/30/1937,4.4,0,0,3.37
3/31/1937,3.8,0,0,3.65
4/1/1937,4.8,0,0,4.76
4/2/1937,9.2,0,0,5.57
4/3/1937,6.9,6.1,9.6,6.47
4/4/1937,7.8,0,0,7.49
4/5/1937,9,0,0,7.85
4/6/1937,9.1,14,19,9.2
4/7/1937,9.3,4,6.7,14.8
4/8/1937,9.9,0,0,15.2
4/9/1937,11.2,0,0,15
4/10/1937,8.8,6.6,3.1,15
4/11/1937,8.9,0,0,16.6
4/12/1937,12.5,0,0,15.8
4/13/1937,11.5,3.5,2.7,16.1
4/14/1937,7.4,8.6,13.5,17.1
4/15/1937,9,0,0,14.8
4/16/1937,8.6,19.6,18.3,13.1
4/17/1937,5.6,2,3,13.1
4/18/1937,5.9,0,0,10.7
4/19/1937,5.6,0,0,9.5
4/20/1937,8.2,4.6,5.5,8.67
4/21/1937,5.4,11.2,13.2,10.3
4/22/1937,5,29.1,18.3,9.5
4/23/1937,9.1,0,0.2,11.2
4/24/1937,8.5,0,0,11.7
4/25/1937,7.8,0.2,0,11.7
4/26/1937,6,0.4,1.8,9.92
4/27/1937,4.1,12.1,10.8,8.67
4/28/1937,5.3,0,0,8.27
4/29/1937,8.4,0,0,8.07
4/30/1937,9.5,0,0,9.5
5/1/1937,9.7,0,0,11.2
5/2/1937,12.4,0,0,13.4
5/3/1937,12.5,6.2,9.8,16.1
5/4/1937,9.5,12.7,17,20.6
5/5/1937,8.8,0.2,0.6,22.6
5/6/1937,11.9,0,0,18.4
5/7/1937,12,0,0,19.7
5/8/1937,13.3,0,0,22
5/9/1937,12.6,0,0,23.1
5/10/1937,14.6,0,0,24.9
5/11/1937,14.1,0,0,27.9
5/12/1937,12.2,1.3,3.5,27
5/13/1937,9.6,8.6,11.3,27.3
5/14/1937,12.1,0,0,25.2
5/15/1937,14.1,0,0,26.7
5/16/1937,15,0,0,31
5/17/1937,15.8,0.7,0,32.9
5/18/1937,14.4,0,0,38.3
5/19/1937,14.2,0.5,0,37.6
5/20/1937,16.1,2.9,20.2,54.1
5/21/1937,9.8,18,18,97.8
5/22/1937,12,0,0,57.8
5/23/1937,15.5,0,0,45.6
5/24/1937,17,0,0,48.2
5/25/1937,16.5,0,0,51.5
5/26/1937,19.1,5.6,0,55.6
5/27/1937,16.6,0,0,59.8
5/28/1937,18.5,0,0,60.2
5/29/1937,19.3,0,0,64.5
5/30/1937,20.4,0,0,66.5
5/31/1937,18.5,9,14.6,68.1
6/1/1937,15.4,5.2,4.1,77.2
6/2/1937,15.6,1.2,1.1,70.6
6/3/1937,15.8,0,0,60.6
6/4/1937,17,0,0,55.6
6/5/1937,18.9,0,0,55.6
6/6/1937,16.9,1.2,3.6,57.8
6/7/1937,16.7,3.8,0.6,54.4
6/8/1937,16.8,8.7,0,56
6/9/1937,20.2,0,0,61
6/10/1937,22.6,0,0,69.8
6/11/1937,20,8.9,14.4,76
6/12/1937,19.7,0,0,76.8
6/13/1937,21.9,0,0.4,70.2
6/14/1937,18,11.7,18,72.2
6/15/1937,16.7,23.4,23.2,67.3
6/16/1937,10.7,2.6,4.1,70.6
6/17/1937,12.9,0,0.5,43.9
6/18/1937,12.4,9.5,6.3,34.2
6/19/1937,13,9.9,6.5,30.4
6/20/1937,11.6,6.4,6.3,33.2
6/21/1937,14.1,0,0.3,28.5
6/22/1937,16,0,0,27
6/23/1937,19.7,0.5,0.5,31.6
6/24/1937,16.7,3,4.1,40
6/25/1937,15.1,8,9.7,47.5
6/26/1937,16.6,0,0,42.5
6/27/1937,16.9,3,2.1,39
6/28/1937,15.3,9,1.2,40
6/29/1937,13.5,7,7.6,39.7
6/30/1937,11.1,2,0.8,39
7/1/1937,14.8,0,0,28.2
7/2/1937,17.6,0,0,30.7
7/3/1937,19.9,0,0,35.6
7/4/1937,19.9,0.1,0.3,40.8
7/5/1937,19,6.5,3.9,41.8
7/6/1937,18.8,1.1,4.7,43.9
7/7/1937,18.6,12.3,8.7,49.2
7/8/1937,19.3,0,0,53.3
7/9/1937,18,1.8,2.4,46.8
7/10/1937,16.9,1.1,2.6,44.6
7/11/1937,13.9,0,0.8,34.2
7/12/1937,13.3,3.2,3.3,28.5
7/13/1937,16.3,1.8,2.4,33.5
7/14/1937,19.8,0,0,44.2
7/15/1937,19.2,7.4,14,51.1
7/16/1937,12.4,26.4,26.4,61.4
7/17/1937,13.5,0,0,40.8
7/18/1937,17.1,0,0,36.2
7/19/1937,20.9,1,0,41.8
7/20/1937,19,15,21.6,53.2
7/21/1937,19,0,0,53.3
7/22/1937,20.6,0,0,49.6
7/23/1937,20.2,0,0,51.1
7/24/1937,19.5,2.8,2.5,52.2
7/25/1937,19,10.7,6.8,50.8
7/26/1937,16.2,0,0,51.5
7/27/1937,17.4,0,0,41.1
7/28/1937,18.4,0,0,38
7/29/1937,18,0.2,0.1,34.2
7/30/1937,18.2,10,21.1,37.2
7/31/1937,17.2,17,23.9,45
8/1/1937,14.8,21.4,23.8,79.2
8/2/1937,17.4,0.1,0.4,71.4
8/3/1937,17.2,0,0,50.8
8/4/1937,18.4,0,0,45
8/5/1937,19,0,0,42.8
8/6/1937,21.1,0,0,41.8
8/7/1937,20.8,0,0,43.9
8/8/1937,21.7,0,0,45
8/9/1937,20.7,6.6,12.7,46.8
8/10/1937,20.1,0,0,50
8/11/1937,20.3,0,0,46.4
8/12/1937,19.2,18.2,17.2,46
8/13/1937,16.9,11.1,13.4,47.2
8/14/1937,17.1,9.2,22.8,48.2
8/15/1937,14.4,3.1,1.5,48.2
8/16/1937,14,1,2.4,32.2
8/17/1937,14.2,0,0.2,26.4
8/18/1937,18.2,0,0,31.9
8/19/1937,19.1,0,0,33.5
8/20/1937,15.7,5.3,9.6,30.1
8/21/1937,13,3.4,5.8,24.9
8/22/1937,12.2,8.1,14.1,20.6
8/23/1937,12.1,4.4,6,27.3
8/24/1937,14.9,0,0,25.2
8/25/1937,15.4,1.7,3,24.6
8/26/1937,16.1,0,0,23.4
8/27/1937,16,3.4,6.4,24.9
8/28/1937,15.5,7.4,0.9,25.8
8/29/1937,16.9,7.6,7.8,25.2
8/30/1937,15,4.8,7.9,34.9
8/31/1937,16.3,0.2,0,33.5
9/1/1937,16.6,0,0,29.4
9/2/1937,17,0,0,28.2
9/3/1937,18.3,4.6,5.8,28.8
9/4/1937,16.2,8,5.1,33.2
9/5/1937,16.4,0,0,27.3
9/6/1937,17.5,0,0,27.3
9/7/1937,18,0,0,27.3
9/8/1937,18.5,0,0,28.8
9/9/1937,18.8,19,8.4,28.8
9/10/1937,10,29.9,20.2,46.8
9/11/1937,7.4,12,13,27.3
9/12/1937,8.1,3.2,4,23.1
9/13/1937,10.2,0,0,20.3
9/14/1937,8.7,10.7,9.5,20.8
9/15/1937,10.7,0.3,0.3,19.2
9/16/1937,12.1,0,0.2,19.2
9/17/1937,13.2,1.8,0.2,32.9
9/18/1937,12.9,0,0,28.2
9/19/1937,11.2,11.7,14.3,23.1
9/20/1937,9,0,0.7,22.3
9/21/1937,8.7,8,10,18.2
9/22/1937,8.9,9,4.8,17.6
9/23/1937,10.5,0.5,0.5,16.8
9/24/1937,11.2,0,0,15.8
9/25/1937,11.6,0,0,14.8
9/26/1937,12.4,0,0,14.1
9/27/1937,14.4,0,0.2,19.7
9/28/1937,14.9,4,3.4,22.8
9/29/1937,13.5,0,0,22.8
9/30/1937,11.9,0,0,17.6
10/1/1937,11.5,0,0,15.6
10/2/1937,13.7,0,0,16.1
10/3/1937,15.4,3.6,1.3,17.6
10/4/1937,14.1,14.3,17.5,25.1
10/5/1937,10,6,7.9,24.3
10/6/1937,11,0.4,0.5,20.3
10/7/1937,9.2,14,20.6,19.2
10/8/1937,9.6,0.2,2.3,19.4
10/9/1937,9.8,3.4,1.3,16.1
10/10/1937,10.7,0.2,0.2,14.4
10/11/1937,7.8,0.5,0.5,13.1
10/12/1937,5.8,0,0,11.7
10/13/1937,5.4,0,0,10.7
10/14/1937,8.4,1.4,0,10.1
10/15/1937,9.4,0.2,0,9.5
10/16/1937,6.7,3.4,0,8.67
10/17/1937,7.1,0,0,8.07
10/18/1937,6.5,0,0,7.87
10/19/1937,6.7,0,0,7.48
10/20/1937,7.3,0,0,7.09
10/21/1937,7.4,0,0,7.09
10/22/1937,7.6,0,0,6.71
10/23/1937,8.9,4,9.6,6.9
10/24/1937,4.2,10.5,12,7.48
10/25/1937,8.6,0,0,6.52
10/26/1937,17.5,0,0,7.68
10/27/1937,16.9,0,0,9.08
10/28/1937,15.5,0,0,9.29
10/29/1937,11.1,0,0,12
10/30/1937,8.8,0,0,8.88
10/31/1937,8.6,0,0,7.68
11/1/1937,8.1,3.4,4.4,6.71
11/2/1937,7.9,2,4.1,7.28
11/3/1937,8.1,0,0,6.71
11/4/1937,8.4,2.1,2,5.78
11/5/1937,5.3,0,1.5,5.43
11/6/1937,5,0,0,5.1
11/7/1937,4.3,0,0,4.78
11/8/1937,5.3,0,0,4.65
11/9/1937,6.6,18.1,10.1,4.65
11/10/1937,2.5,13.6,4.5,6.33
11/11/1937,2.1,0.9,4.3,5.43
11/12/1937,1.4,0,0,4.94
11/13/1937,0.2,0,0,4.52
11/14/1937,1.7,0,0,4.52
11/15/1937,1.5,0,0,4.38
11/16/1937,0.6,0,0,4.13
11/17/1937,2,6.9,3,4.13
11/18/1937,4.5,0.2,0,4.02
11/19/1937,7.4,2.6,1.5,4.13
11/20/1937,4.9,0,0,4.13
11/21/1937,5.7,0.1,0.3,3.91
11/22/1937,5,0,0,4.02
11/23/1937,2.3,0,0,3.81
11/24/1937,3.7,4.6,9.9,3.71
11/25/1937,3.4,0,0,3.91
11/26/1937,0.5,0,0,3.62
11/27/1937,0.1,0,0,3.62
11/28/1937,1.2,0,0,3.52
11/29/1937,-1.5,0,0,3.24
11/30/1937,1.2,0,0,3.33
12/1/1937,3.1,0,0,3.33
12/2/1937,4,5.4,4.8,3.24
12/3/1937,3.6,0.4,0.3,3.24
12/4/1937,3.5,0,0,3.06
12/5/1937,1,7.8,6.6,3.06
12/6/1937,0.1,10.9,8.8,3.06
12/7/1937,1.6,21.9,10.5,3.06
12/8/1937,2,8.4,4.8,3.33
12/9/1937,2.8,4.2,7.2,3.52
12/10/1937,0,0,0,3.42
12/11/1937,-3.7,0,0,2.74
12/12/1937,-1.2,6.4,5,2.9
12/13/1937,-1.2,0,0.2,2.98
12/14/1937,-0.7,0,0,2.9
12/15/1937,-0.9,1.8,0,2.9
12/16/1937,-2.1,0,0,2.82
12/17/1937,-1.5,0.8,0,2.74
12/18/1937,-0.9,0,0,2.74
12/19/1937,-2.6,0,0.5,2.67
12/20/1937,-2.8,3,1.8,2.67
12/21/1937,-5.4,0,0,2.6
12/22/1937,-1.3,0,0,2.74
12/23/1937,0.3,0,0,2.67
12/24/1937,2.8,0,0,2.67
12/25/1937,2.1,1.3,0.8,2.67
12/26/1937,2,0,0,2.67
12/27/1937,-0.6,0,0,2.67
12/28/1937,-3.1,0,0,2.6
12/29/1937,-4.9,0,0,2.53
12/30/1937,-5.8,0,0,2.53
12/31/1937,-6.7,0,0,2.4
1/1/1938,-3.7,0.1,1.5,2.4
1/2/1938,-3.6,0,0,2.4
1/3/1938,-5.7,0,0,2.4
1/4/1938,-8.9,0,0,2.4
1/5/1938,-9.4,0,0,2.4
1/6/1938,-5.4,7.1,5.6,2.4
1/7/1938,-0.2,3.1,2.4,2.4
1/8/1938,1.1,1.6,1.4,2.4
1/9/1938,2,0,0,2.4
1/10/1938,1.4,1.9,0,2.4
1/11/1938,2.9,0,0.6,2.34
1/12/1938,3.1,1.7,0.4,2.27
1/13/1938,2.8,0,0,2.4
1/14/1938,3.6,0,0,2.34
1/15/1938,3.3,3.3,2.2,2.4
1/16/1938,3.6,0.1,0,2.46
1/17/1938,4.3,1.4,7.9,2.46
1/18/1938,3.8,0,0.3,3.52
1/19/1938,3.7,4.4,9.7,3.06
1/20/1938,1.8,17.2,16.5,2.9
1/21/1938,0.7,0,0,2.82
1/22/1938,0.9,0,0,2.6
1/23/1938,0.5,0,0,2.46
1/24/1938,-0.2,0,0,2.46
1/25/1938,-0.4,0,0,2.53
1/26/1938,3.2,2.6,1.1,2.53
1/27/1938,0.6,17.4,21.7,2.6
1/28/1938,-0.4,8.2,5,2.46
1/29/1938,2.6,14.4,28.1,3.42
1/30/1938,1.9,12.4,30.4,3.96
1/31/1938,0.8,0,0,3.52
2/1/1938,2.8,7,6.5,3.22
2/2/1938,0.5,2.2,3.6,3.13
2/3/1938,1.2,0,0,2.96
2/4/1938,1.3,0,0,2.88
2/5/1938,0.4,0,0,2.88
2/6/1938,0.9,0,0,3.04
2/7/1938,0.4,0,0,3.04
2/8/1938,-0.5,0,0,3.04
2/9/1938,0.6,0,0,3.13
2/10/1938,4.8,14,16.8,3.04
2/11/1938,-1.3,23.6,15.1,3.04
2/12/1938,-1.7,11.4,10.7,2.96
2/13/1938,-2.3,4.3,4,2.8
2/14/1938,-2.6,1.4,0.6,2.73
2/15/1938,-2.6,0,0,2.66
2/16/1938,-4.4,0,0,2.51
2/17/1938,-4.2,0,0.4,2.44
2/18/1938,-3.3,0,0,2.58
2/19/1938,-1.1,0,0,2.51
2/20/1938,-0.1,0,0,2.44
2/21/1938,-1.5,0,0,2.51
2/22/1938,-0.9,0,0,2.44
2/23/1938,-1.4,0,0,2.58
2/24/1938,-0.4,0,0,2.73
2/25/1938,-0.4,0,0,2.73
2/26/1938,0.2,0,0,2.88
2/27/1938,1.9,0.2,0.5,2.88
2/28/1938,2.3,0,0,2.88
3/1/1938,4.5,9.2,7.3,3.04
3/2/1938,3.4,0,0,3.62
3/3/1938,4.6,0,0,3.62
3/4/1938,5.6,0,0,3.62
3/5/1938,4.8,0,0,4.33
3/6/1938,5.9,0,0,5
3/7/1938,7.1,0,0,5.56
3/8/1938,5.6,0,0,5.86
3/9/1938,7,0,0,6.7
3/10/1938,7.5,0,0,6.7
3/11/1938,6.8,0,0,7.07
3/12/1938,4.5,0,0,7.26
3/13/1938,2.7,0,0,7.07
3/14/1938,2.7,0,0,6.7
3/15/1938,6.1,0,0,6.7
3/16/1938,7.7,0,0,7.07
3/17/1938,8.7,0,0,7.64
3/18/1938,8.1,0,0,8.22
3/19/1938,8.7,0,0,9.01
3/20/1938,7.4,0,0,9.63
3/21/1938,7.4,0,0,9.84
3/22/1938,8.7,0,0,9.63
3/23/1938,7.6,0,0,9.63
3/24/1938,8.1,0,0,9.84
3/25/1938,8.4,0,0,10.1
3/26/1938,4.4,5.1,8.5,10.1
3/27/1938,2.7,3.2,26.3,8.61
3/28/1938,5.5,0,3,8.22
3/29/1938,8,0,0,7.83
3/30/1938,8.6,0,0,8.22
3/31/1938,10.7,0,0,9.84
4/1/1938,11.7,0,0,12.8
4/2/1938,12.3,0,0,13.8
4/3/1938,7.6,8,8.5,14.2
4/4/1938,3,0,0,12.6
4/5/1938,4.9,0,0,10.1
4/6/1938,7.4,0,0,8.81
4/7/1938,8.5,0,0,8.42
4/8/1938,7,0,0,8.61
4/9/1938,4.7,0,0.1,7.83
4/10/1938,2.1,0,0,7.07
4/11/1938,3,0,0,6.35
4/12/1938,4.7,0,0,6.01
4/13/1938,8.2,0,0,6.01
4/14/1938,9.3,0,0,6.88
4/15/1938,9.6,0,0,8.42
4/16/1938,9.9,0,0,10.7
4/17/1938,9.9,0,0,11.9
4/18/1938,2.7,0,0,11.4
4/19/1938,3.2,5.1,1.7,8.61
4/20/1938,0,12.2,14.5,7.64
4/21/1938,0.1,1,0,6.88
4/22/1938,0.8,0,0,6.18
4/23/1938,3.6,0,0,5.86
4/24/1938,5.8,0,0,5.7
4/25/1938,5.2,1.5,1.8,5.56
4/26/1938,6.1,0,0,5.41
4/27/1938,3.5,0,0.2,5.41
4/28/1938,6.4,0,0,5.13
4/29/1938,7.9,7,8.4,5.7
4/30/1938,3.3,6,1.7,6.35
5/1/1938,2,4.4,12.5,5.86
5/2/1938,3.7,0,0.5,5.7
5/3/1938,10.2,1.2,0,5.7
5/4/1938,9.7,0,0,7.07
5/5/1938,9.7,0.1,0,8.02
5/6/1938,12.1,0,0.5,9.22
5/7/1938,11.2,0.9,0.9,10.5
5/8/1938,12,0,0,12
5/9/1938,11.8,0,0,13.6
5/10/1938,10,0.1,3.5,14.1
5/11/1938,11.5,0,0,14.8
5/12/1938,13,0,0,16.4
5/13/1938,15.2,0,0,17.6
5/14/1938,16.1,0,0,20.3
5/15/1938,16,0,0,22.6
5/16/1938,17.9,0,0,23.7
5/17/1938,12.4,10,8,24.9
5/18/1938,10.9,0.5,0,23.7
5/19/1938,11.4,21,9.2,18.7
5/20/1938,3.3,24,21.6,19.4
5/21/1938,4.9,4.6,5.8,15.8
5/22/1938,7.6,5.7,6.3,14.1
5/23/1938,11.5,1,0.7,15.6
5/24/1938,8.8,10,6.9,20.3
5/25/1938,10.2,0,0,18.2
5/26/1938,13.2,0,0,17.9
5/27/1938,16.4,0.2,0.8,20
5/28/1938,8.6,6,7,21.1
5/29/1938,10.2,1,1.1,17.1
5/30/1938,11.1,9,9.9,16.1
5/31/1938,14.5,0,0,26.7
6/1/1938,18.8,0.7,0.9,29.1
6/2/1938,10,23.9,18.4,34.2
6/3/1938,9.4,1.2,0.2,30.4
6/4/1938,13.9,0,0,24.9
6/5/1938,17.4,1,0.2,27.3
6/6/1938,16.5,0,0,32.9
6/7/1938,18.8,0,0,35.9
6/8/1938,21,0,0,43.9
6/9/1938,18.7,11.4,6.5,46.8
6/10/1938,15.1,10,7.3,53
6/11/1938,15,17.8,2.8,46
6/12/1938,13.7,22,28.2,42.2
6/13/1938,9.5,20.5,15.7,60.2
6/14/1938,10.2,2.3,1.1,38.3
6/15/1938,14.6,2.6,6.8,30.1
6/16/1938,14.2,0,0,34.9
6/17/1938,15.3,0,0,34.9
6/18/1938,16.9,9.4,8.7,34.9
6/19/1938,17.5,4.5,0,43.2
6/20/1938,18.4,0,0,40.8
6/21/1938,20.5,0,0,43.2
6/22/1938,18.7,26.6,33,60
6/23/1938,17,9.4,8.1,64.9
6/24/1938,19.1,0,0,54.8
6/25/1938,22.5,1,1.8,53.3
6/26/1938,20.2,3.8,10.7,63.7
6/27/1938,20.3,0,4.6,59.4
6/28/1938,20.7,0,0,56.3
6/29/1938,21.8,0,0,55.6
6/30/1938,19.7,0,4.2,59.8
7/1/1938,16.7,27,29.6,63.3
7/2/1938,11.2,16,13.8,77.2
7/3/1938,10.6,6.2,8.9,53.3
7/4/1938,14.1,6.6,6.5,41.8
7/5/1938,11.7,15.4,12.5,53.3
7/6/1938,14.1,0,0.3,41.4
7/7/1938,18.3,0,0,39.7
7/8/1938,16.5,11,16.6,48.2
7/9/1938,12.2,0.6,4.1,57.1
7/10/1938,13.2,0,0,41.8
7/11/1938,16,0,0.4,32.2
7/12/1938,15.5,9,12.2,30.1
7/13/1938,16.2,0.9,1.4,42.2
7/14/1938,18.5,0,0,40.4
7/15/1938,18.5,0.5,28.6,46
7/16/1938,17.3,10.5,10.8,47.5
7/17/1938,18.4,0,0,43.6
7/18/1938,18.2,0,0,39.7
7/19/1938,18.2,0,0,37.6
7/20/1938,19.2,0,0,38
7/21/1938,20.4,0,0,41.1
7/22/1938,19.4,0,0,38.6
7/23/1938,16.4,27,11.1,37.2
7/24/1938,12.7,20,23.3,50.8
7/25/1938,18.5,0,0,43.9
7/26/1938,19.5,9.6,12.4,41.8
7/27/1938,17.5,0,0,47.5
7/28/1938,19.6,0,0,44.2
7/29/1938,20.9,0,1.4,43.2
7/30/1938,21.7,0,0,43.2
7/31/1938,22.5,0,0,45
8/1/1938,22.9,0,0,46.8
8/2/1938,21.3,0,0.3,43.9
8/3/1938,21.7,0,0,43.2
8/4/1938,22,0,0,47.5
8/5/1938,21.5,0.6,1.1,48.2
8/6/1938,20.4,0.6,1,46
8/7/1938,18.5,5,6.6,41.1
8/8/1938,17.5,5,4.5,41.4
8/9/1938,17.2,4,2.9,42.5
8/10/1938,17.6,1,0,39.4
8/11/1938,16.5,20.5,26,36.2
8/12/1938,15.9,6.2,21.3,47.5
8/13/1938,12.9,34,39.3,46
8/14/1938,13,7.6,1.3,56.3
8/15/1938,14.9,0,0,35.6
8/16/1938,17.7,0,0,33.5
8/17/1938,19.2,0,0,34.9
8/18/1938,16.7,0,0,32.2
8/19/1938,19,3,2,32.9
8/20/1938,19.5,18,24.7,49.6
8/21/1938,13.2,34,12.2,67.7
8/22/1938,14.3,2.7,3.2,42.8
8/23/1938,12.2,0,0,28.5
8/24/1938,12.2,0,0,23.7
8/25/1938,14.4,0,0,22
8/26/1938,14.6,0,0,21.1
8/27/1938,14.8,3,7,21.4
8/28/1938,15.7,0,0,23.7
8/29/1938,15.4,10.6,10.9,22.3
8/30/1938,14.3,31.6,21.7,26.4
8/31/1938,11,7,2.8,33.2
9/1/1938,11.9,0,0,28.2
9/2/1938,13.5,0,0,24
9/3/1938,12.9,20.7,18.5,23.1
9/4/1938,11.5,24.2,10.2,34.6
9/5/1938,11.3,0,0.8,30.7
9/6/1938,10.9,4.5,2.5,22.3
9/7/1938,11.9,0,0.6,19.7
9/8/1938,14.2,0,0,18.2
9/9/1938,14.4,0.1,4.6,19.2
9/10/1938,13.3,0,2.6,23.7
9/11/1938,14.6,0,0,19.4
9/12/1938,14.2,0,0,18.7
9/13/1938,14.9,0,0,19.2
9/14/1938,16.7,0,2.3,21.7
9/15/1938,13.4,18,18,23.1
9/16/1938,11.5,0,0,21.7
9/17/1938,12.9,0,0,17.1
9/18/1938,14.5,0,0,16.7
9/19/1938,15.9,3.4,0,16.4
9/20/1938,14,0,0,15.3
9/21/1938,14.7,0,0,15.6
9/22/1938,16,0,0,18.2
9/23/1938,16.5,0,2.7,19.2
9/24/1938,18.4,0,2,18.7
9/25/1938,15.3,0,0,17.6
9/26/1938,15.4,0,0,18.7
9/27/1938,14.9,0,0,18.7
9/28/1938,16.5,0,0,18.4
9/29/1938,15.9,9.6,4.6,21.4
9/30/1938,15,15,20.9,21.7
10/1/1938,11.5,14,10.3,24.9
10/2/1938,11.6,0,0.3,16.1
10/3/1938,8.7,2.3,0,13.5
10/4/1938,8.7,19.2,19.3,21.7
10/5/1938,10.7,1,0.7,19.7
10/6/1938,11.2,0,0,15
10/7/1938,9.5,1.4,0.9,12.3
10/8/1938,10.2,0.7,0.5,12.3
10/9/1938,10.4,0,0,11
10/10/1938,12,0,0,11.2
10/11/1938,12.2,4.7,5.1,12.3
10/12/1938,9.6,0,0,12.8
10/13/1938,9.5,0,0,10.3
10/14/1938,10.4,0,0,9.81
10/15/1938,10.3,0,0,10.1
10/16/1938,10.6,0,0,11.2
10/17/1938,12.2,0,0,10.7
10/18/1938,13.1,2,1.5,10.3
10/19/1938,13.7,0,0,10.3
10/20/1938,9.9,0,0,8.61
10/21/1938,5.9,0,0,7.45
10/22/1938,7.1,0,0,6.88
10/23/1938,7,0,0,6.52
10/24/1938,5.9,0,0,6.01
10/25/1938,5.2,0,0,5.7
10/26/1938,7.4,3,1.6,5.55
10/27/1938,6.4,15,25,5.7
10/28/1938,3,5,5.5,5.7
10/29/1938,4.5,0,0,5.27
10/30/1938,4.1,0,0,5.13
10/31/1938,2.7,0,0,4.86
11/1/1938,4.5,0,0,4.72
11/2/1938,6.9,2.7,0,4.72
11/3/1938,5.7,0,0,4.86
11/4/1938,7.4,0.1,0,4.59
11/5/1938,9.7,0,0,5.7
11/6/1938,8.1,0,0,6.01
11/7/1938,4.9,0,0,5.13
11/8/1938,5.9,0,0,4.72
11/9/1938,4.7,0,0,4.46
11/10/1938,5.6,0,0,4.46
11/11/1938,5.1,0,0,4.2
11/12/1938,8.3,0,0,4.08
11/13/1938,7.1,0,0,4.08
11/14/1938,7.9,0,0,3.96
11/15/1938,6.7,0,0,3.84
11/16/1938,5.8,0,0,3.84
11/17/1938,7.9,0,0,3.62
11/18/1938,6.6,0,0,3.52
11/19/1938,4.9,0,0,3.32
11/20/1938,6.6,0,0,3.22
11/21/1938,7.1,6.9,9.6,3.22
11/22/1938,5.2,8,9.9,3.62
11/23/1938,4.7,6.4,7.6,3.84
11/24/1938,7.4,0.9,1.4,4.08
11/25/1938,4.1,0,0,4.08
11/26/1938,3.6,0,0,3.62
11/27/1938,2.8,0,0,3.41
11/28/1938,0.9,0,0,3.22
11/29/1938,4,0,0,3.32
11/30/1938,4.8,2.8,0.5,3.22
12/1/1938,3.9,0,0,3.13
12/2/1938,3.2,4.5,2.5,3.04
12/3/1938,3.5,1.5,2.8,2.96
12/4/1938,2.4,0,0,2.8
12/5/1938,3.4,14,7.9,2.73
12/6/1938,0.7,0,0,3.22
12/7/1938,1.5,0,0,2.73
12/8/1938,2,0,0,2.8
12/9/1938,2.7,0,0,2.8
12/10/1938,1.9,0,0,2.8
12/11/1938,4.2,0,0,2.8
12/12/1938,7.9,0,0,2.96
12/13/1938,5.2,0,0,2.88
12/14/1938,3.1,0,0,2.8
12/15/1938,1.9,0,0,2.73
12/16/1938,0.9,0,0,2.66
12/17/1938,-1,0,0,2.58
12/18/1938,-6.4,0,0,2.44
12/19/1938,-6.7,0,0,2.24
12/20/1938,-4.2,4.1,2,2.44
12/21/1938,-4.8,3,3,2.44
12/22/1938,-9.4,0,0.4,2.31
12/23/1938,-8.2,0,0.5,2.31
12/24/1938,-7.2,0,0,2.24
12/25/1938,-5,0,0,2.18
12/26/1938,-7.2,0,0,2.18
12/27/1938,-7,8.6,4.5,2.24
12/28/1938,-1.1,17,14.3,2.24
12/29/1938,-4,0,0,2.31
12/30/1938,-1.6,7.6,5.8,2.18
12/31/1938,0.6,5,2.9,2.24
1/1/1939,1.2,0.3,0,2.18
1/2/1939,2,6.6,6.2,2.24
1/3/1939,0.1,0,3,2.24
1/4/1939,-2.3,0,0,2.18
1/5/1939,-0.9,5,8.9,2.18
1/6/1939,-3.4,1,0,2.18
1/7/1939,-3.6,0,0,2.18
1/8/1939,0.1,0,0.4,2.18
1/9/1939,-2.9,0,0,2.18
1/10/1939,-2.9,0,0,2.11
1/11/1939,-0.5,0,0,2.11
1/12/1939,1.7,6,8.6,2.11
1/13/1939,0.2,0,0,2.04
1/14/1939,1,0,0,2.04
1/15/1939,2.3,0,0,2.04
1/16/1939,5,3.6,0.5,2.24
1/17/1939,5.4,0,0,2.88
1/18/1939,5.2,3.7,5.1,3.73
1/19/1939,4,1.1,1.1,4.08
1/20/1939,2.1,0,0,3.32
1/21/1939,4.2,0.7,0,2.96
1/22/1939,4.4,7,6,2.73
1/23/1939,2.8,36,33.9,2.88
1/24/1939,2,7.4,5,3.04
1/25/1939,0.6,2.1,0,2.8
1/26/1939,1.1,3.2,0,2.8
1/27/1939,-2.9,0,0,2.51
1/28/1939,-3.2,0,0,2.31
1/29/1939,-3.4,0,0,2.38
1/30/1939,-1.3,0,0,2.38
1/31/1939,-1.6,0,0,2.38
2/1/1939,-2.4,0,0,2.31
2/2/1939,-2.2,0,0,2.24
2/3/1939,-2.8,0,0,2.24
2/4/1939,-3.2,0,0,2.18
2/5/1939,-1.5,0,0,2.31
2/6/1939,-1.7,0,0,2.38
2/7/1939,-0.9,0,0,2.44
2/8/1939,-0.8,0,0,2.58
2/9/1939,2.2,0,0,2.8
2/10/1939,4.2,0,0,2.88
2/11/1939,2.5,0,0,2.73
2/12/1939,2.3,0,0,2.73
2/13/1939,1.5,3.9,7.2,2.8
2/14/1939,-0.8,0,0,2.58
2/15/1939,-3,0,0,2.44
2/16/1939,-1.1,0,0,2.44
2/17/1939,0.6,1.9,0,2.44
2/18/1939,3,0.8,1,2.44
2/19/1939,4,2.1,0.9,2.44
2/20/1939,2.4,3.7,0.5,2.44
2/21/1939,1.7,0,0,2.44
2/22/1939,0.3,0,0,2.31
2/23/1939,5.7,0,0,2.79
2/24/1939,7.4,0,0,2.44
2/25/1939,5.9,0,0,2.73
2/26/1939,5.6,5.2,3.6,2.88
2/27/1939,3.1,0.9,0.4,2.96
2/28/1939,1.7,2,4.1,2.73
3/1/1939,3.2,0,0,2.73
3/2/1939,4.2,0,0,2.51
3/3/1939,3.5,0,0,2.51
3/4/1939,4.9,0,0,2.73
3/5/1939,5.4,9.6,11.1,3.22
3/6/1939,7.8,20.3,9.9,6.18
3/7/1939,5.5,23,20.5,14
3/8/1939,1.7,6.6,9.8,9.42
3/9/1939,-0.5,15.1,8.4,6.7
3/10/1939,0.5,7.5,6,5.41
3/11/1939,-0.4,0,0,4.59
3/12/1939,-1.1,0,0,4.08
3/13/1939,-1.2,0,0,4.08
3/14/1939,-2.5,23.5,19,3.52
3/15/1939,-0.4,13.5,7.4,3.52
3/16/1939,-2.6,7.5,6.8,3.41
3/17/1939,-1.7,22.8,9.4,3.22
3/18/1939,-2,4.6,0.4,3.13
3/19/1939,-1.8,0,0,3.04
3/20/1939,-0.9,0,0,3.04
3/21/1939,-0.7,3.6,7.4,2.96
3/22/1939,0.7,5,4.2,2.88
3/23/1939,1.8,3,8,2.88
3/24/1939,1.8,0,1.1,2.88
3/25/1939,1.9,0,0,2.8
3/26/1939,2.2,0,0,2.8
3/27/1939,2.4,1.4,1.1,2.96
3/28/1939,3.1,0,0.6,2.96
3/29/1939,2.7,0,0,2.96
3/30/1939,3.2,0,0,3.41
3/31/1939,6,0,0,3.84
4/1/1939,8.2,0,0,5.41
4/2/1939,8.1,4,3.4,7.07
4/3/1939,7.2,0,0,8.61
4/4/1939,10.4,0,0,9.42
4/5/1939,9.2,1,0,13
4/6/1939,10.6,0,0.2,13.5
4/7/1939,10.7,0,0,15.6
4/8/1939,10.5,0,0,16.7
4/9/1939,10,0,0,17.6
4/10/1939,11.6,0,0,18.8
4/11/1939,14,0,0,21.2
4/12/1939,14.8,0,0,24.8
4/13/1939,15.2,0,0,26.7
4/14/1939,15.4,6.6,5.1,26
4/15/1939,8.8,1.4,1.3,25.4
4/16/1939,11.3,0,0,20.9
4/17/1939,9.4,5.6,7.2,20.3
4/18/1939,2.9,23,13.7,19.4
4/19/1939,6.8,0,0,15.5
4/20/1939,9.2,0,0,14.5
4/21/1939,11.1,0,0,15.3
4/22/1939,12.6,0,0,16.4
4/23/1939,8.2,0,0.6,17
4/24/1939,8.9,0,0,14.8
4/25/1939,9.1,0,0,13.3
4/26/1939,7.7,7.6,10.2,13.3
4/27/1939,5.6,18.6,30.9,14
4/28/1939,7.2,1.2,3.1,26
4/29/1939,6.9,7,9.5,12.5
4/30/1939,5.8,0,0.5,12.3
5/1/1939,9.5,0,0,12.1
5/2/1939,10.1,8.2,4.4,12.5
5/3/1939,7.7,5.8,7.1,13.3
5/4/1939,9.1,3.6,0.2,13
5/5/1939,8.9,1.2,0,12.3
5/6/1939,11.4,0,5.4,12.3
5/7/1939,9.6,8,8,13.8
5/8/1939,7,22.6,32.2,15.3
5/9/1939,7.6,14,20.5,16.4
5/10/1939,9.7,0,0,17
5/11/1939,10.2,8.7,4.3,15.3
5/12/1939,7.1,13,17.8,16.1
5/13/1939,6.8,4.8,1.4,15.8
5/14/1939,7,14.2,16.3,15.3
5/15/1939,9.8,2.9,2.5,15
5/16/1939,8.6,5.8,6.5,16.1
5/17/1939,9.6,0,0,15.3
5/18/1939,8.5,21.2,28.9,14
5/19/1939,9.3,2.6,3.5,19.4
5/20/1939,9.7,15,14.6,19.1
5/21/1939,7.5,10.3,14.7,22.4
5/22/1939,8.9,13,3.7,21.2
5/23/1939,9.6,0,0.3,19.1
5/24/1939,11.2,0,0,20.3
5/25/1939,7.6,7,6.2,21.5
5/26/1939,10.7,0,0,18.2
5/27/1939,13.7,0,0,20.6
5/28/1939,11.5,8,10.2,24.8
5/29/1939,10.7,1,0.2,23
5/30/1939,13.2,0,0,21.8
5/31/1939,13.4,0,0,25.7
6/1/1939,15.4,0,0,30.8
6/2/1939,16.8,0,0,37.6
6/3/1939,18,0,0,50.4
6/4/1939,19.2,0,0,60
6/5/1939,19.6,0,0,61.1
6/6/1939,21.1,0,1.9,64.6
6/7/1939,19,0,0,77.9
6/8/1939,19,1.6,0,73.4
6/9/1939,18.1,1.5,2.4,72.6
6/10/1939,17.1,13.6,12.2,69
6/11/1939,16.2,3.7,6.3,68.6
6/12/1939,10.5,6.7,10.1,62.3
6/13/1939,7.5,14.7,13.2,46.5
6/14/1939,8.9,0,0.9,34.6
6/15/1939,10.6,0,0,26.3
6/16/1939,15.5,0,0,25.7
6/17/1939,11.6,5,7.4,30.5
6/18/1939,15.2,0,0,30.8
6/19/1939,15.2,10.2,4.8,29.5
6/20/1939,12.9,5.7,2.6,35.5
6/21/1939,16.3,0,0,36.2
6/22/1939,17.7,2.6,0.9,41.5
6/23/1939,19.5,9.6,3.8,50.8
6/24/1939,15.2,12,9.9,55.3
6/25/1939,14.7,7.8,7.7,47.2
6/26/1939,14.6,5,16.1,51.5
6/27/1939,14.8,0,0.2,49.7
6/28/1939,17.9,0,0,41.8
6/29/1939,20.6,0,0,46.5
6/30/1939,18.6,24.6,29.9,55.3
7/1/1939,13.9,8.1,16.9,74.3
7/2/1939,12.9,0,0,51.1
7/3/1939,15.1,0,0,37.3
7/4/1939,18.4,0,0,36.6
7/5/1939,18.5,10,12.8,43.6
7/6/1939,16.4,7,0.9,51.1
7/7/1939,17.5,0,0,47.2
7/8/1939,20.8,0,0,49
7/9/1939,19.5,8.2,3.7,55.7
7/10/1939,17.9,0,1,52.3
7/11/1939,17.2,0,0,41.8
7/12/1939,17.3,0,0,37.3
7/13/1939,18.8,6.6,8.5,36.2
7/14/1939,17.4,1.6,0,48.7
7/15/1939,17.5,4,7,45.8
7/16/1939,13.1,13.6,14.4,61.5
7/17/1939,17.5,0,0,44.7
7/18/1939,18.6,0,0,38.7
7/19/1939,20,0,0,40.8
7/20/1939,16.7,1.4,3.4,42.9
7/21/1939,17.8,31.6,15.6,47.9
7/22/1939,13.5,17,9.8,54.9
7/23/1939,13.6,1.8,1.1,39.4
7/24/1939,13,7.9,10.1,31.1
7/25/1939,9.2,32,18.2,29.2
7/26/1939,13.6,8.3,7.1,34.9
7/27/1939,11.9,5,2,39
7/28/1939,15.7,0,0,30.5
7/29/1939,19.2,0,0,31.5
7/30/1939,20.6,0,0,37.3
7/31/1939,17,7.6,13.9,47.5
8/1/1939,18.3,0,0,46.5
8/2/1939,18.3,0,0,40.5
8/3/1939,16.7,22,6.8,36.2
8/4/1939,16.6,4.6,3.8,37.6
8/5/1939,14.1,44,55,69.7
8/6/1939,14.1,0,0,91.5
8/7/1939,15.3,4,4.8,52.3
8/8/1939,19,14.2,16.4,50.1
8/9/1939,16.2,0,0,59.3
8/10/1939,18.5,0,0,47.5
8/11/1939,18.2,0,0,44.7
8/12/1939,20,0,0,44.7
8/13/1939,18.4,0,0,42.3
8/14/1939,18.4,0,0,39.6
8/15/1939,15.9,0,0,37.6
8/16/1939,15.8,0,0,33.6
8/17/1939,16.8,0,0,31.7
8/18/1939,17.6,0,0,33.9
8/19/1939,17.5,14.9,3.4,35.9
8/20/1939,17.2,0.6,0,35.2
8/21/1939,17.2,13,5.6,33.2
8/22/1939,16.9,3.8,0,34.9
8/23/1939,16.4,2.1,0,33.2
8/24/1939,17.7,0,0,32.2
8/25/1939,15.7,24.6,10.1,37.6
8/26/1939,16.6,0.6,0.2,45.8
8/27/1939,18.5,0,0,40.6
8/28/1939,17.2,0.6,0.2,37
8/29/1939,18.7,0.6,2.6,35.6
8/30/1939,17.6,16.3,0,35.6
8/31/1939,17.4,4.3,1.4,35.2
9/1/1939,18.4,12,1.4,35.6
9/2/1939,18.6,0,0,38.3
9/3/1939,18.3,0,6.3,42.6
9/4/1939,14.2,24.6,30.1,55
9/5/1939,13.5,0,0.2,45.1
9/6/1939,15,0,0,33.2
9/7/1939,15.9,0,0,30.9
9/8/1939,17.3,0,0,30.9
9/9/1939,17,0,0,29.6
9/10/1939,17.6,0,0,27.6
9/11/1939,17.6,0,0,28.4
9/12/1939,13.8,10,7.9,27.6
9/13/1939,12.4,1.6,2.9,24.8
9/14/1939,11.5,10,16.1,19.8
9/15/1939,10.6,3,1.1,22.1
9/16/1939,11.2,1.6,0,18.1
9/17/1939,12.6,0,0,16.6
9/18/1939,10.6,10.6,8.2,18.8
9/19/1939,11.6,0,1.1,16.3
9/20/1939,12.5,6.9,3.5,15.7
9/21/1939,11.7,2,2.3,16
9/22/1939,11.4,0,0,15
9/23/1939,10.9,0,0,14
9/24/1939,12.6,0,0,13.5
9/25/1939,9.9,0,0,12.5
9/26/1939,10.4,0,0,12
9/27/1939,9.4,0,0,11.5
9/28/1939,7.6,0,0,11.1
9/29/1939,6.8,0,0,10.4
9/30/1939,6.3,0,0,10
10/1/1939,12,1.6,0.6,9.8
10/2/1939,11.7,3,4.2,10.2
10/3/1939,10.4,16,11.8,10.8
10/4/1939,10.3,2,0.1,14.5
10/5/1939,10.8,22,22.2,17.1
10/6/1939,7.5,16,17.2,24.5
10/7/1939,6.4,14.6,16,19.2
10/8/1939,6.6,0,0,16.3
10/9/1939,6.9,22,22.2,16.6
10/10/1939,9.8,8,10.8,52.8
10/11/1939,9.4,0,0,33.6
10/12/1939,9.4,0,0.2,23.3
10/13/1939,11,3.2,4.6,20.4
10/14/1939,14,0,0,23
10/15/1939,14.5,10,10,23
10/16/1939,12.2,0.7,1.5,29.9
10/17/1939,12.5,0,0.2,27.6
10/18/1939,14.1,1.1,0,30.2
10/19/1939,12.7,3,3.2,30.9
10/20/1939,9.1,1.4,1.3,22.7
10/21/1939,8.1,0,1.5,17.1
10/22/1939,4.2,4.6,3.2,15
10/23/1939,3.9,4.7,0.7,13.5
10/24/1939,4.6,3,0.5,12.2
10/25/1939,5.1,13.3,15.1,12
10/26/1939,1.2,10.2,5.1,11.5
10/27/1939,0.2,9.8,6.1,10.6
10/28/1939,0.8,4.1,0.6,10
10/29/1939,1.7,0,0,9.8
10/30/1939,1.5,0,0,9.6
10/31/1939,4.1,0,0,9.8
11/1/1939,3.3,0,0,9.8
11/2/1939,4.3,0,0,9.6
11/3/1939,7.3,0,0,9.4
11/4/1939,7.8,12.6,13,12
11/5/1939,4.6,9.4,9.4,14
11/6/1939,7.4,4,4.3,18.1
11/7/1939,8.9,0,0,21
11/8/1939,7.8,0,0,17.8
11/9/1939,7.9,4,0.2,15.5
11/10/1939,11.9,0,0,14
11/11/1939,7.1,0,0,13
11/12/1939,7.7,0,0,12
11/13/1939,6,0,0,11.1
11/14/1939,5,0,0,10.4
11/15/1939,7.7,7.1,4.4,10
11/16/1939,6.2,25,32.3,10.2
11/17/1939,10.1,61.1,68.9,57
11/18/1939,10.4,1,2,70.6
11/19/1939,6.6,21,36,36.6
11/20/1939,3.9,6.1,8.2,26.7
11/21/1939,1.1,0,0,20.3
11/22/1939,-0.8,0,0,15.8
11/23/1939,-2.4,0,0,13.8
11/24/1939,-0.7,0,0,12.3
11/25/1939,2,0,0,11.4
11/26/1939,2.9,1.4,2.8,10.6
11/27/1939,6.1,2.1,6,12.8
11/28/1939,4.1,4.5,2.9,13.8
11/29/1939,4.2,19,15.9,16.1
11/30/1939,8.2,0,0,21.8
12/1/1939,5.7,0,0,17
12/2/1939,5.3,4.6,11.4,14.3
12/3/1939,3.7,1,0.5,13.3
12/4/1939,3.2,1,0,11.6
12/5/1939,2.4,9.3,7.6,10.8
12/6/1939,1,12,11.9,10
12/7/1939,0.1,2,0,9
12/8/1939,-2.2,1.4,0,8.28
12/9/1939,1.8,6,4.6,8.64
12/10/1939,3.3,12.5,10.5,8.46
12/11/1939,4.1,4.6,6.6,10.6
12/12/1939,0.7,0,0,9.4
12/13/1939,-0.3,0,0,8.64
12/14/1939,0,0,0,7.92
12/15/1939,-0.7,0,0,6.88
12/16/1939,-0.7,0,0,6.88
12/17/1939,-0.6,0,0,6.56
12/18/1939,0.3,0,0,6.24
12/19/1939,-0.3,0,0,5.92
12/20/1939,-0.1,0,2.9,5.76
12/21/1939,-1.7,0,0,5.43
12/22/1939,-1.6,0,0,5.1
12/23/1939,-1.7,0,0,4.94
12/24/1939,-3.5,0,0,4.79
12/25/1939,-1.9,0,0,4.79
12/26/1939,-3.5,0,0.2,4.65
12/27/1939,-0.3,2,3.5,4.65
12/28/1939,-2.5,0,0,4.38
12/29/1939,-6.8,3.4,2.4,3.91
12/30/1939,-8.4,0,0,3.71
12/31/1939,-3.9,0,0,4.13
1/1/1940,-4.1,0,0,3.91
1/2/1940,-6.6,0,0,3.71
1/3/1940,-2.5,0,0.9,3.71
1/4/1940,1.7,0,0,3.81
1/5/1940,0.7,0,0,3.71
1/6/1940,0.7,0,0,3.62
1/7/1940,0.6,0,0,3.52
1/8/1940,3,6.6,3.5,3.62
1/9/1940,0.4,0,1.8,3.52
1/10/1940,-6.7,0,0,3.42
1/11/1940,-7.6,2.3,0,3.06
1/12/1940,-7.7,0,0,2.98
1/13/1940,-3.5,0,0,3.15
1/14/1940,-2.8,0,0,3.15
1/15/1940,-2.6,0,0,3.06
1/16/1940,-2.5,3.4,2.9,2.98
1/17/1940,-6.4,6,1,2.98
1/18/1940,-11.6,0.4,0,2.82
1/19/1940,-13.2,4,0,2.82
1/20/1940,-12.1,2.6,1.1,2.82
1/21/1940,-9.7,0,0,2.74
1/22/1940,-6.9,0,0,2.74
1/23/1940,-7.4,0,0,2.74
1/24/1940,-8.4,0,0,2.67
1/25/1940,-6,0,0,2.67
1/26/1940,-5.2,0,0,2.67
1/27/1940,0.9,67,71.1,3.06
1/28/1940,1.5,22.6,23.8,7.56
1/29/1940,-0.1,1.6,0.4,4.13
1/30/1940,0.9,5.2,6.5,3.62
1/31/1940,2.1,0,0,3.62
2/1/1940,2.6,2.2,2,3.42
2/2/1940,1.7,0,0,3.33
2/3/1940,1.6,0,0,3.15
2/4/1940,2.4,2,0,3.15
2/5/1940,1.9,0,0,3.06
2/6/1940,3,0.6,0,2.98
2/7/1940,2.8,2.6,1.3,2.98
2/8/1940,3.9,0,0,3.15
2/9/1940,1.7,15,15,3.15
2/10/1940,1.9,0,0.5,3.15
2/11/1940,0.4,1,0,3.15
2/12/1940,-1.1,16,12,3.15
2/13/1940,-11.4,1.6,0,2.9
2/14/1940,-11.1,0.6,0,2.9
2/15/1940,-6.9,3,0,3.06
2/16/1940,-5.6,0,0,3.06
2/17/1940,-2.1,10,7.5,2.9
2/18/1940,-1.8,14.2,6.3,2.98
2/19/1940,5.4,22.2,45.8,4.13
2/20/1940,4,7.6,6.2,16.1
2/21/1940,2,0,0,8.82
2/22/1940,-0.7,0,0,7.04
2/23/1940,2.5,0,0,6.72
2/24/1940,5.1,0,0,6.72
2/25/1940,3.1,0,0,6.56
2/26/1940,3.8,0,0,6.24
2/27/1940,5.4,0,0,5.6
2/28/1940,6.6,0,0,6.08
2/29/1940,7.6,0,0,7.2
3/1/1940,6.4,0,0,8.64
3/2/1940,0.7,0,0,8.46
3/3/1940,3.2,0,0,7.56
3/4/1940,4.1,0,0,7.04
3/5/1940,2.7,0,0,6.88
3/6/1940,-2,7.7,2.6,6.4
3/7/1940,-2.9,2,0.6,5.6
3/8/1940,-2.2,0.5,0,5.26
3/9/1940,-1.2,0,0,4.8
3/10/1940,4.3,0,0,4.8
3/11/1940,4,0,0,4.8
3/12/1940,5.8,0,0,4.94
3/13/1940,6.8,10,6,5.43
3/14/1940,7.1,12,24,7.74
3/15/1940,2.2,0,0,8.1
3/16/1940,2.7,0,0,6.56
3/17/1940,4.7,30,35.5,6.24
3/18/1940,9.1,1.8,3.5,27.7
3/19/1940,8.2,1.6,0,27.3
3/20/1940,7.7,0,0,19.7
3/21/1940,6.5,0,0,14.6
3/22/1940,7.7,4.6,0,12.3
3/23/1940,8.3,0,0,13.3
3/24/1940,8.5,0,0,12.8
3/25/1940,13.6,0,0,12.6
3/26/1940,9.3,0,0,13.6
3/27/1940,5.7,3.6,2.5,12.8
3/28/1940,1.4,7.1,4.3,11
3/29/1940,-1.8,0.5,1,9.6
3/30/1940,0.6,11,6.9,8.46
3/31/1940,5.4,0,0,8.28
4/1/1940,7.2,0,0,8.46
4/2/1940,9.5,0.6,0,9.2
4/3/1940,7.7,14.4,16.5,9.4
4/4/1940,5.4,51.6,53,11
4/5/1940,2.9,21.3,19,18.2
4/6/1940,3.6,5.6,4.7,12.1
4/7/1940,3.9,0,0,10.2
4/8/1940,4.6,5.4,0,9.6
4/9/1940,2.5,8.6,4.8,9.2
4/10/1940,3,1.6,0.7,8.28
4/11/1940,4.9,0,0,7.92
4/12/1940,4.1,3.2,2,7.56
4/13/1940,4.6,2.5,0.9,7.38
4/14/1940,3.9,1,0,7.04
4/15/1940,7,0,0,7.2
4/16/1940,9.4,0,0,9
4/17/1940,11,0,0,10.6
4/18/1940,9.1,2,5,13.6
4/19/1940,8.1,0,0,14.8
4/20/1940,11.1,0,0,13.6
4/21/1940,13.1,0,0,15
4/22/1940,13.9,0,0,17.6
4/23/1940,16.6,0,0,20.3
4/24/1940,15.1,0,1.1,28.6
4/25/1940,11.3,0.5,0.3,25.4
4/26/1940,11.8,0,0,22.4
4/27/1940,11.2,6,4.8,23
4/28/1940,12.1,0.4,0,25.1
4/29/1940,12.7,0,0,25.1
4/30/1940,13.9,0,0,25.7
5/1/1940,13.6,0,0,25.4
5/2/1940,13,0,0,24.8
5/3/1940,9.4,4.2,5.6,25.1
5/4/1940,11.1,3.2,0,23.3
5/5/1940,9.7,10,8.6,21.2
5/6/1940,11.2,0,0,21.8
5/7/1940,11.1,0,0,21.8
5/8/1940,11.5,0,0,21.5
5/9/1940,12.9,0,0,20.6
5/10/1940,13.8,0,0,21.2
5/11/1940,12.2,0.6,3.2,22.4
5/12/1940,7.3,1.6,0,22.4
5/13/1940,10.7,0,0,21.5
5/14/1940,13.4,0,0,22.4
5/15/1940,12.9,1.9,0,24.5
5/16/1940,11.1,9.2,12.2,23.9
5/17/1940,4.7,3.6,10.3,21.2
5/18/1940,8.8,0,0,17
5/19/1940,11.3,0,0,15.8
5/20/1940,12.8,0,0,16.1
5/21/1940,15.4,0,0,18.2
5/22/1940,13.6,2.6,1.2,22.7
5/23/1940,11.6,4.7,11.3,25.1
5/24/1940,14.2,0,0,25.7
5/25/1940,17.5,0,0,28.6
5/26/1940,17.4,9.6,9.5,33.9
5/27/1940,15.8,0,0,44.3
5/28/1940,13.6,19.6,11.1,41.2
5/29/1940,10.3,47.6,38.1,51.9
5/30/1940,9.4,18.6,16.7,54.5
5/31/1940,12.2,2.6,4.1,50.1
6/1/1940,13.6,0,0,37
6/2/1940,12.6,0,0,31.8
6/3/1940,14,0,0,31.2
6/4/1940,15.9,0,0,32.8
6/5/1940,16.8,0,0,36.2
6/6/1940,15.1,0,0,39.8
6/7/1940,17.2,0,0,41.5
6/8/1940,17.7,0,0,41.8
6/9/1940,18.1,0.1,0,42.9
6/10/1940,17.3,0.5,0,43.2
6/11/1940,17.1,11.2,6.4,43.6
6/12/1940,13.7,16.7,14.1,52.3
6/13/1940,13.5,7.7,4.8,45.8
6/14/1940,14.6,4.2,2.9,35.2
6/15/1940,13.6,21.4,23.9,32.5
6/16/1940,12.9,5,4.6,46.5
6/17/1940,14,1.6,1.9,37.3
6/18/1940,15.1,0,0.3,34.9
6/19/1940,14.8,1,3.9,38
6/20/1940,16,0,0,36.6
6/21/1940,15.4,0.6,1.3,35.6
6/22/1940,15.6,4,0,38
6/23/1940,16.7,0,0,39.8
6/24/1940,14.8,5,0,39.4
6/25/1940,10.8,76.6,29.7,52.8
6/26/1940,13.4,2.6,3.5,60
6/27/1940,12.9,1,3.6,41.4
6/28/1940,12.2,0,0.3,31.1
6/29/1940,15.2,0,0,26.6
6/30/1940,16.5,0,0,27.6
7/1/1940,18.5,0,0,34.8
7/2/1940,19.3,0,0,41.4
7/3/1940,19.2,7.2,19.8,49.4
7/4/1940,14.4,7,10.1,58.8
7/5/1940,16.2,0,0,47.4
7/6/1940,18.7,0,0.9,41
7/7/1940,16.7,25.6,30.4,52.6
7/8/1940,12.9,15.2,15.2,92.7
7/9/1940,14.6,0,0,65.4
7/10/1940,17.9,0,0,46
7/11/1940,15.3,30.6,13.1,49.5
7/12/1940,11.7,3,6.2,61.1
7/13/1940,13.5,0,0,39.6
7/14/1940,17.2,0,0.5,35.6
7/15/1940,19.1,6.3,4.9,46.9
7/16/1940,12.6,15.2,14.1,53
7/17/1940,13.2,14,9.4,47.1
7/18/1940,14.6,0.6,0,49.4
7/19/1940,16.7,0,0,40.4
7/20/1940,18.4,15.6,18,41
7/21/1940,18,2.3,0,61.8
7/22/1940,15.4,20,22.7,47.2
7/23/1940,16.9,3.2,1.2,80.8
7/24/1940,19.6,0,0,67.7
7/25/1940,19,0,0,61.4
7/26/1940,18.5,20,11.5,71.3
7/27/1940,17,1,4.5,73.8
7/28/1940,14.9,0,0,57.3
7/29/1940,15.4,0,0,42.2
7/30/1940,15.2,0,0,37.2
7/31/1940,15.6,0,0,34.5
8/1/1940,18,0,0,37.9
8/2/1940,18.6,0,0,40.7
8/3/1940,19.6,0,0,43.2
8/4/1940,19.9,0,0,45.7
8/5/1940,19.4,2,7.2,44.6
8/6/1940,17.5,10,3.8,49
8/7/1940,19.9,1.2,0,41.8
8/8/1940,19.2,0,0,44.6
8/9/1940,19.8,0,0,43.2
8/10/1940,18,11.2,8.6,49.4
8/11/1940,18.9,0,0,49.4
8/12/1940,17,0,0,40.7
8/13/1940,16.5,0,0,34.5
8/14/1940,15,0,0,31.1
8/15/1940,16.5,0,0,29.9
8/16/1940,18,0,0,29.9
8/17/1940,15.4,0,0,29
8/18/1940,16.9,0,0,31.1
8/19/1940,19,8.6,8.6,29.9
8/20/1940,13.6,2,2,35.2
8/21/1940,11.6,14.5,20.8,24.7
8/22/1940,9.1,14.6,15.4,32.5
8/23/1940,12.1,9.4,2.8,26.3
8/24/1940,9.6,1,0.6,26.6
8/25/1940,11.9,0,0,22
8/26/1940,14.9,0,0,22.6
8/27/1940,17.5,4.2,0,24.7
8/28/1940,14.2,18,5.1,28.6
8/29/1940,15.6,0,0,29
8/30/1940,12.9,0,0,24.7
8/31/1940,12.2,0,0,21.4
9/1/1940,13.7,0,0,20.5
9/2/1940,16.7,0,0,21.4
9/3/1940,17.6,0,0,21.4
9/4/1940,17.3,0,0,21.1
9/5/1940,18,0,0,21.7
9/6/1940,17.6,0,0,22.6
9/7/1940,17.7,0,0,22.9
9/8/1940,14.3,11.2,3.5,24.4
9/9/1940,12.1,28.3,25.3,26
9/10/1940,7.8,20,22.7,28.2
9/11/1940,8.8,12.2,8.3,26
9/12/1940,9,1,0.2,26
9/13/1940,10.7,1.6,1.2,21.4
9/14/1940,10.3,19.2,14.5,22
9/15/1940,10.2,31.6,25.7,50.4
9/16/1940,13.1,0,0,35.2
9/17/1940,14.2,0,0,27.3
9/18/1940,15.1,0,0,25
9/19/1940,16,1.5,3.1,23.8
9/20/1940,16.8,0,0.5,25
9/21/1940,17.7,0,0,27.6
9/22/1940,17,0,0,27.3
9/23/1940,17.2,9.1,0.3,24.1
9/24/1940,14.8,1.4,0.1,22.3
9/25/1940,13.9,23.3,21.6,30.5
9/26/1940,12,0,0,33.4
9/27/1940,13.2,0,0,27
9/28/1940,13.8,31,21.4,31.1
9/29/1940,7.3,0,0.5,38.2
9/30/1940,7.3,0,0,23.8
10/1/1940,9.3,0,0.9,19.3
10/2/1940,10.5,0,2.4,17.8
10/3/1940,9.7,0,0.3,21.4
10/4/1940,10.3,0,0.9,16.4
10/5/1940,10.4,0,0,14.3
10/6/1940,11.5,0,0,13
10/7/1940,11.9,28.6,24.1,15.3
10/8/1940,11.7,3.5,5.2,34.8
10/9/1940,11.3,0,0,26.3
10/10/1940,12.5,4.6,7.6,20.8
10/11/1940,7.5,29.6,41.3,37.4
10/12/1940,8.6,0,0,30.5
10/13/1940,8.9,0,0,22.6
10/14/1940,8.4,2.5,1.5,18.7
10/15/1940,10.4,0,0,16.9
10/16/1940,9.6,0,0,15
10/17/1940,11,0,0,14
10/18/1940,10.4,0,0,13.6
10/19/1940,9,0,0,12.6
10/20/1940,9.7,0,0,11.6
10/21/1940,9.7,0,0,10.7
10/22/1940,6.5,0,0,10.1
10/23/1940,7.3,0,0,9.42
10/24/1940,8.8,0,0,8.85
10/25/1940,6.8,5.6,2.8,8.85
10/26/1940,3.4,1.6,0.8,8.65
10/27/1940,2.8,9.6,4.4,7.92
10/28/1940,2.2,0,0,7.4
10/29/1940,2,3.6,0.5,7.05
10/30/1940,1.3,0,0.2,6.7
10/31/1940,4.8,0,0.4,6.55
11/1/1940,9,29.8,22.5,10.9
11/2/1940,5.2,2.2,2.3,18.4
11/3/1940,6.7,4.2,2,12.6
11/4/1940,16.2,0,0,12.6
11/5/1940,8.9,0,1.4,10.9
11/6/1940,8.3,4.4,4.4,10.3
11/7/1940,5.8,9,7.5,9.25
11/8/1940,4.9,0,0,8.85
11/9/1940,1.1,0,0,8.1
11/10/1940,4.3,0,0,7.75
11/11/1940,4.7,0,0,7.22
11/12/1940,7.5,8,9,7.22
11/13/1940,7.4,0,0,7.62
11/14/1940,7,8,8,7.4
11/15/1940,3.5,12.6,15,8.28
11/16/1940,4.9,0,0,7.92
11/17/1940,3.4,23.6,20.9,7.75
11/18/1940,2.3,0,0,7.75
11/19/1940,3.4,3.5,0,7.75
11/20/1940,4.1,0,0,7.62
11/21/1940,5.1,0,0,7.62
11/22/1940,5.6,2.6,2.1,7.4
11/23/1940,4.8,2,3.4,7.05
11/24/1940,4.5,0,0,6.7
11/25/1940,1.2,0,0,6.1
11/26/1940,-0.6,0,0,5.92
11/27/1940,0.4,0,0,5.58
11/28/1940,0.3,5.6,7.9,5.4
11/29/1940,-1.7,2.7,0,5.1
11/30/1940,-1.3,0,0,4.98
12/1/1940,-1.9,0,0,4.6
12/2/1940,-4.4,0,0,4.22
12/3/1940,-3.2,0,0,4.35
12/4/1940,-2,0,0,4.48
12/5/1940,1.1,3,3.6,4.35
12/6/1940,2.3,5.4,9.2,4.48
12/7/1940,1.2,2.5,6.6,4.48
12/8/1940,0,18.4,19.6,4.35
12/9/1940,-0.8,18.5,14.5,4.1
12/10/1940,1.1,14,15.3,4.22
12/11/1940,0.7,6.2,9.1,4.35
12/12/1940,-0.7,17.5,13.5,4.1
12/13/1940,-0.9,4.5,0.9,4.1
12/14/1940,-6.5,0,0,3.9
12/15/1940,-6.5,0,0,3.6
12/16/1940,-6.1,0,0,3.7
12/17/1940,-7.7,0,0,3.7
12/18/1940,-6.1,0,0,3.5
12/19/1940,-2.8,0,0,3.5
12/20/1940,-2.5,0,0,3.8
12/21/1940,-4,0,0,3.9
12/22/1940,-7.6,0,0,3.8
12/23/1940,-4.7,0,0,3.7
12/24/1940,-10.1,0,0,3.3
12/25/1940,-10.8,0,0,3.5
12/26/1940,-9.5,0,0,3.9
12/27/1940,-6.4,0,0,3.7
12/28/1940,-6.2,0,0,3.4
12/29/1940,-5.9,0,0,3.5
12/30/1940,-3,7,6.6,3.4
12/31/1940,1.5,2,0.7,3.5
1/1/1941,2.7,1,0,3.53
1/2/1941,-0.7,0,2.6,3.53
1/3/1941,-9.5,3,0.2,3.42
1/4/1941,-9.1,0,0,3.12
1/5/1941,-7.1,3.6,0,3.12
1/6/1941,-5.9,0,0,3.12
1/7/1941,-2.4,0,0,3.12
1/8/1941,-3.3,0,0,3.02
1/9/1941,-7.5,0.6,0.2,2.93
1/10/1941,-9.1,0,0,2.75
1/11/1941,-5.2,0,0,2.84
1/12/1941,-6.5,0,0,2.42
1/13/1941,-7.5,0,0,2.27
1/14/1941,-6.1,0,0,2.13
1/15/1941,-7.2,0,0,2.75
1/16/1941,-6.7,1.7,3.4,2.84
1/17/1941,-7.5,0,0.2,2.75
1/18/1941,-4.7,7.2,1.7,2.5
1/19/1941,2.2,4.5,2.1,2.42
1/20/1941,2.7,0,0.3,2.42
1/21/1941,5.6,0,0,2.42
1/22/1941,3.6,0,0,2.66
1/23/1941,2.9,0,0,2.5
1/24/1941,3.6,5.2,2.2,2.42
1/25/1941,3,10,5.7,2.66
1/26/1941,3.2,3.5,1.8,2.66
1/27/1941,2.5,1,0,2.66
1/28/1941,0.1,0,0,2.58
1/29/1941,1.5,0,0,2.5
1/30/1941,2,0,0,2.75
1/31/1941,1.7,0,0.2,2.84
2/1/1941,2.3,0,5.8,2.66
2/2/1941,-0.8,0,0,2.66
2/3/1941,-0.4,0,1.2,2.58
2/4/1941,-3,3,1.6,2.58
2/5/1941,-4.7,0,0,2.5
2/6/1941,-5.4,13.1,14.7,2.35
2/7/1941,-0.3,5.7,12,2.5
2/8/1941,1.8,12.4,11.6,3.32
2/9/1941,2.8,0,0,3.66
2/10/1941,1.5,0,0,3.53
2/11/1941,1.3,0,0,3.66
2/12/1941,3,0,0,3.66
2/13/1941,3.5,16.4,7.4,3.98
2/14/1941,2.3,1.5,0,4.09
2/15/1941,2.9,0,0.4,3.98
2/16/1941,6.2,0,0,3.64
2/17/1941,1.7,0,0,3.53
2/18/1941,2,0,0,3.42
2/19/1941,1.5,0,0.4,3.12
2/20/1941,1.6,3.5,6.2,3.02
2/21/1941,-0.4,3.4,3.4,3.02
2/22/1941,-1.2,7,2.6,3.02
2/23/1941,1.2,3.4,3.6,2.93
2/24/1941,-0.4,1,4.4,2.84
2/25/1941,-0.1,0,0,2.84
2/26/1941,-1.9,0,0,2.66
2/27/1941,0.7,0,0,2.66
2/28/1941,3.9,0,0,2.93
3/1/1941,5.6,0,0,3.22
3/2/1941,5,2.5,0,3.64
3/3/1941,7.2,10.6,8.7,4.21
3/4/1941,3.6,2.2,2.2,4.69
3/5/1941,1.7,1.5,3.6,4.33
3/6/1941,2.2,0,0,4.21
3/7/1941,7.7,0,0,4.09
3/8/1941,4.3,8.4,6,5.07
3/9/1941,2.5,0,0,4.69
3/10/1941,1.4,0,0,4.57
3/11/1941,3.9,0,0,4.45
3/12/1941,3.1,0,0,4.45
3/13/1941,2.3,0,0,4.45
3/14/1941,3.4,0,0,4.82
3/15/1941,5.4,0,0,5.2
3/16/1941,6.4,0,0,5.63
3/17/1941,6.2,0,1,6.09
3/18/1941,2.1,0,0,5.93
3/19/1941,1.3,0,0,5.63
3/20/1941,3.3,0,0,5.78
3/21/1941,4.7,0,0,6.09
3/22/1941,6.5,0,0,6.24
3/23/1941,8.8,7.5,9.4,5.63
3/24/1941,2.7,1.2,1.1,5.93
3/25/1941,7.1,0,0,5.34
3/26/1941,10.4,0,0,5.48
3/27/1941,10.2,0,0,6.89
3/28/1941,9.2,3.2,3.6,8.11
3/29/1941,5.8,1.5,0,7.57
3/30/1941,6.7,0,0,6.89
3/31/1941,3.6,14.5,5.6,6.89
4/1/1941,5.7,8.2,4.6,6.56
4/2/1941,4.7,0,1.4,6.72
4/3/1941,7.3,0,0,6.4
4/4/1941,8.7,0,0.1,6.25
4/5/1941,6.2,1.6,7.2,6.4
4/6/1941,6.4,29.2,12.3,7.75
4/7/1941,2.1,7.6,4.8,8.86
4/8/1941,2.6,0,0,7.4
4/9/1941,1,0,0,6.4
4/10/1941,0.3,0,0,5.93
4/11/1941,1.7,0,0,5.48
4/12/1941,5.8,0,0,5.34
4/13/1941,9,0,0,5.34
4/14/1941,11.3,0,0,6.89
4/15/1941,8.9,10.6,8.9,9.05
4/16/1941,5.4,1,1.4,9.87
4/17/1941,8,0,0.2,8.86
4/18/1941,10.1,1,0.2,10.1
4/19/1941,7.5,0,0,10.5
4/20/1941,11.1,0,2.5,10.3
4/21/1941,10.4,0,0,11.9
4/22/1941,9.6,0,0,12.7
4/23/1941,10.3,0,0,13.9
4/24/1941,8.3,0,0,14.9
4/25/1941,5.9,3.5,0.9,14.4
4/26/1941,4.5,4.6,2.6,13.4
4/27/1941,5,1.5,0.9,11.2
4/28/1941,7.3,0,0,9.87
4/29/1941,11.4,0,0,10.5
4/30/1941,10.3,3.2,1,12.9
5/1/1941,9.5,0,0,15.2
5/2/1941,8.9,9.6,8.4,14.9
5/3/1941,5.5,4.6,0.8,14.2
5/4/1941,6.4,0,0,11.9
5/5/1941,6.4,0,0,11.4
5/6/1941,8.3,0,0,11.4
5/7/1941,8.3,0,0,11.4
5/8/1941,8.6,0,0,13.2
5/9/1941,9.6,0,0,14.6
5/10/1941,10.3,11.2,8,15.6
5/11/1941,5.1,3,1.1,14.9
5/12/1941,6.3,0,0,12.2
5/13/1941,9.2,0,0,10.9
5/14/1941,11.7,0,0,12.9
5/15/1941,14,12.2,10.2,15.9
5/16/1941,8.6,1.5,0.7,17.4
5/17/1941,10.6,0.1,0,16.2
5/18/1941,11.4,9.6,9,18
5/19/1941,7.3,20.5,16.8,24
5/20/1941,8,10,8.1,23.1
5/21/1941,8.6,6,2.6,21.3
5/22/1941,12.1,0,0,18.9
5/23/1941,12,2,10,21
5/24/1941,7.1,4.4,5,25.8
5/25/1941,10.7,0,0,20.7
5/26/1941,9.7,5,2,18.9
5/27/1941,10.9,0,0,18.6
5/28/1941,11.1,8.5,6.6,19.2
5/29/1941,11.1,1,0,23.4
5/30/1941,10.7,20,15.5,21
5/31/1941,8.6,9,6,28.8
6/1/1941,13.9,0,0,25.5
6/2/1941,16.6,0,0,27.8
6/3/1941,18.1,0,0,33.8
6/4/1941,19.4,4,2.6,46.3
6/5/1941,12.9,16.4,1.8,61
6/6/1941,12.8,0,0.3,51.2
6/7/1941,12.9,4.4,6.1,39.3
6/8/1941,13,4.5,0.3,35.8
6/9/1941,13.6,8,6.5,31.4
6/10/1941,12.4,8,3.6,38.3
6/11/1941,10.9,14.2,6.4,39
6/12/1941,11.9,11.5,7.5,37.2
6/13/1941,9.2,4,5,46
6/14/1941,11,0,0,35.8
6/15/1941,12.2,1,0,28.2
6/16/1941,15,0,0,29.2
6/17/1941,16.2,0,0,34.4
6/18/1941,18.5,0,0,40.4
6/19/1941,20.4,0,0,48.6
6/20/1941,21.3,0,0,56.5
6/21/1941,21.6,0,0,59.1
6/22/1941,21.2,0,0,58.8
6/23/1941,21.2,0,0,62.2
6/24/1941,21.9,0,0,62.2
6/25/1941,20.2,6,0,62.2
6/26/1941,19.4,3,16.5,67.4
6/27/1941,17.5,7,6.1,70.6
6/28/1941,19.4,0,0,61.8
6/29/1941,17.4,0,0,52.7
6/30/1941,16,0,0,44.3
7/1/1941,18.3,0,0,39.7
7/2/1941,17.8,0,0,38.6
7/3/1941,19.6,0,0,37.6
7/4/1941,20.5,0,0,36.9
7/5/1941,22.5,0,0,41.4
7/6/1941,22.3,0,0,48.6
7/7/1941,23.1,0,0,55
7/8/1941,23.4,0,0,59.1
7/9/1941,21.4,0,0,57.7
7/10/1941,21.4,0,0,52.7
7/11/1941,21.1,0,0,52
7/12/1941,20.7,0,0,53.8
7/13/1941,20.1,4.2,0,53.1
7/14/1941,18.5,9.5,1.5,50.5
7/15/1941,18.1,25.5,8.4,45.3
7/16/1941,13.2,17.4,13,61
7/17/1941,16.1,0,0.4,41.8
7/18/1941,17.4,0,0,34.1
7/19/1941,18.5,0.5,0.9,32.9
7/20/1941,17.3,4.5,5,32
7/21/1941,17.6,0,0,32.9
7/22/1941,17.9,0,0,29.8
7/23/1941,19.3,0,0,41.8
7/24/1941,20.2,4.2,1.6,44.6
7/25/1941,23.3,0,0,58.4
7/26/1941,19.6,6.5,9.5,58
7/27/1941,16.1,38.1,33.1,55.3
7/28/1941,16.8,0.5,1.5,66.6
7/29/1941,16.9,9,12.5,41.1
7/30/1941,12.5,10.1,6.9,51.2
7/31/1941,12,1,1,34.1
8/1/1941,14.5,1.4,0,27.8
8/2/1941,18.1,0,0,27.8
8/3/1941,17.2,32.5,9.5,34.4
8/4/1941,15.6,3,1.3,39.7
8/5/1941,15.7,20,19.5,34.1
8/6/1941,13.6,1,0,50.2
8/7/1941,11.9,6,4.4,29.8
8/8/1941,13.6,22.6,8.4,24.9
8/9/1941,13.1,7.2,9.5,40.4
8/10/1941,15.6,1,0,34.8
8/11/1941,18.6,1,0,34.4
8/12/1941,17.5,20.2,18.1,41.1
8/13/1941,14.7,0,0.6,56.9
8/14/1941,16.7,0,0,41.8
8/15/1941,19.6,0,0,42.1
8/16/1941,17.6,25.3,14.7,43.9
8/17/1941,13,0,0,58.4
8/18/1941,17.1,2,3.4,38.3
8/19/1941,15.6,11.5,1.9,43.5
8/20/1941,12.6,21.5,10.6,41.1
8/21/1941,13.9,0.5,0,36.9
8/22/1941,14.7,0,0,30.2
8/23/1941,16,5,7.1,27.1
8/24/1941,15.2,0.1,0.7,45
8/25/1941,17.4,0,0,37.2
8/26/1941,17.1,17.5,9.3,42.8
8/27/1941,14.3,0,0.5,53.8
8/28/1941,15.6,0,0,37.6
8/29/1941,15.9,15.2,7.8,31.4
8/30/1941,13,18.3,17.6,31.7
8/31/1941,11.3,5,4.5,39
9/1/1941,11.6,0,0,29.2
9/2/1941,12.1,0,0,25.5
9/3/1941,14,0,0,23.1
9/4/1941,15.4,0,0,23.4
9/5/1941,17.1,0,0,25.8
9/6/1941,17.2,0.2,0,26.1
9/7/1941,16,15.3,21.3,25.5
9/8/1941,14.1,1,2.1,34.4
9/9/1941,11.8,0,0,25.8
9/10/1941,11.2,0,0,21
9/11/1941,14,1.6,4.5,18.3
9/12/1941,9.3,10,0.7,21.3
9/13/1941,10,0,0,15.9
9/14/1941,11.4,4.5,4.1,13.7
9/15/1941,9.6,7,1.5,16.4
9/16/1941,8,0,0,15.2
9/17/1941,8.7,0,0,13.1
9/18/1941,10.6,0,0,12.7
9/19/1941,11.9,0,0,12.7
9/20/1941,10.7,0,0,12.9
9/21/1941,12.6,0,0,13.4
9/22/1941,13.6,0,0,13.7
9/23/1941,14.1,0,0,13.4
9/24/1941,14.7,0,0,12.9
9/25/1941,14.5,0,0,12.9
9/26/1941,14.3,4.2,0.6,14.7
9/27/1941,14.2,0,0,15.6
9/28/1941,15,0,0,14.2
9/29/1941,14.9,0,0,13.9
9/30/1941,12.5,5.2,0.6,13.7
10/1/1941,9.2,8.6,13.6,13.4
10/2/1941,10,0,0.4,12.7
10/3/1941,10.4,0,0,13.4
10/4/1941,12.8,0,0,13.9
10/5/1941,13.8,0,0,15.7
10/6/1941,13.4,0,0,14.9
10/7/1941,12.8,0,0,13.9
10/8/1941,12.8,0,0,12.9
10/9/1941,11.9,0,0,11.7
10/10/1941,12.4,4.2,0,10.9
10/11/1941,11.1,30.2,21.1,17.4
10/12/1941,4.7,0,1.2,20.4
10/13/1941,4.1,0,0,12.7
10/14/1941,6.5,0,0,10.5
10/15/1941,8,4,4.3,9.25
10/16/1941,7.3,0,0,8.29
10/17/1941,9.5,1,0,8.11
10/18/1941,12.5,0,2,8.11
10/19/1941,13.4,8.5,7.3,14.9
10/20/1941,9.9,0,0,14.9
10/21/1941,12.2,4,0,13.2
10/22/1941,8.1,3.6,0.5,13.4
10/23/1941,2,11.2,2.3,10.1
10/24/1941,1.6,7.1,2,8.86
10/25/1941,2,1,0,8.48
10/26/1941,1.5,12.4,4.1,7.93
10/27/1941,1.5,1,0,7.75
10/28/1941,0.6,17.4,30.1,7.57
10/29/1941,1.7,6,7.1,7.75
10/30/1941,0,0,0.6,7.4
10/31/1941,-0.7,8.5,2.5,7.06
11/1/1941,0.7,1.3,0,6.72
11/2/1941,-0.1,0.5,1.5,6.4
11/3/1941,0,0,0,6.25
11/4/1941,0,0,0,6.09
11/5/1941,-1.4,7.2,6,5.93
11/6/1941,0.3,0,0,5.78
11/7/1941,2.8,7,3.1,5.78
11/8/1941,6.1,0,0.5,5.78
11/9/1941,3.5,1.2,0,5.63
11/10/1941,4.8,0,0,6.25
11/11/1941,6.1,0,0,8.48
11/12/1941,10.6,8.2,13.2,24
11/13/1941,7.9,17.2,30.5,31.7
11/14/1941,4.7,4.7,4.3,21.6
11/15/1941,4.7,0,0,16.4
11/16/1941,4.7,0,0,12.9
11/17/1941,4.8,0,0,11.1
11/18/1941,2.1,0,0,9.65
11/19/1941,3.3,12,8.7,9.06
11/20/1941,5.4,1.6,0,10.3
11/21/1941,3.4,0,0,9.65
11/22/1941,4.7,0,0,8.86
11/23/1941,3.4,0,0,8.29
11/24/1941,4.3,0,0,7.57
11/25/1941,3.5,0,0,7.23
11/26/1941,2.8,0,0,6.89
11/27/1941,1.6,0,0,6.56
11/28/1941,0.9,0,0,6.09
11/29/1941,0.9,0,0,5.63
11/30/1941,0.4,0,0,5.48
12/1/1941,0.3,0,0,5.2
12/2/1941,-0.5,0,0,4.94
12/3/1941,-1.6,0,0,4.69
12/4/1941,0.5,0,0,4.81
12/5/1941,0.5,0,0,4.45
12/6/1941,-1.1,0,0,4.33
12/7/1941,1.7,11.2,9,4.45
12/8/1941,1.4,0,0,4.45
12/9/1941,0,0,0,4.1
12/10/1941,1,0,0,4.1
12/11/1941,0,0,0,4.1
12/12/1941,1.6,6.5,0,3.98
12/13/1941,3.4,0,0,3.98
12/14/1941,3.5,0,0,3.75
12/15/1941,3,0,0,3.86
12/16/1941,4.4,1.6,3.4,3.75
12/17/1941,1.5,2.4,6.5,3.75
12/18/1941,0.9,0,0.6,3.75
12/19/1941,-0.1,0,0,3.64
12/20/1941,-1.1,0,0,3.42
12/21/1941,-3.7,0,0,3.03
12/22/1941,0.2,0,0,3.12
12/23/1941,0,0,0,3.32
12/24/1941,-0.2,0,0,3.22
12/25/1941,3.3,9.2,11,3.32
12/26/1941,-2.8,0,0,3.22
12/27/1941,-1.5,8,17.4,3.03
12/28/1941,-7.4,0,0,2.93
12/29/1941,-9.6,0,0,2.75
12/30/1941,-4.3,0,0,2.75
12/31/1941,-1.5,0,0,3.12
1/1/1942,-3.5,0,0,2.93
1/2/1942,-3.1,0,0,2.84
1/3/1942,-1.7,0,0,3.02
1/4/1942,-0.9,0,0,2.93
1/5/1942,1.5,0,0,3.02
1/6/1942,-0.2,14,8.5,2.93
1/7/1942,-3.7,0.1,0,2.84
1/8/1942,-6.1,2.4,1.1,2.84
1/9/1942,-8.8,0,0,2.58
1/10/1942,-9.7,1.8,0,2.42
1/11/1942,-9.6,0,0.7,2.58
1/12/1942,-8.2,1.4,0,2.66
1/13/1942,-8.8,0,0,2.66
1/14/1942,-6.7,0,0,2.42
1/15/1942,-4.1,0,0,2.5
1/16/1942,-5.6,0,0,2.5
1/17/1942,-3.3,0,0,2.34
1/18/1942,-1.3,0,0,2.34
1/19/1942,-2.7,0,0,2.27
1/20/1942,-4.1,0,0,2.34
1/21/1942,-7.9,0,0,2.27
1/22/1942,-10,0,0,2.06
1/23/1942,-9,0.8,3.6,2.13
1/24/1942,0.1,18,17.2,2.34
1/25/1942,1,4.5,8.5,2.42
1/26/1942,-0.2,9,10.5,2.27
1/27/1942,-5,6,4.5,2.27
1/28/1942,0.5,2,2.1,2.27
1/29/1942,0.4,15,16.7,2.2
1/30/1942,-2.3,8.2,7.1,2.13
1/31/1942,-0.7,10.6,17.1,2.13
2/1/1942,-5.3,0,0,2.13
2/2/1942,-8.2,0,0,1.98
2/3/1942,-7.7,0.6,0.4,1.98
2/4/1942,-0.6,10.2,2.1,2.13
2/5/1942,-1.2,14,0.4,2.13
2/6/1942,-2.6,0,0,2.13
2/7/1942,-3.6,0,0,2.06
2/8/1942,-4.2,0,0,2.06
2/9/1942,-5.8,0,0,2.06
2/10/1942,-6.9,0,0,2.06
2/11/1942,-2.7,2,2.6,2.13
2/12/1942,-5.1,0,0,2.06
2/13/1942,0.1,7.5,7,1.98
2/14/1942,-2,1.5,0,2.13
2/15/1942,-4.3,7,3.5,2.06
2/16/1942,-7.4,6.1,0,2.06
2/17/1942,-6.9,0,0,1.91
2/18/1942,-4.4,0,0,1.91
2/19/1942,-5.6,0,0,1.84
2/20/1942,-4.9,0,0,1.91
2/21/1942,-2.7,0,0,1.84
2/22/1942,-0.8,0,0,1.98
2/23/1942,1.9,0,0,1.98
2/24/1942,2.5,0,0,1.98
2/25/1942,0.4,0,0,2.06
2/26/1942,0.7,0,0,2.13
2/27/1942,-0.1,0,0,2.13
2/28/1942,0.5,0,0,2.13
3/1/1942,-0.7,0,0,2.2
3/2/1942,-0.3,0,0,2.27
3/3/1942,-1.6,0,0,2.42
3/4/1942,1.9,0,0,2.58
3/5/1942,4.2,0,2.4,2.75
3/6/1942,4.2,0,0,3.53
3/7/1942,2.8,9.6,10.8,5.34
3/8/1942,-1.1,0.2,0,4.69
3/9/1942,-0.1,0,0,3.98
3/10/1942,3,7.5,3.2,4.09
3/11/1942,4,30,23.5,4.21
3/12/1942,5.2,1,0,9.25
3/13/1942,3.1,0,0,8.11
3/14/1942,3.5,0,0,7.4
3/15/1942,6.3,0,0.9,7.4
3/16/1942,5.9,0,0,7.57
3/17/1942,7.4,0,2,7.75
3/18/1942,8.9,4.5,1.1,8.67
3/19/1942,6.4,5.5,4.1,8.86
3/20/1942,7,1.5,2.2,8.48
3/21/1942,7.6,0,0,7.75
3/22/1942,8.8,0,0,7.75
3/23/1942,5.1,0,0,7.57
3/24/1942,3.2,0,0,7.23
3/25/1942,5.1,0,0,7.75
3/26/1942,8.7,0,0,8.48
3/27/1942,10.1,0,0,9.65
3/28/1942,10.8,0,3,10.3
3/29/1942,7.1,0.1,0.6,10.5
3/30/1942,6.8,1.5,1.2,9.65
3/31/1942,9.5,4.5,0.5,9.25
4/1/1942,7.1,11.2,10,11.9
4/2/1942,5.8,0,0,11.9
4/3/1942,6.6,11,19.3,9.25
4/4/1942,4.3,1,0.6,10.1
4/5/1942,7.4,4.5,5,8.48
4/6/1942,8.3,0,0,8.3
4/7/1942,9.2,11.5,13,9.06
4/8/1942,6.7,5.2,11.1,11.4
4/9/1942,7.6,0,0,10.5
4/10/1942,8.4,0,0,10.1
4/11/1942,9.6,0,0,10.1
4/12/1942,9.8,0,0,10.9
4/13/1942,9.4,0,0,12.7
4/14/1942,9.6,0,0,13.9
4/15/1942,4.8,0,0,13.9
4/16/1942,7.5,0,0,12.7
4/17/1942,5.8,0,0,11.4
4/18/1942,9.3,0,0,10.5
4/19/1942,10.4,0,0,9.25
4/20/1942,9.1,5.6,2.5,9.25
4/21/1942,9.9,3.5,1.9,10.1
4/22/1942,8.4,3.5,4.7,10.1
4/23/1942,8.8,0,0.9,10.5
4/24/1942,10.8,0,0,10.9
4/25/1942,9.8,0,2.2,12.2
4/26/1942,10.9,1.5,1.3,13.4
4/27/1942,11.1,0,0,15.2
4/28/1942,12.1,0,0,17.2
4/29/1942,4,5.5,6.6,17.4
4/30/1942,3.6,0,0,12.6
5/1/1942,2,0.2,2.6,10.5
5/2/1942,2.7,18.5,13,9.06
5/3/1942,3.6,8.5,5.6,8.48
5/4/1942,6.2,0,0,8.3
5/5/1942,9.4,0,0,9.06
5/6/1942,12.7,0,0,10.3
5/7/1942,14.5,1,4.5,12.9
5/8/1942,13.9,2.1,2,20.4
5/9/1942,11.6,9.2,1.3,16.2
5/10/1942,14.1,0,0,21.3
5/11/1942,12.9,5.2,8,22.2
5/12/1942,11.4,0,0,20.4
5/13/1942,12.4,7.6,3.4,19.8
5/14/1942,11.2,4,5.5,22.2
5/15/1942,11.6,0,0.4,25.8
5/16/1942,11.3,2,1.1,22.2
5/17/1942,13.8,0,0,22.2
5/18/1942,18,0,0,28.5
5/19/1942,18.5,0,0,39.7
5/20/1942,19.9,17.5,17.5,43.9
5/21/1942,12.8,22.2,24.3,70.1
5/22/1942,11.9,0.6,1.2,53.5
5/23/1942,13.9,0.5,0,36.6
5/24/1942,11.3,3,3.4,31.1
5/25/1942,14.2,1.5,0.4,27.9
5/26/1942,14.4,1,1,28.6
5/27/1942,17.5,0,0,31.1
5/28/1942,17.9,0,0,37.2
5/29/1942,11.4,12,12,42.2
5/30/1942,12.3,0,0,33.8
5/31/1942,12.5,10.2,8.8,26.3
6/1/1942,11.1,0,0,25.7
6/2/1942,13,0,0,22.3
6/3/1942,14.9,0,0,24.7
6/4/1942,17.4,0,0,29.9
6/5/1942,19.9,0,0,36.6
6/6/1942,19.5,0,0,41.8
6/7/1942,20.1,2.6,15.1,46
6/8/1942,16.5,13.2,7.9,61.4
6/9/1942,16.3,10.2,7,51.5
6/10/1942,17.2,1.2,0.6,53.7
6/11/1942,19.4,1.5,1.1,50.8
6/12/1942,14.8,18.2,24,53
6/13/1942,14.1,2,5.7,51.2
6/14/1942,13.6,4.6,5.7,35.6
6/15/1942,8.6,23.2,26.1,35.9
6/16/1942,11.3,0,0,30.8
6/17/1942,11,0.6,2.7,25.7
6/18/1942,12.4,0,0,23.5
6/19/1942,16.8,0,0,22.9
6/20/1942,18,0,0,30.5
6/21/1942,18.7,0,0,41.4
6/22/1942,19,0,0,45.7
6/23/1942,20.1,0,0,48.6
6/24/1942,19.8,45.2,7.6,50.1
6/25/1942,16.5,1,7.1,63.8
6/26/1942,13.4,0.5,0,46
6/27/1942,16.1,0,0,37.2
6/28/1942,16.5,0,0,32.5
6/29/1942,17,0,0,31.4
6/30/1942,19.1,0,0,33.1
7/1/1942,19.9,0.4,4,39.6
7/2/1942,17.9,17.2,13.1,48.6
7/3/1942,16.8,4.5,4.5,48.6
7/4/1942,20.2,0,0,44.6
7/5/1942,21,6,0,49.4
7/6/1942,19.5,7.2,0,54.5
7/7/1942,19.5,1.7,0,51.8
7/8/1942,17.6,1,0,51.2
7/9/1942,20.6,0,0,46.8
7/10/1942,19.3,30,25.2,52.6
7/11/1942,15,0,0,56.8
7/12/1942,14.4,5.2,3,33.8
7/13/1942,14.1,0,0.7,27.9
7/14/1942,16.2,3.2,0,24.1
7/15/1942,11.4,12.5,27.5,27.9
7/16/1942,14.5,0,0,26
7/17/1942,16.5,33.5,31.1,27.3
7/18/1942,14,10.2,4.6,51.4
7/19/1942,11.4,20.5,11.4,32.5
7/20/1942,10.2,12,15.5,35.9
7/21/1942,14.5,1.2,1,31.1
7/22/1942,16,0,2.3,32.5
7/23/1942,17.2,0,0,31.8
7/24/1942,17.4,0,0,29.9
7/25/1942,19.8,0,5,38.6
7/26/1942,20,4.5,5.2,44.3
7/27/1942,19.9,1.5,0.6,47.1
7/28/1942,18.6,0,0,45
7/29/1942,18.1,0,0,38.2
7/30/1942,18,0,0,38.6
7/31/1942,18.7,0,0,40
8/1/1942,18.7,8.3,19.1,44.6
8/2/1942,18.5,9.5,15,44.3
8/3/1942,14.5,14.2,0.6,50.1
8/4/1942,15.2,3.5,4.5,41
8/5/1942,12.1,18.2,17.1,37.6
8/6/1942,11,1,0.5,29.9
8/7/1942,14.6,0,0,23.5
8/8/1942,16.7,0,0,23.8
8/9/1942,16.2,17.5,11.1,27
8/10/1942,16.8,0,0,29.9
8/11/1942,18.2,0,0,28.6
8/12/1942,18,0,0,29.9
8/13/1942,15.6,0,0,26.3
8/14/1942,17,0.2,0,25.4
8/15/1942,17.9,0,0,26
8/16/1942,19.1,0,0,26
8/17/1942,19.3,0,0,29.9
8/18/1942,19.6,0,7.2,34.5
8/19/1942,17.2,3,6.1,37.2
8/20/1942,16.2,34.5,31.5,39.3
8/21/1942,15.5,1.2,1.2,54.9
8/22/1942,16.5,0,0,38.2
8/23/1942,16.7,40.2,62.1,41
8/24/1942,15.2,0,0,82.8
8/25/1942,16.9,0,0,47.6
8/26/1942,18.5,0,0,41.2
8/27/1942,19.5,0,0,41.5
8/28/1942,19.3,0,0,41.2
8/29/1942,19,3,1.8,46.2
8/30/1942,17.5,4.5,3.7,55.3
8/31/1942,19.9,2.5,0.2,47.2
9/1/1942,16.4,5,8.5,45.8
9/2/1942,17.5,0,1.4,39.8
9/3/1942,18.1,0,0,39.4
9/4/1942,19.2,25,1.4,38.4
9/5/1942,18.5,0,0.9,39.4
9/6/1942,18.2,8.2,22.9,39.8
9/7/1942,15.9,0,0,37.3
9/8/1942,17.3,0,0,33.9
9/9/1942,17.2,0,0,31.8
9/10/1942,17.6,0,0,32.5
9/11/1942,19,0,0,34.2
9/12/1942,19.5,0,0.2,35.9
9/13/1942,18.9,0,4.9,35.2
9/14/1942,18.2,0,0,31.8
9/15/1942,18.5,6.2,9,29.6
9/16/1942,16,0,3.7,38
9/17/1942,12.5,0,0,26
9/18/1942,12.9,0,0,21.5
9/19/1942,15,0,0,20.3
9/20/1942,16.2,0,0,21.2
9/21/1942,16.9,7,5.9,21.8
9/22/1942,10.9,12.5,15.2,29.2
9/23/1942,11.7,0,0,18.2
9/24/1942,13.1,0.4,0,16.7
9/25/1942,12.9,0.3,0.4,16.4
9/26/1942,11.5,7.2,6.9,20.6
9/27/1942,7.1,30,45.4,24.2
9/28/1942,5.8,7.2,9,21.5
9/29/1942,10.7,0,0,19.1
9/30/1942,14.4,0,0,23.6
10/1/1942,14.4,0,0,21.5
10/2/1942,14.1,0,0,20.9
10/3/1942,14.2,0,0,19.1
10/4/1942,14.6,0,0,17.6
10/5/1942,15.2,0,0,16.1
10/6/1942,14.4,0,0,17.6
10/7/1942,14.6,0,0,17.6
10/8/1942,15.4,20,24.1,16.4
10/9/1942,8.6,0,0,24.8
10/10/1942,8.6,0,0,14
10/11/1942,10.7,0,0.4,12.1
10/12/1942,8.9,0,0,10.4
10/13/1942,9.7,0,0,9.4
10/14/1942,9.4,0,0,8.64
10/15/1942,8.7,0,0,8.28
10/16/1942,11.5,0,0,8.28
10/17/1942,9.4,4.5,2.6,7.92
10/18/1942,9.8,5.4,6.3,9.2
10/19/1942,11.6,0.5,1,12.6
10/20/1942,11.1,0,0,13
10/21/1942,7,9,2.6,11
10/22/1942,5.8,7.2,13.2,9.4
10/23/1942,9.5,1.5,1,14.3
10/24/1942,8.3,0,0,12.1
10/25/1942,10.4,1,0.4,10.2
10/26/1942,10.2,0,1,10
10/27/1942,9.8,0,0,9.6
10/28/1942,10.2,0,1.1,11
10/29/1942,13.1,0,0,9.4
10/30/1942,13.7,2.5,5.9,9.8
10/31/1942,10.2,27,42.4,19.6
11/1/1942,6.9,0,0,28
11/2/1942,7.8,0,0,15.3
11/3/1942,8.1,1,0.3,12.3
11/4/1942,9.4,1,0.2,10.8
11/5/1942,10.2,2.5,2.3,11
11/6/1942,7.2,11.2,15.7,15.6
11/7/1942,5.9,0.2,0,13.3
11/8/1942,5.7,10,8.6,12.3
11/9/1942,4.5,0,0,11
11/10/1942,3.1,0,0,10
11/11/1942,2.7,0,0,9.2
11/12/1942,2.7,0,0,8.46
11/13/1942,2.2,0,0,7.74
11/14/1942,2.5,0,0,7.2
11/15/1942,1.6,0,0,7.2
11/16/1942,1.8,0,4.3,6.88
11/17/1942,0.5,10,9.3,6.72
11/18/1942,0.2,0,0,6.56
11/19/1942,0.6,0,0,6.08
11/20/1942,1.3,0,0,5.76
11/21/1942,1.1,0,0.2,5.6
11/22/1942,0.6,0,0.1,5.26
11/23/1942,0,2.5,3.2,4.94
11/24/1942,-2.3,0,0,4.8
11/25/1942,-5.4,0,0,4.38
11/26/1942,-3.4,0,0,4.38
11/27/1942,-3.4,0,0,4.38
11/28/1942,-2.7,0,0,4.26
11/29/1942,-2.1,0,0,4.13
11/30/1942,-0.6,0,0,4.02
12/1/1942,-1.7,0,0,3.91
12/2/1942,-0.6,0,0,3.91
12/3/1942,2.4,0,0,3.81
12/4/1942,-1.2,0,0,3.71
12/5/1942,2.5,14,15,3.71
12/6/1942,5.4,0,0,5.26
12/7/1942,1.1,0,0,4.26
12/8/1942,1.7,0,0,4.02
12/9/1942,1.7,0,0,3.91
12/10/1942,1.2,0,0,3.71
12/11/1942,3.2,0,0,3.81
12/12/1942,3.6,0,0,3.71
12/13/1942,1.8,0,0,3.71
12/14/1942,2.7,0,0,3.62
12/15/1942,4.8,0,0,3.71
12/16/1942,3,0,0,3.62
12/17/1942,3.3,0,0,3.52
12/18/1942,3.8,2.5,9.3,3.52
12/19/1942,2.6,0,0,3.91
12/20/1942,1.3,0,0,3.62
12/21/1942,1.5,0,0,3.42
12/22/1942,-0.7,0,0,3.24
12/23/1942,0.2,0,0,3.15
12/24/1942,0.5,0,0,3.15
12/25/1942,0.9,0,0,3.15
12/26/1942,0.6,0,0,3.06
12/27/1942,-0.6,0,0.5,2.98
12/28/1942,-4.4,0,0,2.82
12/29/1942,-2.5,4.5,3.9,2.67
12/30/1942,-1.3,0,0,2.98
12/31/1942,-3.9,0.2,0,2.82
1/1/1943,-0.7,0.5,5.9,2.82
1/2/1943,1.5,8.5,16.1,2.98
1/3/1943,-1.1,6,7.9,2.9
1/4/1943,-0.6,5.5,1.1,2.82
1/5/1943,-1,33.2,29,2.9
1/6/1943,1,0,0.3,2.9
1/7/1943,0.7,0,0.2,2.74
1/8/1943,1.7,7.2,10,2.82
1/9/1943,-4.5,0,0,2.82
1/10/1943,-4.8,4.5,5.1,2.74
1/11/1943,-0.6,0.4,0.2,2.74
1/12/1943,0.9,0,0,2.74
1/13/1943,2.5,0,0,2.67
1/14/1943,4.5,1.3,0,2.67
1/15/1943,1.7,2,6.2,2.67
1/16/1943,0.1,0,0,2.6
1/17/1943,-4.1,0,0,2.53
1/18/1943,-3,0,0,2.53
1/19/1943,-0.7,0,0,2.53
1/20/1943,-0.7,0,0,2.53
1/21/1943,0.2,0,0,2.6
1/22/1943,2.7,0,0,2.6
1/23/1943,3.4,5.8,6.5,2.74
1/24/1943,2.3,0,0,2.9
1/25/1943,-1.4,0,0,2.74
1/26/1943,-0.9,0,0,2.67
1/27/1943,0.6,0,0,2.6
1/28/1943,-0.9,0,0,2.53
1/29/1943,-0.5,0,0,2.53
1/30/1943,1.7,12,6,2.67
1/31/1943,2.7,0,0.5,2.74
2/1/1943,4.1,2,0,2.74
2/2/1943,1.9,18,25.2,2.9
2/3/1943,2.1,3.2,2.6,2.9
2/4/1943,1.3,6.5,7.5,2.82
2/5/1943,1.2,0,0,2.67
2/6/1943,-0.4,0,0,2.6
2/7/1943,1,10.2,10.1,2.67
2/8/1943,0.1,1,0,2.6
2/9/1943,-2.5,1.2,0.6,2.53
2/10/1943,-0.1,0,0,2.6
2/11/1943,0.1,0.7,1.6,2.6
2/12/1943,1.2,0,0,2.6
2/13/1943,3.2,1,12.8,2.74
2/14/1943,1.1,0.2,1.4,2.67
2/15/1943,3.2,6,10.3,2.67
2/16/1943,0.6,6.3,4.2,2.74
2/17/1943,0.3,1.2,0,2.67
2/18/1943,-0.4,0,0,2.67
2/19/1943,-1.4,0,0,2.6
2/20/1943,0.6,0,0,2.82
2/21/1943,0.3,0,0,3.15
2/22/1943,3,0,0,3.33
2/23/1943,4.3,0,0,3.71
2/24/1943,3.5,0,0,3.91
2/25/1943,4,0,0,4.13
2/26/1943,4.2,0,0,4.13
2/27/1943,2.8,0,0,3.91
2/28/1943,1.8,0,0,4.02
3/1/1943,5.6,0,0,4.13
3/2/1943,5.8,0,0,4.38
3/3/1943,6.5,0,0,5.6
3/4/1943,5.1,0,0,6.72
3/5/1943,7.8,0,0,7.56
3/6/1943,3.9,2.5,8.5,7.92
3/7/1943,0.6,0,0,6.56
3/8/1943,1.9,0,0,5.92
3/9/1943,5,0,0,5.76
3/10/1943,4.6,0,0,6.24
3/11/1943,6.2,0,0,6.88
3/12/1943,6.1,0,0,7.2
3/13/1943,6.2,0,0.3,7.04
3/14/1943,5.3,0,0,7.56
3/15/1943,6.2,0,0,7.04
3/16/1943,6.2,0,0,7.2
3/17/1943,6.3,0,0,7.38
3/18/1943,7.1,0,0,7.74
3/19/1943,6.9,0,0,7.56
3/20/1943,6.7,9.2,2.2,7.56
3/21/1943,5.9,6.2,12.2,7.92
3/22/1943,6.3,1,0.2,7.74
3/23/1943,7,0,0,7.2
3/24/1943,11.6,0,0,7.56
3/25/1943,9.5,0,0,8.28
3/26/1943,8.4,0,0,8.28
3/27/1943,9,0,1.3,8.82
3/28/1943,7.2,14,7.6,9.6
3/29/1943,5.1,0,0.6,10.2
3/30/1943,6.3,0,0,8.46
3/31/1943,8.9,21.2,21.6,8.1
4/1/1943,9.9,20.3,33.6,22.4
4/2/1943,4.1,3,3.9,25.7
4/3/1943,5.2,0,0,15
4/4/1943,7.7,0,0,12.3
4/5/1943,9.6,0,0,12.1
4/6/1943,7.7,1.2,6.3,12.5
4/7/1943,4.2,10,15.9,10.8
4/8/1943,0,11,4.3,9.6
4/9/1943,0.6,4.5,3.2,8.64
4/10/1943,5.1,0,0,8.64
4/11/1943,7.3,0,0,8.82
4/12/1943,9.1,0,0,9
4/13/1943,9.6,0,0,9.4
4/14/1943,11.7,0,0,11
4/15/1943,12,0,0,12.8
4/16/1943,12.6,0,0,14.3
4/17/1943,13.4,0,0,16.1
4/18/1943,13.9,0,0,19.4
4/19/1943,14,0.5,5.6,22.4
4/20/1943,10.6,9,5.6,24.8
4/21/1943,9.3,0,0,20.9
4/22/1943,15.2,0,0,26.7
4/23/1943,15.3,0,0,26.7
4/24/1943,8.9,4,3.1,25.4
4/25/1943,12.5,0,0,23
4/26/1943,12.5,1.7,0.1,23.6
4/27/1943,11.4,0,0,23.3
4/28/1943,11.5,4,1.5,22.1
4/29/1943,7.3,1.5,2.6,19.4
4/30/1943,10.5,0,0,16.1
5/1/1943,11.6,3.2,0.3,15.3
5/2/1943,11.1,1,0.2,15.8
5/3/1943,8.6,0.8,1.1,16.4
5/4/1943,9.3,0,0,16.7
5/5/1943,11.2,9,2.5,18.2
5/6/1943,11.8,0,0,18.8
5/7/1943,8.6,4.5,4.2,16.7
5/8/1943,10.1,1,0,15
5/9/1943,6.4,8.5,10.9,14.5
5/10/1943,7.8,0,0,13.3
5/11/1943,13.2,0,0,13.5
5/12/1943,16.2,0,0,16.1
5/13/1943,17.8,0,0,21.8
5/14/1943,19.1,0,0,26.3
5/15/1943,17.9,0,0,31.8
5/16/1943,15.9,0,0,34.6
5/17/1943,14.4,0,0,32.5
5/18/1943,16,0,0,31.8
5/19/1943,16.9,0,0,31.5
5/20/1943,16.4,1.8,25.1,33.2
5/21/1943,12.6,14,5.3,33.2
5/22/1943,14.3,7,7.2,29.9
5/23/1943,15.4,0,0,30.2
5/24/1943,11.7,9.5,15,31.2
5/25/1943,9.5,1.6,18,27.3
5/26/1943,8.9,1,1.1,21.5
5/27/1943,12.6,0,0.4,18.8
5/28/1943,15.8,0,0,19.4
5/29/1943,17,0,0,23.6
5/30/1943,19.4,0,0,28.6
5/31/1943,19.2,0,0,33.2
6/1/1943,14.2,14,9,35.9
6/2/1943,14.1,2.8,5.8,33.2
6/3/1943,10.8,8.5,10.4,27
6/4/1943,9.1,7.5,9.6,23
6/5/1943,13.2,0,0,21.2
6/6/1943,15.5,28,30.2,25.4
6/7/1943,14.2,0,0,52.7
6/8/1943,14.9,7.5,4.8,32.1
6/9/1943,13.9,28.5,34.1,41.3
6/10/1943,15,4,24.3,80
6/11/1943,13.4,0,0,49.7
6/12/1943,17.7,0,0,37.6
6/13/1943,19,0,0,40.4
6/14/1943,14.5,15,19,45.8
6/15/1943,11.7,2.5,2.5,42.9
6/16/1943,10.9,13,5.1,31.2
6/17/1943,7.3,23.2,20.9,28.9
6/18/1943,10.7,0,0,30.5
6/19/1943,14.3,0,0,26.7
6/20/1943,18.7,0,0,26.3
6/21/1943,14.8,14.2,11.2,35.5
6/22/1943,15.1,0,0,40.4
6/23/1943,19.1,0,0,38.3
6/24/1943,20.2,0,0,39.7
6/25/1943,19.7,0,0,41.1
6/26/1943,18.7,0,0,42.9
6/27/1943,16.6,0,0,38.7
6/28/1943,17.9,0,0,36.2
6/29/1943,16.6,0,0,34.2
6/30/1943,14,0.3,0,29.9
7/1/1943,16.1,0,0,25.7
7/2/1943,16.5,0,2.5,26.3
7/3/1943,17.3,0,0,26.3
7/4/1943,19,0,0,30.8
7/5/1943,20.2,0,0,34.6
7/6/1943,17.3,5,23,41.6
7/7/1943,15.4,4.5,1.6,50.1
7/8/1943,11.3,13.5,18.1,34.9
7/9/1943,9.9,5.3,2.6,28
7/10/1943,13,7.5,3.5,25.4
7/11/1943,16.2,1,0.4,34.9
7/12/1943,20,11.5,7.3,37.6
7/13/1943,14.7,2.5,3.7,46.1
7/14/1943,16.2,0,0,37.6
7/15/1943,19.3,0,0,35.5
7/16/1943,20.3,0,0,38
7/17/1943,21.2,0,0,42.9
7/18/1943,22,0,0,43.2
7/19/1943,19.4,5.2,18.9,47.2
7/20/1943,19.8,5.5,4.1,51.1
7/21/1943,16.1,1,4.5,54.9
7/22/1943,16.2,6.5,8.4,40.4
7/23/1943,16.4,1,0.6,38.3
7/24/1943,18,1,3,37.6
7/25/1943,18.4,0,0,38.3
7/26/1943,16.2,0.2,6.1,35.5
7/27/1943,19.2,0.3,1.5,37.6
7/28/1943,19.7,0,0,40.1
7/29/1943,21.1,0,0,41.5
7/30/1943,22.1,0,0,40.8
7/31/1943,20.7,8,3.6,45.8
8/1/1943,23,0,0,48.7
8/2/1943,23.5,0,0,53
8/3/1943,23.5,1.3,5.4,58.4
8/4/1943,18.2,6.3,5.2,63
8/5/1943,18.8,1,0.6,46.5
8/6/1943,16.5,0,0,42.2
8/7/1943,16.5,0,0,31.2
8/8/1943,17.9,0,0,29.9
8/9/1943,18.3,0,0,30.5
8/10/1943,19,0,0,29.5
8/11/1943,21.3,10.2,11.8,33.9
8/12/1943,16.4,0,0,44.3
8/13/1943,16.9,0,0,34.6
8/14/1943,19.7,0,0,38
8/15/1943,20.4,0,0,39.4
8/16/1943,20.3,0,0,37.6
8/17/1943,22.4,0,0,42.9
8/18/1943,24.4,0,0,46.8
8/19/1943,25.3,0,0,51.5
8/20/1943,24.4,0,0,54.5
8/21/1943,24.5,0,0,55.3
8/22/1943,17.3,21.2,19.9,58
8/23/1943,16,0,0,44.3
8/24/1943,17.8,0,0,30.8
8/25/1943,15.5,1.7,3.4,30.5
8/26/1943,17.7,4.5,5.4,25.4
8/27/1943,15.7,2,2.3,38
8/28/1943,13.1,0,0,25.4
8/29/1943,16.1,0,0,20.3
8/30/1943,18,10,5.2,26
8/31/1943,15.2,0,0,31.8
9/1/1943,15.1,0,0,23.9
9/2/1943,15.4,0,0,20.9
9/3/1943,16.2,11.2,17.4,20
9/4/1943,13.6,5,13,24.8
9/5/1943,14.6,0,0,17.6
9/6/1943,15.5,0,0,16.1
9/7/1943,16.4,4,2.8,18.8
9/8/1943,17.2,2,2.1,25.7
9/9/1943,17.6,0,0,21.8
9/10/1943,18.2,3.2,1.2,26.7
9/11/1943,18,4.2,0.5,29.5
9/12/1943,19.3,0,0,31.8
9/13/1943,20.2,1,0.4,38
9/14/1943,19.2,4.8,4,47.5
9/15/1943,16.7,2,2.7,51.5
9/16/1943,16.2,0,0,41.5
9/17/1943,18.6,1,1,38.7
9/18/1943,15.7,9.2,5.6,43.6
9/19/1943,15,28,16,32.5
9/20/1943,12.9,4.5,4.5,42.9
9/21/1943,12.7,0,0,23
9/22/1943,12.8,11.4,4.2,22.7
9/23/1943,11.8,0,0.7,25.1
9/24/1943,14.6,0,1.1,22.4
9/25/1943,13.7,13,13.1,21.8
9/26/1943,7,4,8.3,31.8
9/27/1943,10.2,0,0,17.9
9/28/1943,9.6,1,0.5,14.5
9/29/1943,7.7,0,0,12.8
9/30/1943,11.2,0,0,11.4
10/1/1943,9.9,0,0,11.2
10/2/1943,11.6,0,0,11
10/3/1943,14.1,0,0,10.4
10/4/1943,13.2,0,0,10.4
10/5/1943,14,0,0,10.4
10/6/1943,12.5,0,0,10
10/7/1943,11.7,0,0,9.4
10/8/1943,12,0,0,9.2
10/9/1943,12.5,0,0,9.4
10/10/1943,11.9,0,0,10.2
10/11/1943,10.6,0,0,10.4
10/12/1943,11.4,0,0,9.8
10/13/1943,10.7,0,0,8.82
10/14/1943,10.8,0,0,7.74
10/15/1943,10.1,0,0,7.04
10/16/1943,9.2,0,0,6.56
10/17/1943,10,0,0,6.24
10/18/1943,11.9,0,0,6.08
10/19/1943,10.8,0,0,5.92
10/20/1943,10.6,0,0,5.6
10/21/1943,10.9,0,0,5.76
10/22/1943,11.1,0,0,6.4
10/23/1943,9.9,0,0,5.92
10/24/1943,9.8,0,0,5.43
10/25/1943,9.4,0,0,5.6
10/26/1943,10.7,0,0,5.6
10/27/1943,8.9,0,0,4.8
10/28/1943,9.4,0,0,4.26
10/29/1943,7.6,0,0,4.13
10/30/1943,6.3,0,0,4.02
10/31/1943,5.6,0,0,4.02
11/1/1943,6.9,0,0,3.81
11/2/1943,9.5,0,0,3.91
11/3/1943,8.1,0,0,3.81
11/4/1943,7.7,0,0,3.81
11/5/1943,4.9,0,0,3.71
11/6/1943,3.6,2.5,4.2,3.42
11/7/1943,2.9,3.5,5.9,3.42
11/8/1943,1.5,0,0,3.33
11/9/1943,0.6,0,0,2.98
11/10/1943,0.6,0,0,2.82
11/11/1943,1.2,0,0.2,2.9
11/12/1943,4.8,2,2,2.9
11/13/1943,8.7,7.5,0.8,2.98
11/14/1943,3.5,0.4,0.7,2.98
11/15/1943,1.4,0,0,2.82
11/16/1943,2.2,0,0,2.67
11/17/1943,-0.4,0,0,2.6
11/18/1943,-0.5,0,0,2.53
11/19/1943,0.9,0,0,2.67
11/20/1943,1.4,0,3,2.6
11/21/1943,1.9,0,0,2.67
11/22/1943,3.1,0,0,2.6
11/23/1943,3.4,0,0,2.53
11/24/1943,2.9,14,9.4,2.53
11/25/1943,1.8,6.5,12.5,2.82
11/26/1943,0.6,0,0,2.46
11/27/1943,0.6,0,0,2.53
11/28/1943,2.7,17.5,17,2.67
11/29/1943,7.4,2,0.8,5.76
11/30/1943,2.1,14.5,19,3.71
12/1/1943,1,5.2,2.3,3.15
12/2/1943,0.8,0,0,2.9
12/3/1943,1.2,0,0,2.82
12/4/1943,1.4,0,0,2.74
12/5/1943,1.6,0,0,2.67
12/6/1943,1.9,0,0,2.67
12/7/1943,2.1,4.5,4,2.82
12/8/1943,4.3,0,0.4,2.9
12/9/1943,2,4.5,2.3,2.82
12/10/1943,2.6,0,0,2.74
12/11/1943,1,0,0,2.6
12/12/1943,0.2,0,0,2.4
12/13/1943,1.3,0,0,2.4
12/14/1943,-1,0,0,2.34
12/15/1943,-1.3,0,0,2.21
12/16/1943,0,0,0,2.34
12/17/1943,0.8,0,0,2.4
12/18/1943,0.9,0,0,2.34
12/19/1943,2.7,8.5,10,2.27
12/20/1943,3.1,0,3.5,2.74
12/21/1943,0.9,0,0,2.46
12/22/1943,3.3,2.5,0.8,2.34
12/23/1943,4.8,0,0,2.34
12/24/1943,-0.7,0,0,2.1
12/25/1943,-1.7,0,0,2.04
12/26/1943,-2,0,0,2.04
12/27/1943,1.2,0,0,2.15
12/28/1943,-0.8,0,0,2.15
12/29/1943,-0.6,0,0,2.1
12/30/1943,-0.7,9.2,6.4,2.1
12/31/1943,-2.2,4,2.5,2.1
1/1/1944,-2.8,0,0,2.04
1/2/1944,1,0,0,2.15
1/3/1944,-0.5,0,0,2.1
1/4/1944,0.1,7,15.4,2.15
1/5/1944,-3.8,1,3.6,2.15
1/6/1944,-6.2,0,0,2.15
1/7/1944,-5.2,0,0,2.15
1/8/1944,-2.8,0,0,2.15
1/9/1944,0.3,0,0,2.15
1/10/1944,2.2,10.2,5.3,2.15
1/11/1944,2.5,0.8,0,2.21
1/12/1944,3.2,1.2,0.3,2.1
1/13/1944,2.4,0,0,2.1
1/14/1944,2.4,0,0,2.04
1/15/1944,-0.1,0,0,2.1
1/16/1944,-0.4,0,0,2.1
1/17/1944,-1.1,0,0,2.15
1/18/1944,-1.1,0,0,2.04
1/19/1944,-1.1,0,0,2.1
1/20/1944,-0.1,0,0,2.04
1/21/1944,2.5,5,4.2,2.15
1/22/1944,1.8,0,0,2.15
1/23/1944,5.9,5.2,5.4,2.15
1/24/1944,3.2,3.2,4.4,2.21
1/25/1944,2.8,7.2,7.8,2.27
1/26/1944,2.3,17.2,17.6,2.15
1/27/1944,2.5,7,1.2,2.34
1/28/1944,1.2,0,0,2.34
1/29/1944,1.2,0,0,2.27
1/30/1944,1.3,0,0,2.27
1/31/1944,0.6,0,0,2.34
2/1/1944,1.4,0,0,2.34
2/2/1944,1.9,8.2,7,2.4
2/3/1944,7.2,5,1.5,3.24
2/4/1944,1.3,11,18.9,3.91
2/5/1944,-1,15.1,14.8,3.06
2/6/1944,-2.2,5.1,2.9,2.74
2/7/1944,-3.2,11.5,9.6,2.6
2/8/1944,1.2,26,20.9,2.67
2/9/1944,0.5,9,5.1,2.53
2/10/1944,-0.9,17,18.3,2.53
2/11/1944,-3.1,13.2,5.3,2.34
2/12/1944,1.2,6,1.9,2.4
2/13/1944,-0.9,0.1,0.7,2.34
2/14/1944,-3.5,0,0,2.34
2/15/1944,-3.2,0,0,2.27
2/16/1944,-1.5,0,0,2.27
2/17/1944,-1.6,0,0,2.27
2/18/1944,-5.1,1.2,0,2.27
2/19/1944,-4.8,0,0,2.15
2/20/1944,-5.6,0,0,2.04
2/21/1944,-5,0,0,2.15
2/22/1944,-6.9,0.4,0,2.1
2/23/1944,-5.9,0,0,2.04
2/24/1944,-5.1,0,0,2.15
2/25/1944,-3.5,0,0,2.15
2/26/1944,-1.3,0,0,2.21
2/27/1944,1.1,0,0,2.4
2/28/1944,1.5,0,0,2.4
2/29/1944,0.6,38.5,36.8,2.4
3/1/1944,0.7,8.2,0,2.34
3/2/1944,1.3,3.3,2.5,2.27
3/3/1944,2.7,0.1,0.2,2.27
3/4/1944,-1.9,0,0.2,2.21
3/5/1944,-2,2.7,1.4,2.21
3/6/1944,-2.2,0,0,2.15
3/7/1944,-0.2,0.1,0,2.15
3/8/1944,1,0,0,2.15
3/9/1944,1.1,0,0,2.15
3/10/1944,1.5,0,0,2.15
3/11/1944,2,3,4.9,2.27
3/12/1944,0.8,4.2,0,2.27
3/13/1944,3.5,2.5,5,2.4
3/14/1944,-0.4,7,6,2.34
3/15/1944,-0.2,3.2,2.4,2.27
3/16/1944,0,0,0,2.21
3/17/1944,1.7,0,0,2.27
3/18/1944,2,0,0,2.4
3/19/1944,3.4,0,0,2.67
3/20/1944,3.5,0.8,4,3.15
3/21/1944,2.6,9.4,6.6,2.82
3/22/1944,-1.1,0.2,0,2.67
3/23/1944,-0.3,0,0,2.6
3/24/1944,2.1,0.2,1,2.53
3/25/1944,5.2,0,0,2.53
3/26/1944,1.7,4,5.6,2.67
3/27/1944,3.7,0.8,0.3,2.67
3/28/1944,3.9,0,0,2.9
3/29/1944,5.7,0,0,3.71
3/30/1944,6.5,4,4.2,4.38
3/31/1944,3.8,8.2,14.9,5.26
4/1/1944,3,0,0,5.1
4/2/1944,6.2,0,0,5.43
4/3/1944,8.7,1.8,2.5,9.2
4/4/1944,9.7,11,8.6,15.3
4/5/1944,9.5,0,0,19.4
4/6/1944,8.6,0,0,16.4
4/7/1944,10.7,0,0,16.1
4/8/1944,11.4,0,0,18.8
4/9/1944,11,8.5,4,20
4/10/1944,8.5,2,1.5,23.6
4/11/1944,8.5,0,0,20.6
4/12/1944,10.6,0,0,19.4
4/13/1944,10.5,0,0,20
4/14/1944,11.6,0,0,21.5
4/15/1944,12.6,0,0,21.8
4/16/1944,13.1,0,0,22.1
4/17/1944,14,0,0,26.7
4/18/1944,10.5,8.6,3.3,26.3
4/19/1944,9.8,0.3,0,24.5
4/20/1944,8.9,3.2,4,23
4/21/1944,9.5,0,0,20.6
4/22/1944,10.1,0,0,18.8
4/23/1944,13.1,0,0,22.4
4/24/1944,13.6,0,0,27.3
4/25/1944,8.3,13.2,19.1,25.4
4/26/1944,7,0,0,18.5
4/27/1944,8.9,0,0,15
4/28/1944,9.8,0,0,14.5
4/29/1944,8,0,0,14.8
4/30/1944,9.4,0,0,14
5/1/1944,10.7,0,0,14
5/2/1944,14.7,0,0,16.4
5/3/1944,16.3,0,0,21.8
5/4/1944,15.3,0,0,25.4
5/5/1944,14.7,0.1,0,26.3
5/6/1944,9.5,1.9,2,24.2
5/7/1944,6.2,7.2,2.6,19.7
5/8/1944,7.9,0,0,16.4
5/9/1944,10.9,0,0,16.7
5/10/1944,11.2,1.5,1.6,19.4
5/11/1944,9.6,0,2.5,19.7
5/12/1944,12.1,0,0,18.8
5/13/1944,15.2,0,0,23.3
5/14/1944,12,6.5,1.6,25.1
5/15/1944,9.4,2,0.5,24.2
5/16/1944,6.6,4.5,3,22.4
5/17/1944,7.6,1.5,1.6,18.5
5/18/1944,11.1,0,0,15.8
5/19/1944,11.7,0,0,16.4
5/20/1944,13.9,5.2,1.5,20.3
5/21/1944,12.5,7,7.6,21.8
5/22/1944,7.1,3,3.7,20.9
5/23/1944,9.2,0,0,16.4
5/24/1944,10.4,0,0,15
5/25/1944,12.8,0,0,16.1
5/26/1944,15.7,0,0,20.6
5/27/1944,19.7,0,0,31.2
5/28/1944,20.8,0,0,46.5
5/29/1944,19.8,0,0,52.3
5/30/1944,21.2,0,0,51.9
5/31/1944,18.8,1.6,3.7,50.8
6/1/1944,16.8,7.2,1.7,50.1
6/2/1944,17.5,0,0,49.4
6/3/1944,14.9,0,0,42.9
6/4/1944,17.2,0,0,37.3
6/5/1944,16.3,15.5,9.6,41.5
6/6/1944,11.4,4.2,1.6,43.6
6/7/1944,8.6,7.2,7.3,29.9
6/8/1944,12.6,0,0,23.6
6/9/1944,15.2,0.2,0,20.6
6/10/1944,11.9,13,15.6,23
6/11/1944,14,0,0.3,28
6/12/1944,15.2,0,0,23.9
6/13/1944,18.2,0,0.2,26.7
6/14/1944,15.8,12,1.4,32.5
6/15/1944,13.9,0,0,30.5
6/16/1944,13.6,4,5.4,28.3
6/17/1944,9.9,18,22,30.5
6/18/1944,10.4,6,4.9,26.7
6/19/1944,13.3,0,0.5,24.8
6/20/1944,15.4,1.5,0.6,26.7
6/21/1944,16.3,0,0,29.2
6/22/1944,16.3,7.5,0,29.5
6/23/1944,17.1,0,0.3,29.9
6/24/1944,13.6,0,0,29.5
6/25/1944,15.6,1,2.5,30.8
6/26/1944,16.3,4.5,0.6,32.1
6/27/1944,15.9,1.6,3.1,33.5
6/28/1944,15.5,3,7,36.2
6/29/1944,19,13.2,14.5,36.6
6/30/1944,16.8,0,0,63.4
7/1/1944,18,0,0,45.4
7/2/1944,20.5,0,0,45.4
7/3/1944,16.7,23,23.7,50.4
7/4/1944,10.6,32.3,54.4,83.8
7/5/1944,13.6,0,0,53.5
7/6/1944,17.4,0,0,42.8
7/7/1944,19.9,0,0,47.3
7/8/1944,18.8,6,1,52.8
7/9/1944,14.4,24,9.2,61
7/10/1944,16,2,0.6,69.4
7/11/1944,13.4,4.5,8.3,44.2
7/12/1944,13.6,0.1,0,38.7
7/13/1944,16,0,0,32.7
7/14/1944,18.5,0,0,31.1
7/15/1944,19.9,0,0,31.7
7/16/1944,17.7,2.5,0,32.1
7/17/1944,18.2,0,0,33
7/18/1944,18.6,0,0,34.7
7/19/1944,19.9,0,0,35.3
7/20/1944,20.1,1,2.1,35.6
7/21/1944,16.6,18,19.1,40.1
7/22/1944,14.9,5,4.4,45.6
7/23/1944,15.6,1,1,30.4
7/24/1944,17.6,0,0,29.8
7/25/1944,19.1,0,0,31.7
7/26/1944,21,22,8,34.7
7/27/1944,19.1,10,11.2,46.6
7/28/1944,17.5,8,9.2,47
7/29/1944,18.3,0,0,46.3
7/30/1944,18.2,0,0,40.8
7/31/1944,17,0,0,33.4
8/1/1944,16.2,0,0,28.9
8/2/1944,18,0,0,30.8
8/3/1944,17.6,0.8,2.9,33.7
8/4/1944,17.1,11,6.5,30.4
8/5/1944,16.3,4.7,3.2,33
8/6/1944,17,1.2,4.5,34
8/7/1944,17.4,11.5,6.6,37.4
8/8/1944,17.4,0.4,0,34.3
8/9/1944,17.2,0,0,32.7
8/10/1944,18.7,0,0,33
8/11/1944,20.8,0,0,36.3
8/12/1944,22.8,0,0,47
8/13/1944,23.2,0,0,49.5
8/14/1944,23.1,0,1,48.8
8/15/1944,20.7,2.6,6.6,53.5
8/16/1944,19.1,17,19.5,61
8/17/1944,18,2,6.9,56.1
8/18/1944,19.9,0,0,43.1
8/19/1944,21.3,0,0,42.8
8/20/1944,20.8,0,0,42.1
8/21/1944,22.5,0,0,52.1
8/22/1944,22,0,0,50.6
8/23/1944,23.5,0,0,55.7
8/24/1944,21.3,6.2,2.1,53.1
8/25/1944,20.7,0,0,56.5
8/26/1944,19.7,0,0,52.1
8/27/1944,19.9,0.3,0,44.2
8/28/1944,17,6,2.9,40.1
8/29/1944,17.2,5.5,5.7,41.7
8/30/1944,20.5,2,3.7,58
8/31/1944,19.9,27,14.7,75.8
9/1/1944,16.2,16.5,17.7,87.7
9/2/1944,15.4,14.5,13.6,74.7
9/3/1944,10.5,3.5,3,46.8
9/4/1944,12.7,0,0,31.7
9/5/1944,15.4,0,0,28.5
9/6/1944,17.4,0,0,30.1
9/7/1944,12.9,4.5,7.8,28.2
9/8/1944,10.8,2,6.2,22.6
9/9/1944,12.5,0,0.2,18.3
9/10/1944,11.4,1.5,0.8,14.5
9/11/1944,12.8,0,0,13.8
9/12/1944,13.4,0,0,15.3
9/13/1944,15.2,3,2.7,19.1
9/14/1944,16.2,0.3,2.8,25.4
9/15/1944,16,0,0.8,25.4
9/16/1944,16.6,0.3,5,25.1
9/17/1944,15,8.2,9,24.7
9/18/1944,15.7,1.5,0,23.2
9/19/1944,15.8,7.2,4.8,21.5
9/20/1944,13.2,18.3,10.3,25.1
9/21/1944,12.9,0,0,21.7
9/22/1944,13.1,0,0,15.8
9/23/1944,13.8,7.5,5.8,17.1
9/24/1944,12.3,4,4.8,17.1
9/25/1944,9.2,0,0,13.1
9/26/1944,9.9,8,5,10.8
9/27/1944,8.4,6.5,8.1,14.3
9/28/1944,7.4,5.5,0.9,12.4
9/29/1944,7.5,0,0,10.6
9/30/1944,6.9,0,0,9.8
10/1/1944,7.1,28,23,10.2
10/2/1944,4.2,11,6.3,12.9
10/3/1944,5.6,0,0,11.1
10/4/1944,6.9,1.6,2.5,10.8
10/5/1944,7.9,0,0.6,11.1
10/6/1944,9.9,8,19.2,18.8
10/7/1944,10.2,6.5,7.7,31
10/8/1944,9.9,0,0,22.3
10/9/1944,10.1,10,10.2,16.6
10/10/1944,8.9,3.5,7.7,16.6
10/11/1944,8.1,0,0.2,15
10/12/1944,10.1,0,0,12.9
10/13/1944,9.3,0,0,11.7
10/14/1944,8.7,1.5,0,11.1
10/15/1944,10,0,0,10.2
10/16/1944,11.2,1,2,9.8
10/17/1944,11.1,0,2,10.6
10/18/1944,9.4,22,18.6,12.2
10/19/1944,8.2,10,8.5,15.8
10/20/1944,7.5,0,0,12.9
10/21/1944,8.9,0,0,11.7
10/22/1944,7.9,1.5,2.5,10.2
10/23/1944,7.7,2.6,2.4,10.2
10/24/1944,6.7,1.5,1.4,9.6
10/25/1944,7,0,0,9.01
10/26/1944,7.8,0.3,0,8.42
10/27/1944,6.7,7,3.2,8.22
10/28/1944,4.3,1.2,1,8.04
10/29/1944,2.7,0,0,7.51
10/30/1944,4.4,0,0,7.16
10/31/1944,5.3,0,0,6.62
11/1/1944,5.1,0.2,0,6.28
11/2/1944,5.7,5.2,3,6.28
11/3/1944,5.7,0.5,0.3,6.28
11/4/1944,2,0,0,5.96
11/5/1944,3.5,0,0,5.8
11/6/1944,6.1,0.3,0.6,5.48
11/7/1944,8.1,70.2,51.8,6.12
11/8/1944,7.4,45.2,37.8,45.4
11/9/1944,4.1,15.2,18,37.4
11/10/1944,-0.1,17,11.8,20
11/11/1944,0.5,2.2,2.5,14.8
11/12/1944,0.3,0.1,0,12.4
11/13/1944,-0.5,35.2,22.2,11.1
11/14/1944,1.4,6,3.5,10.2
11/15/1944,1.3,18.2,15,9.21
11/16/1944,1,3,7.5,8.42
11/17/1944,1,0,0,7.87
11/18/1944,0.8,0,0,7.69
11/19/1944,1.9,0,0,7.51
11/20/1944,4.8,14.5,15.1,9.01
11/21/1944,2.3,11.2,9.8,14.3
11/22/1944,1.6,40,32.6,11.5
11/23/1944,6.1,65,34.6,70.1
11/24/1944,7.1,2,0.8,64.5
11/25/1944,5.6,7,6.5,42.2
11/26/1944,3,0,0,30.2
11/27/1944,0,0,0,21.8
11/28/1944,-1.1,0,0,17.3
11/29/1944,1.7,5.5,11,15.3
11/30/1944,3.3,0,0.2,13.8
12/1/1944,0.9,0,0,12.3
12/2/1944,0.4,0.9,0.3,11.4
12/3/1944,3.6,22,13.5,10.8
12/4/1944,6.7,24,29.1,13.8
12/5/1944,3.4,0.3,0.2,14.8
12/6/1944,3.4,7,1.5,12.1
12/7/1944,3.1,18,9.6,11
12/8/1944,1,7.2,3.3,10.6
12/9/1944,-0.1,0.1,0,9.6
12/10/1944,1.6,0,0,8.64
12/11/1944,1.9,5.2,3.2,8.64
12/12/1944,3.1,4,0.4,8.28
12/13/1944,0.5,0,4.2,7.74
12/14/1944,1.4,0,0,7.04
12/15/1944,-2.7,0,0,7.04
12/16/1944,0.1,0,0,6.88
12/17/1944,0.9,0,0,6.4
12/18/1944,2.5,0,0,6.24
12/19/1944,1.2,0,0,6.08
12/20/1944,0.3,0,0,5.92
12/21/1944,-0.8,0,0,5.6
12/22/1944,-1.5,0,0,5.26
12/23/1944,-3.5,0,0,4.94
12/24/1944,-4.7,0,0,4.94
12/25/1944,-4.2,0,0,4.65
12/26/1944,-4,0,0,4.52
12/27/1944,-5.9,0,0,4.38
12/28/1944,-5.6,0,0,4.13
12/29/1944,-4.8,0,0,4.02
12/30/1944,-5.2,0,0.2,3.91
12/31/1944,-3.3,11,7.6,4.13
1/1/1945,-6.6,1.1,0,4.13
1/2/1945,-7.5,0,0,3.91
1/3/1945,-7.6,0,0,3.71
1/4/1945,-6.2,0,0,3.81
1/5/1945,-3.1,0,0.3,3.71
1/6/1945,-3.4,0.1,0.4,3.71
1/7/1945,-5.2,1.6,3.3,3.52
1/8/1945,-4.1,0,0,3.42
1/9/1945,-5.6,0,0,3.33
1/10/1945,-9.6,0,0,3.15
1/11/1945,-11.5,0,0,3.15
1/12/1945,-10.8,0,0,3.15
1/13/1945,-9.6,0,0,3.15
1/14/1945,-5.7,0,0,3.15
1/15/1945,-4.9,0,0,3.15
1/16/1945,-6.7,0,0,3.06
1/17/1945,-6.7,0,0,3.06
1/18/1945,-4.8,3.5,4.6,3.06
1/19/1945,-1.3,5,11.1,3.06
1/20/1945,-3.3,0.5,0.3,2.98
1/21/1945,-3.3,0.5,4.9,2.9
1/22/1945,-5.7,0,1.2,2.98
1/23/1945,-3.7,0,0,2.82
1/24/1945,1.1,4,1.7,2.9
1/25/1945,0.8,0,0.6,2.82
1/26/1945,-4.5,4.8,8,2.9
1/27/1945,-4.2,11.6,4,2.82
1/28/1945,-5.2,8,2.8,2.82
1/29/1945,-8.4,0.2,0,2.74
1/30/1945,-6.1,14.5,8.3,2.82
1/31/1945,1,4.8,2.8,2.82
2/1/1945,1.4,1,4.3,3.15
2/2/1945,0,0,0,3.15
2/3/1945,2,0,0,2.98
2/4/1945,1.5,10.5,8.9,2.98
2/5/1945,3.1,30.2,26.1,3.71
2/6/1945,4.3,7.2,4.4,7.56
2/7/1945,3.4,8.2,5.4,5.6
2/8/1945,3.9,8.6,11.6,6.4
2/9/1945,2.8,2.5,3.2,6.24
2/10/1945,1.3,3.3,6.1,5.26
2/11/1945,1.5,60.2,42.2,4.52
2/12/1945,7,6,6.8,18.1
2/13/1945,4,0,0,11.5
2/14/1945,4.4,0,0,8.22
2/15/1945,1.6,0,0,6.98
2/16/1945,0.7,0,0,6.29
2/17/1945,2.1,0,0,5.81
2/18/1945,4.1,0,0,5.5
2/19/1945,1.6,0,0,5.16
2/20/1945,3.8,2.5,2.2,4.91
2/21/1945,1.1,0.1,1,4.63
2/22/1945,1.7,0,0,4.37
2/23/1945,1.5,0,0,4.25
2/24/1945,3,0,0,4.37
2/25/1945,2.2,0,0,4.13
2/26/1945,4.8,0,0,4.13
2/27/1945,5.8,0,0,4.13
2/28/1945,3.8,0,0,4.63
3/1/1945,4.1,2,1.4,5.2
3/2/1945,2.2,0,0,5.16
3/3/1945,0.2,0,0,4.5
3/4/1945,-0.6,18,14,4.13
3/5/1945,0.5,0.1,0,4.13
3/6/1945,0.1,28.5,26,3.91
3/7/1945,2.1,27.2,36.5,3.91
3/8/1945,1.5,19.2,13.7,4.02
3/9/1945,1.9,0,0,3.91
3/10/1945,1.3,0,0,3.71
3/11/1945,3.1,0,0,3.71
3/12/1945,3.5,0,0,3.91
3/13/1945,3.9,0,0,4.63
3/14/1945,6.2,0,0,5.5
3/15/1945,6.9,0,0,6.29
3/16/1945,8.1,0,0,7.16
3/17/1945,6.5,0,0,8.04
3/18/1945,5.9,0,0,8.22
3/19/1945,8.1,0,0,8.62
3/20/1945,8.5,0,0,8.62
3/21/1945,10.4,0,0,9.41
3/22/1945,9.7,0,0,10.2
3/23/1945,9.8,0,0,11.5
3/24/1945,12.2,0,0,12.4
3/25/1945,13,0,0,12.6
3/26/1945,10,5.2,6.6,12.4
3/27/1945,4.7,23.2,31.7,12.9
3/28/1945,5.1,3.7,2.5,12.4
3/29/1945,7.5,4,4.7,11.5
3/30/1945,9.3,4,4,13.8
3/31/1945,8.5,0,0,16.9
4/1/1945,9.8,0,0,14.6
4/2/1945,13.9,0,0,14.3
4/3/1945,8.7,5,5.2,20.6
4/4/1945,7.2,0,0,18.8
4/5/1945,10.5,0.2,3.2,14.8
4/6/1945,10.2,4.1,8,14.6
4/7/1945,6.2,0,0,14.3
4/8/1945,5.9,0,0,12
4/9/1945,8,0,0,12
4/10/1945,10.5,0,0,13.2
4/11/1945,12.7,0.1,0,15.6
4/12/1945,12.1,1.1,2.4,19.1
4/13/1945,12.1,13.8,12.9,21.5
4/14/1945,11.6,4,5.2,31.4
4/15/1945,13.1,0,0,27.9
4/16/1945,14.5,0,0,27.6
4/17/1945,14.6,3.5,6.4,29.8
4/18/1945,13.9,0,0,41.4
4/19/1945,13.8,0,0,36
4/20/1945,13.9,0,0,32.7
4/21/1945,12.3,13.2,20,29.5
4/22/1945,6.4,0.5,0.7,28.2
4/23/1945,7.7,0,0,20.9
4/24/1945,8.6,0,0,19.1
4/25/1945,10.7,0.1,0.2,18.6
4/26/1945,10.6,13.5,2.2,19.7
4/27/1945,9.3,9.9,13.4,23.5
4/28/1945,4.4,3.5,4,24.1
4/29/1945,4.6,1.5,2.1,18.6
4/30/1945,4.6,0,1.6,15.6
5/1/1945,2.7,18,10.3,13.8
5/2/1945,0.7,15,7.8,12.6
5/3/1945,3.3,0,0,12.2
5/4/1945,5.4,5.2,0,12
5/5/1945,10.5,1.5,4.5,12
5/6/1945,14.5,0,0,18.8
5/7/1945,16.5,0,0,23.8
5/8/1945,17.1,0,0,29.5
5/9/1945,18.3,0,0,33
5/10/1945,19.1,0,0,40.4
5/11/1945,19.9,0,0,44.9
5/12/1945,20.5,0,0,47.7
5/13/1945,21.1,0,0,51.7
5/14/1945,19.6,0,0,53.8
5/15/1945,19.3,0,0,56.5
5/16/1945,20.1,0,1.1,58.7
5/17/1945,21.4,0.2,0.3,59.5
5/18/1945,21,5.5,1,65.2
5/19/1945,16.5,8.4,5.5,60.2
5/20/1945,17.9,0,0,58
5/21/1945,13.4,13.2,8.7,56.8
5/22/1945,10.6,0,0.3,47.4
5/23/1945,11.7,25.2,17,36.2
5/24/1945,10.1,0,1,33.8
5/25/1945,12.2,10.5,2.8,27.9
5/26/1945,11.4,0,0.5,27.9
5/27/1945,13.7,0,0,26
5/28/1945,16.2,0,0,28.6
5/29/1945,16.7,0,0,30.2
5/30/1945,11.2,18.5,18.7,29.6
5/31/1945,9.8,0,0.6,28.6
6/1/1945,12.6,1,4,24.4
6/2/1945,14.3,0,0.4,25
6/3/1945,15.4,3,0.5,26
6/4/1945,15.9,0,1.1,29.6
6/5/1945,19.5,0,0.7,34.5
6/6/1945,21.4,0,0,43.2
6/7/1945,19.6,4.5,1,50.8
6/8/1945,18.5,1,0.7,57.3
6/9/1945,13.5,6.6,4.5,51.5
6/10/1945,16,0,0,44.3
6/11/1945,16.9,0,0.2,37.9
6/12/1945,17.5,15.2,21.3,36.6
6/13/1945,12.4,0.6,0.4,57.2
6/14/1945,14.1,0,0,36.9
6/15/1945,16.6,0,0,32.5
6/16/1945,15.5,2,4,32.5
6/17/1945,17.7,0,0.4,31.1
6/18/1945,20.4,0,0,37.2
6/19/1945,22,0,0,43.6
6/20/1945,23,0,0.7,51.2
6/21/1945,20.1,10,7.4,53.7
6/22/1945,18.1,0,0.8,58.4
6/23/1945,21.5,0,0,56.1
6/24/1945,20.8,1,7.2,58
6/25/1945,19.9,1,2.2,65.4
6/26/1945,19.5,17.5,28.4,65.4
6/27/1945,16.2,0,0,69.3
6/28/1945,16.8,14.5,15,46.4
6/29/1945,15.2,0.2,1.4,48.2
6/30/1945,17.6,1.2,0.2,41
7/1/1945,15.4,2,0.1,37.9
7/2/1945,10.7,14.2,14.2,31.8
7/3/1945,11.6,1,1.4,27.3
7/4/1945,13.6,0,0,23.2
7/5/1945,15.1,0,0,21.7
7/6/1945,17.6,1,0,22.6
7/7/1945,18.1,2.2,3.9,29.3
7/8/1945,19.2,0,0,37.9
7/9/1945,19.5,1,4.3,40.4
7/10/1945,16.3,35.2,11.1,46
7/11/1945,13.9,4.2,4.7,47.8
7/12/1945,17,0,0,40
7/13/1945,20.8,0,0,40
7/14/1945,22.7,0,0,46.4
7/15/1945,25.5,0,0,54.5
7/16/1945,16,1,1.8,57.7
7/17/1945,18,0,0,49.4
7/18/1945,21.6,0,0,49.4
7/19/1945,22.7,0,0,52.2
7/20/1945,21.1,0,0,57.7
7/21/1945,21.5,0,0,53.7
7/22/1945,24.3,0,0,58.4
7/23/1945,19.6,0,0,56.1
7/24/1945,21.2,0,0,53
7/25/1945,22,0,0,58.4
7/26/1945,22.5,6,1.7,58.8
7/27/1945,19.2,10,7.6,58.4
7/28/1945,17.9,6.2,9.9,54.5
7/29/1945,18.5,0,0,48.2
7/30/1945,17.6,0,0,44.6
7/31/1945,18.9,0,1.1,41
8/1/1945,15.3,0,0,30.5
8/2/1945,16.6,0,0,26
8/3/1945,17.7,0,0,26
8/4/1945,18.5,0,0,29.6
8/5/1945,20.8,0,0,31.4
8/6/1945,19.9,5.5,7.8,33.1
8/7/1945,16.4,12.5,9.5,37.9
8/8/1945,14.5,35.4,32.2,51
8/9/1945,10.4,8,10.4,51.6
8/10/1945,13.1,26.9,20.1,32.5
8/11/1945,16.5,0,0,48.1
8/12/1945,18,0,0,36.3
8/13/1945,17.2,15.5,27.3,34
8/14/1945,15.3,7.5,7.8,48.6
8/15/1945,18.2,1,2.8,38
8/16/1945,17,0,0,38
8/17/1945,16.6,0,0,33
8/18/1945,16.7,15,12.2,33
8/19/1945,13.6,7.2,12.1,48.4
8/20/1945,13.6,6.5,4.8,36.3
8/21/1945,14.9,3.5,4.8,31
8/22/1945,13.9,5.2,3.7,29.8
8/23/1945,13.8,8.2,3,26.3
8/24/1945,14.4,0,0,25.7
8/25/1945,17.7,0,0,26
8/26/1945,19.2,0,0,30.7
8/27/1945,19.7,0,0,33
8/28/1945,21.6,0,0,37
8/29/1945,20.7,0,0,38.3
8/30/1945,17.1,19,19.5,55.1
8/31/1945,14.1,1,3.6,63.1
9/1/1945,14.9,0,0,34.6
9/2/1945,19,0,0,29.4
9/3/1945,18.6,0,0,30.7
9/4/1945,16.7,4.8,19.5,32
9/5/1945,15.7,9.2,13.9,33.7
9/6/1945,14.4,0.1,2,38.3
9/7/1945,16,0,0,25.7
9/8/1945,16.9,4,6.1,24.2
9/9/1945,14.1,30.1,21.6,36.8
9/10/1945,14.5,0.1,2.2,38.3
9/11/1945,14.9,0,0,30.7
9/12/1945,13.6,0,0,24.5
9/13/1945,13.9,0,0,20.3
9/14/1945,15.8,0,0,19.7
9/15/1945,18.6,0,0,25.4
9/16/1945,18.2,0,0,25.7
9/17/1945,17.4,0,0,24.8
9/18/1945,16.9,5,8.5,22.4
9/19/1945,14,0,3.3,26.6
9/20/1945,13.2,0,0,20.3
9/21/1945,15.2,0,0,22.7
9/22/1945,17.5,8,18.4,21.8
9/23/1945,13,28.2,8.5,36
9/24/1945,9.4,5,4.6,26.9
9/25/1945,7.5,19,13.3,17.7
9/26/1945,7,18.2,11,17.1
9/27/1945,8.4,3,2.1,16.1
9/28/1945,10.5,34,25.3,19.4
9/29/1945,8.1,1,0.5,33.8
9/30/1945,8.5,0,0,20.6
10/1/1945,9.9,0.1,0,16.8
10/2/1945,10.7,0,0,15
10/3/1945,7.4,0,0,14
10/4/1945,5.6,0,0,12
10/5/1945,5.3,0,1,10.4
10/6/1945,5.1,10.2,9.5,9.8
10/7/1945,8,0,0,9.8
10/8/1945,6.7,0,0,9.38
10/9/1945,7.3,0,0,8.97
10/10/1945,9.4,0,0,8.97
10/11/1945,10.4,0,0,8.97
10/12/1945,10.4,0,0,8.77
10/13/1945,10.3,0,0,8.77
10/14/1945,9.2,0,0,8.57
10/15/1945,8.4,0,0,7.99
10/16/1945,7,0,0,7.62
10/17/1945,6.8,0,0,7.44
10/18/1945,7,0,0,6.92
10/19/1945,5.8,0,0,6.58
10/20/1945,7.3,0,0,6.42
10/21/1945,9.5,0,0,6.26
10/22/1945,11.9,11,8.8,6.26
10/23/1945,10.7,0,0,7.09
10/24/1945,10.8,7.2,6.3,6.26
10/25/1945,8.4,0.5,3.5,6.42
10/26/1945,8.9,5,3.5,7.44
10/27/1945,8.2,0,0.7,6.75
10/28/1945,8.4,0,0,6.1
10/29/1945,10.2,13.7,21.5,9.97
10/30/1945,11.1,0,0,38.3
10/31/1945,9.6,0,0,18.9
11/1/1945,9.2,3.6,2.7,15.4
11/2/1945,8.4,0,0.3,11.6
11/3/1945,7.6,0,0,9.45
11/4/1945,7.3,0,0,8.3
11/5/1945,6.1,0,0,7.4
11/6/1945,7.1,0,0,7.23
11/7/1945,6,0,0,6.89
11/8/1945,6.5,21,16.9,6.72
11/9/1945,3.7,15,12.4,7.06
11/10/1945,1.3,6.5,3.2,7.06
11/11/1945,1.6,10,9.4,6.89
11/12/1945,1.5,0,0,6.4
11/13/1945,2,0,0,5.78
11/14/1945,1.6,0,0,5.48
11/15/1945,0,0,0,5.2
11/16/1945,-0.6,0,0,5.07
11/17/1945,-0.2,0,0,5.07
11/18/1945,1.4,0,0,5.2
11/19/1945,1.1,0,0,5.07
11/20/1945,-0.4,0,0,5.07
11/21/1945,-0.3,0,0,4.94
11/22/1945,-0.2,0,0,4.69
11/23/1945,1.4,0,0,4.69
11/24/1945,1.8,0,0,4.57
11/25/1945,1.6,0,0,4.45
11/26/1945,0.7,0,0,4.21
11/27/1945,2.3,0,0,4.21
11/28/1945,-0.7,0,0,3.98
11/29/1945,-0.9,0,0,3.98
11/30/1945,0.3,0,0,3.86
12/1/1945,1.8,0,0,3.86
12/2/1945,4.9,9,5.7,3.86
12/3/1945,3.7,3.8,6.2,4.57
12/4/1945,1.6,0,0,4.21
12/5/1945,0.3,4,5.6,3.98
12/6/1945,-0.2,7,4.5,3.86
12/7/1945,-0.7,3,2,3.75
12/8/1945,-7.1,2.2,0.1,3.53
12/9/1945,-8.7,0,0,3.42
12/10/1945,-7.8,0,0,3.32
12/11/1945,-6.4,0,0,3.12
12/12/1945,-1.5,0,0,3.02
12/13/1945,-1.7,3,1.9,3.02
12/14/1945,1.8,0,0.6,3.42
12/15/1945,-0.1,0,0,3.32
12/16/1945,1.1,0,0,3.32
12/17/1945,5.2,0,0,3.42
12/18/1945,9.6,0,0,3.53
12/19/1945,6.3,0,0,4.1
12/20/1945,4.2,9,4.4,4.1
12/21/1945,1.2,0,0,3.86
12/22/1945,2.1,0,0,3.64
12/23/1945,2.9,0,0,3.53
12/24/1945,1.7,1,0.9,3.42
12/25/1945,1.2,10.1,9,3.42
12/26/1945,1.3,0,0,3.32
12/27/1945,2,42.1,27.9,6.22
12/28/1945,5.4,12.2,11.1,19.2
12/29/1945,2.6,9,8.8,11.2
12/30/1945,0.7,1.5,1.9,7.75
12/31/1945,2.2,0,0,6.56
1/1/1946,-4.9,0,0,5.2
1/2/1946,-4.8,0,0,5.2
1/3/1946,-5.5,0,0,4.94
1/4/1946,-6.8,0,0,4.69
1/5/1946,-4,0,0,4.45
1/6/1946,-3.8,0,0,4.21
1/7/1946,-3.1,0,0,3.98
1/8/1946,-2,0,0,3.86
1/9/1946,-2.2,0,0,3.75
1/10/1946,1.9,18.9,10.8,4.45
1/11/1946,2.5,0.1,0,6.09
1/12/1946,3.2,8.7,11.4,5.2
1/13/1946,2,5.2,13.4,5.07
1/14/1946,-4.1,0.6,0,4.45
1/15/1946,-6.2,0,0,4.09
1/16/1946,-8.5,0,0,3.64
1/17/1946,-7.8,0,0,3.42
1/18/1946,-4.7,5,10.1,3.98
1/19/1946,-0.1,0,0,3.86
1/20/1946,0.4,0,0,3.53
1/21/1946,-1.4,0,0,3.32
1/22/1946,-1.8,0,0,3.32
1/23/1946,-1.1,0,0,3.22
1/24/1946,-1.5,0,0,3.22
1/25/1946,-1.4,0,0,3.12
1/26/1946,-1.7,0,0,3.22
1/27/1946,-2,0,0,3.32
1/28/1946,1,0.1,0.1,3.32
1/29/1946,1.2,3.6,5.7,3.22
1/30/1946,3.1,11.5,21.3,3.75
1/31/1946,0.3,0,0.6,3.86
2/1/1946,0.7,0,0,3.53
2/2/1946,1.9,4.5,4,3.53
2/3/1946,2.7,0.2,0,3.53
2/4/1946,4.4,4.5,7.6,3.98
2/5/1946,5,1.6,4.3,6.09
2/6/1946,4.5,56,36.6,5.93
2/7/1946,4.1,1,0.7,17.7
2/8/1946,6.1,5,5.3,9.06
2/9/1946,1.6,14,19.6,7.57
2/10/1946,0.9,1.5,0.7,6.56
2/11/1946,2.9,0,0,5.78
2/12/1946,3.6,1,0.3,5.34
2/13/1946,2,0,0,4.94
2/14/1946,0.2,0,0,4.57
2/15/1946,1.6,0,0,4.45
2/16/1946,0.7,0,0,4.21
2/17/1946,1.6,0.3,0,4.09
2/18/1946,3.6,0,0,3.98
2/19/1946,4.3,0.1,0,3.86
2/20/1946,4.9,3.5,9.1,3.75
2/21/1946,-0.9,7.8,17.4,3.75
2/22/1946,-2.2,8.3,6,3.53
2/23/1946,1.5,3,18,3.53
2/24/1946,3.5,9.5,9.5,3.42
2/25/1946,1.7,10.2,16.3,3.42
2/26/1946,3.8,0,0,3.53
2/27/1946,6.1,0,0,3.64
2/28/1946,7.8,0,0,3.98
3/1/1946,5.3,7.2,12.4,4.45
3/2/1946,0.5,1.2,5.1,4.33
3/3/1946,-1.8,3.5,7,3.98
3/4/1946,-0.4,0,0,3.86
3/5/1946,-0.2,0,0,3.64
3/6/1946,1.5,0,0,3.53
3/7/1946,2,0,0,3.53
3/8/1946,2.3,0,0,3.53
3/9/1946,2.7,0,0,3.42
3/10/1946,3.4,0,0,3.32
3/11/1946,4.9,3,0,3.42
3/12/1946,4.7,0,0,3.64
3/13/1946,4.8,1,2.8,3.86
3/14/1946,3.2,9.2,9.7,3.98
3/15/1946,6.4,0,0,3.98
3/16/1946,5.7,0,0,3.98
3/17/1946,3.8,0,0,3.86
3/18/1946,3,0,0,3.86
3/19/1946,3.8,0,0,4.09
3/20/1946,6.7,0,0,4.69
3/21/1946,9.6,0,0,5.63
3/22/1946,9.9,1.2,0.3,6.89
3/23/1946,11.2,0.3,0.6,9.66
3/24/1946,9.9,12.3,4.4,10.5
3/25/1946,9.1,0,2.5,15.7
3/26/1946,9.1,0,0,15
3/27/1946,10.2,0,0,15
3/28/1946,10.5,0,0,16.2
3/29/1946,11.4,0,0,18.3
3/30/1946,12.2,0,0,19.4
3/31/1946,11.5,0,0,19.7
4/1/1946,12.1,0,0,19.7
4/2/1946,12.3,0,0,19.9
4/3/1946,13.1,0,0,20.2
4/4/1946,14.6,0,0,20.2
4/5/1946,11.7,0,0,18.1
4/6/1946,9.9,20.8,4.3,16
4/7/1946,6.2,0,0,16.7
4/8/1946,10.5,0,0,17.3
4/9/1946,12.1,0,0,18.6
4/10/1946,7.1,1.2,1.6,17.6
4/11/1946,7.3,0,0,21
4/12/1946,10.4,0,0,16.2
4/13/1946,11.7,0,0,18.1
4/14/1946,12.2,0,0,18.8
4/15/1946,13.8,0,0,19.1
4/16/1946,12,0,0,19.4
4/17/1946,13.9,3,0,18.8
4/18/1946,12.5,18,5.7,20.5
4/19/1946,9.4,3.2,0,21.6
4/20/1946,9.6,0,0,20.2
4/21/1946,12.3,7,3.5,20.8
4/22/1946,9.2,6.5,7,22.7
4/23/1946,8.8,0,0,19.7
4/24/1946,10.3,0,0.4,19.1
4/25/1946,10.1,0,0,18.1
4/26/1946,12.9,0,0,16.7
4/27/1946,11.8,0,0,15.8
4/28/1946,11.6,0.1,3.5,15.5
4/29/1946,10.4,0,0,15.7
4/30/1946,10.4,0,0,13.8
5/1/1946,12.4,0,0,14.3
5/2/1946,13.7,0,0,16.7
5/3/1946,16.5,0,0,19.1
5/4/1946,15.6,0,0,19.9
5/5/1946,13.2,6.5,0,19.9
5/6/1946,13.2,0,0,20
5/7/1946,13.6,9,12.3,20.2
5/8/1946,13,0.1,0,23.9
5/9/1946,15.5,0,0,22.2
5/10/1946,15.3,0,0,23.6
5/11/1946,14,1.2,0,23
5/12/1946,17.7,0,0,22.5
5/13/1946,13.8,15.4,16.3,27.1
5/14/1946,12.1,39,13.3,27.2
5/15/1946,6.2,6.2,3.7,25.7
5/16/1946,8.6,0,1.4,18.8
5/17/1946,9.4,2,0.8,16
5/18/1946,11.6,0,0,15.2
5/19/1946,14.4,1.2,0,16
5/20/1946,14.5,21.2,12.8,17.3
5/21/1946,12.4,0,1.5,24.2
5/22/1946,13.1,3.5,0.5,20.5
5/23/1946,13.6,6.8,3.8,20.5
5/24/1946,14.1,0.1,0,22.2
5/25/1946,15.2,0,0,22.5
5/26/1946,11.9,9.5,4.7,23
5/27/1946,12.8,0,0,21.3
5/28/1946,16,0,0,19.9
5/29/1946,13,2,0,19.9
5/30/1946,13.9,7.5,5.5,20.8
5/31/1946,15.9,0,0,24.2
6/1/1946,15.1,13.1,11.4,25.4
6/2/1946,12.8,2,3,35.9
6/3/1946,13.3,2.1,4.4,27.2
6/4/1946,12.8,0,0,23
6/5/1946,15.6,0,0,22.7
6/6/1946,19.3,0,0,27.8
6/7/1946,19.5,2,0,35.2
6/8/1946,18.2,15.5,4.7,39.3
6/9/1946,19.2,1.4,0,50
6/10/1946,15.4,8,7.7,46.3
6/11/1946,11.7,10.2,3.9,38.6
6/12/1946,12.1,20.2,22.3,31
6/13/1946,6.7,44.6,39,36.9
6/14/1946,9.2,3.6,3.9,31.6
6/15/1946,12.6,4.5,1.7,28.1
6/16/1946,11.2,13.5,7.5,32.3
6/17/1946,14.9,0,0,31
6/18/1946,15.6,0,0,29.4
6/19/1946,15.3,0,0,31.9
6/20/1946,14.2,0,0.2,30
6/21/1946,12.2,45.6,36.6,28.4
6/22/1946,9.2,16.4,15.2,44.5
6/23/1946,11,2.1,0.5,33.2
6/24/1946,12.6,0,0,27.8
6/25/1946,16,0,0,28.1
6/26/1946,14.1,3,4.4,29.7
6/27/1946,16,0,0,29.7
6/28/1946,17.9,0,0,32.6
6/29/1946,20,0,0,38.6
6/30/1946,22.1,0,0,46.3
7/1/1946,21.4,9.2,5.4,58.1
7/2/1946,20.5,0,1,60.3
7/3/1946,22.6,0,0,54.1
7/4/1946,22.8,0,0,56.4
7/5/1946,19.2,8.6,0.9,54.9
7/6/1946,14,37.5,24.9,48.9
7/7/1946,11.1,8.4,4.3,57.6
7/8/1946,14,0,1,39
7/9/1946,14.5,0,0,32.3
7/10/1946,17.7,0,0,33.6
7/11/1946,18.4,0,0,34.9
7/12/1946,18.5,0,0,35.2
7/13/1946,19.4,0,0,35.9
7/14/1946,18.2,18.5,14.9,35.6
7/15/1946,12.7,1.2,3.1,42.7
7/16/1946,16.5,0,0,36.2
7/17/1946,19.6,15.2,6.6,42.4
7/18/1946,16.8,32,14.9,52.6
7/19/1946,16.5,10.9,9.8,59.4
7/20/1946,16.5,18.2,15.5,48.5
7/21/1946,14.4,8.2,9.5,61.8
7/22/1946,17.9,0,0,45.2
7/23/1946,20,0,0,45.6
7/24/1946,22,0,0,51.9
7/25/1946,18.6,6.5,11.7,55.7
7/26/1946,22.4,0,0,51.1
7/27/1946,21,4,2.3,52.6
7/28/1946,16.6,14.5,16.4,62.4
7/29/1946,17,0,0,48.1
7/30/1946,19,0,0,41.1
7/31/1946,20.6,0,0,41.1
8/1/1946,20.3,0,0,41.4
8/2/1946,19,0,0,39.4
8/3/1946,20.4,0,0,44.5
8/4/1946,23,0,0,51.1
8/5/1946,23.5,2.6,2.4,51.9
8/6/1946,20.7,0,0,61.7
8/7/1946,20.3,0,0,48.9
8/8/1946,18.5,0,0,42.1
8/9/1946,19.4,0,0,40.4
8/10/1946,21.3,17.5,2.3,46.7
8/11/1946,18.4,1.5,0,45.2
8/12/1946,20.9,0,0,41.8
8/13/1946,16.5,9,3.6,43.1
8/14/1946,16.2,0,0,33.9
8/15/1946,16.9,0,0,30.7
8/16/1946,16.2,4.2,3.5,27.2
8/17/1946,18.1,3.2,1.4,35.2
8/18/1946,16.5,9.2,13.7,41.8
8/19/1946,12.4,17.5,12.9,42.7
8/20/1946,13.2,3.2,7.1,28.4
8/21/1946,11.9,14.5,16.8,23.6
8/22/1946,10.8,0,0.1,25.1
8/23/1946,12.9,0,0,20.8
8/24/1946,14.6,0.1,0.9,18.6
8/25/1946,15,21.2,15.9,18.6
8/26/1946,12.5,1,2.7,28.4
8/27/1946,13.3,0,0,19.7
8/28/1946,15.5,5.6,0.4,17.6
8/29/1946,14.8,20.2,14.3,22.5
8/30/1946,14.7,19.2,17.7,38.3
8/31/1946,13.1,0.5,2.4,43.7
9/1/1946,12.2,11.6,12.1,30
9/2/1946,13.4,1.2,0.2,30.6
9/3/1946,14.2,0,0,24.8
9/4/1946,14.5,1,0,24.2
9/5/1946,15.6,0.6,0,27.5
9/6/1946,16.2,26.2,19.4,32.3
9/7/1946,14.5,0,0,43.8
9/8/1946,15.4,4.2,7.8,31.3
9/9/1946,12.5,0,3.5,30
9/10/1946,13.3,0,0,21.9
9/11/1946,12.3,0,0,18.6
9/12/1946,14.8,0,0,18.1
9/13/1946,14.6,1.5,0.5,18.1
9/14/1946,13.6,3,0.5,17.3
9/15/1946,15.6,0,0,16.7
9/16/1946,16.7,0,0,20.5
9/17/1946,16.7,23.5,15.9,22.7
9/18/1946,14.6,3.2,4.5,30.6
9/19/1946,16.9,0.1,0,26
9/20/1946,15,5.5,1.7,23.6
9/21/1946,11.2,0,0,21.3
9/22/1946,11.1,0,0,16.5
9/23/1946,13.5,0,0,17.6
9/24/1946,13.5,0,0,17.6
9/25/1946,14,0,0,16.7
9/26/1946,14.3,0,0,16.5
9/27/1946,15,0,0,17.8
9/28/1946,14.6,0,0,17.8
9/29/1946,15.3,0,0,16.7
9/30/1946,15.6,0.1,1.4,16.5
10/1/1946,15.5,0,0,15.7
10/2/1946,15.9,0,0,16
10/3/1946,15.1,3,2.1,14.1
10/4/1946,12.6,18.2,11.7,15.5
10/5/1946,12.2,8.1,0.7,12.7
10/6/1946,11.5,3.1,9.5,12.2
10/7/1946,10.4,0,0,13.3
10/8/1946,8.9,0,0,9.45
10/9/1946,7,0,0,8.48
10/10/1946,6.4,0,0,7.4
10/11/1946,6.9,0,0,7.06
10/12/1946,6.8,0,0,6.72
10/13/1946,6.7,0,0,6.4
10/14/1946,6.7,0,0,6.09
10/15/1946,7.2,0,0,6.09
10/16/1946,7.7,0,0,5.63
10/17/1946,7.7,0,0,5.48
10/18/1946,8.1,0,0,5.48
10/19/1946,10.3,1.1,0.2,5.78
10/20/1946,12.4,6,3.7,6.09
10/21/1946,11,15,18.2,7.4
10/22/1946,9.9,0,0,8.11
10/23/1946,8.6,6,9,6.56
10/24/1946,6.2,0,0.1,6.4
10/25/1946,4.4,0,0,5.78
10/26/1946,4.7,0,0,5.03
10/27/1946,8.1,8.2,4.9,5.03
10/28/1946,9,5.2,6.8,5.2
10/29/1946,4.9,0,0,5.2
10/30/1946,3.5,0,0,4.94
10/31/1946,2,0,0,4.57
11/1/1946,4.3,0,0,4.57
11/2/1946,4.7,0,0,4.45
11/3/1946,6.4,0,0,4.21
11/4/1946,5.2,0,0,4.09
11/5/1946,6,0,0,4.45
11/6/1946,2.9,0,0,4.45
11/7/1946,3.9,0,0,4.21
11/8/1946,3.7,0,0,4.09
11/9/1946,1.7,3.6,2.3,3.86
11/10/1946,3.7,0,0,3.75
11/11/1946,2.9,0,0,3.64
11/12/1946,-0.1,0,0,3.53
11/13/1946,0.1,0,0,3.42
11/14/1946,1.5,0,0,3.53
11/15/1946,2.8,0,0,3.53
11/16/1946,3.7,0,0,3.42
11/17/1946,2.7,3,1,3.32
11/18/1946,3.8,7.6,9.3,3.53
11/19/1946,4.1,12.4,10.2,4.32
11/20/1946,5.6,0,0.6,4.69
11/21/1946,6.4,0,0,4.09
11/22/1946,5.6,2.6,2.6,3.98
11/23/1946,4,0,0,3.75
11/24/1946,4,0,0,3.53
11/25/1946,5,0,0,3.53
11/26/1946,5.2,6.2,5.3,3.53
11/27/1946,2.5,0,0,3.42
11/28/1946,1.9,0,0,3.32
11/29/1946,3,0.6,0,3.32
11/30/1946,5.1,7.6,10.4,3.22
12/1/1946,4.7,4.2,5.2,3.64
12/2/1946,4.7,3.2,3.1,3.53
12/3/1946,3.6,5.1,8.4,3.86
12/4/1946,1.2,0,0,3.53
12/5/1946,1.8,0,0,3.32
12/6/1946,1.2,0.6,3,3.22
12/7/1946,-0.4,0,0,3.12
12/8/1946,0.8,0,0,2.93
12/9/1946,2.8,10.2,6.5,3.12
12/10/1946,1.9,4.2,4,3.02
12/11/1946,0.9,0,0,2.93
12/12/1946,1.5,0.1,0,2.93
12/13/1946,2.7,0,0.1,2.84
12/14/1946,0.6,3,2,2.84
12/15/1946,-0.9,0,0.9,2.84
12/16/1946,-6.3,0.8,0.2,2.75
12/17/1946,-4.8,0,0,2.42
12/18/1946,-4.7,0,0,2.5
12/19/1946,-6.3,0,0,2.42
12/20/1946,-5.2,0,0,2.26
12/21/1946,-3,0,0,2.26
12/22/1946,-2.4,0,0,2.34
12/23/1946,-2.6,0,0,2.34
12/24/1946,-1.4,0,0,2.34
12/25/1946,-1.3,0,0,2.5
12/26/1946,1.2,0.1,1.3,2.5
12/27/1946,-0.2,2.8,2.5,2.5
12/28/1946,1.2,1.1,1.1,2.42
12/29/1946,-0.2,0,0.1,2.34
12/30/1946,-3.8,0,0,2.26
12/31/1946,-2.7,5.4,7.8,2.18
1/1/1947,0.8,0.3,1.5,2.42
1/2/1947,-1.6,0,0,2.26
1/3/1947,-1.4,0,0,2.34
1/4/1947,-4.3,0,0,2.09
1/5/1947,-5.6,0,0,2.01
1/6/1947,-6.2,0.6,2,2.18
1/7/1947,-0.7,0,0,2.26
1/8/1947,-0.3,0,0,2.26
1/9/1947,1,10.2,26.3,2.26
1/10/1947,1.2,0,0.5,2.42
1/11/1947,1.2,32.9,24.2,2.26
1/12/1947,4.7,1.3,0.9,5.94
1/13/1947,3.3,12.2,14,5.2
1/14/1947,1.9,3,2.5,4.45
1/15/1947,2.3,0,0,3.75
1/16/1947,1.3,0,0,3.53
1/17/1947,2.2,4.1,3.1,3.42
1/18/1947,1.8,0,0,3.53
1/19/1947,-1.1,0,0,3.32
1/20/1947,-2,0,0,3.02
1/21/1947,-3.4,0,0,2.58
1/22/1947,-2.7,0,1.4,2.84
1/23/1947,-3.6,0,0,2.84
1/24/1947,-8.6,0,0,2.26
1/25/1947,-9.9,0,0,2.18
1/26/1947,-9,0,0,2.26
1/27/1947,-8.7,0,0,2.26
1/28/1947,-10.7,0,0,2.26
1/29/1947,-6.8,0,0,2.26
1/30/1947,-5.2,0,0,2.18
1/31/1947,-3.7,0,0,2.18
2/1/1947,-2.5,0,0,2.18
2/2/1947,-0.9,0,0,2.18
2/3/1947,0,0,0,2.09
2/4/1947,1,6.1,9.1,2.09
2/5/1947,2,4.6,1.8,2.09
2/6/1947,-0.1,1.1,0.2,2.01
2/7/1947,-0.2,0,0,2.09
2/8/1947,-0.4,0,0,2.09
2/9/1947,1.8,0,0,2.09
2/10/1947,2.1,0,0,2.18
2/11/1947,2.1,0,0,2.09
2/12/1947,0.9,0,0,2.18
2/13/1947,-0.8,0,0,2.18
2/14/1947,-1.1,0,0,2.26
2/15/1947,-2.1,0,0,2.09
2/16/1947,-2.8,0,0,2.09
2/17/1947,-3.2,0,0,2.09
2/18/1947,-3.8,0,0,2.09
2/19/1947,-2.5,0,0,2.09
2/20/1947,-1.8,0,0,2.09
2/21/1947,1.5,1.3,0.4,2.09
2/22/1947,4.7,6,6.2,2.26
2/23/1947,0.9,0,0,2.42
2/24/1947,-0.5,0,0,2.26
2/25/1947,-4.3,6.5,2.7,2.18
2/26/1947,-3.7,0,0,2.09
2/27/1947,-1.9,3.6,0,2.18
2/28/1947,0.2,0,3.3,2.18
3/1/1947,-0.6,0,0,2.18
3/2/1947,-2.7,0,0,2.18
3/3/1947,-2.7,11.3,6.5,2.18
3/4/1947,3,1.5,0,2.26
3/5/1947,4.8,8,8.1,2.84
3/6/1947,4.9,4.2,5.1,4.57
3/7/1947,4,2.5,0.8,4.57
3/8/1947,-0.3,4.7,4,3.98
3/9/1947,-0.3,0,0,3.22
3/10/1947,2.7,8.5,7.4,3.22
3/11/1947,6.8,23.5,18.1,6.89
3/12/1947,5.5,5.5,6.7,8.3
3/13/1947,5.9,2.2,0.8,6.56
3/14/1947,7.2,11.2,8,8.3
3/15/1947,5.1,2.6,2.4,8.86
3/16/1947,4.4,0,0,6.56
3/17/1947,8.6,0,0,10.1
3/18/1947,11.2,0,0,14.8
3/19/1947,4.9,8.2,6.1,11.8
3/20/1947,4.7,10.2,3.3,8.86
3/21/1947,7.8,0,0,7.23
3/22/1947,8.5,18.2,11,7.23
3/23/1947,7.2,0,0.1,10.1
3/24/1947,6.1,8.5,7.8,8.48
3/25/1947,1.2,2.2,0,8.11
3/26/1947,2.3,0,0,7.06
3/27/1947,6.2,0,0,6.89
3/28/1947,11.4,0,0,6.56
3/29/1947,9.3,5.5,8.1,8.3
3/30/1947,7.6,0.1,0,8.67
3/31/1947,5.8,0,0.4,7.4
4/1/1947,8,4.5,6.6,6.72
4/2/1947,6.2,0,0,6.89
4/3/1947,7.8,5.5,3.8,6.24
4/4/1947,7.3,2,2.7,6.24
4/5/1947,5.7,0.7,0.7,6.09
4/6/1947,10.1,0,0,5.48
4/7/1947,11.7,0.6,0,6.09
4/8/1947,12.5,5.2,3.8,9.25
4/9/1947,8.4,0,0.7,11.6
4/10/1947,6.1,0,0,9.25
4/11/1947,6.1,0,0,8.11
4/12/1947,6.6,0,0,8.67
4/13/1947,9.6,0,0,9.46
4/14/1947,12.4,0,0,11.3
4/15/1947,14,0,0,12.9
4/16/1947,14.4,0,0,15
4/17/1947,14.1,0,0,17.6
4/18/1947,12.7,0,0,18.1
4/19/1947,12.7,2.2,1.4,17
4/20/1947,11.1,0,0,17.3
4/21/1947,10.4,0.1,0.9,16
4/22/1947,12.2,1.7,8.2,15
4/23/1947,9.2,0.4,1.7,15.2
4/24/1947,12.1,0,0,14.6
4/25/1947,13.8,0,0,16.8
4/26/1947,17.3,0,0,19.7
4/27/1947,16.9,0,0,26.6
4/28/1947,16.5,9.7,2.6,32.6
4/29/1947,12,0,0.1,34
4/30/1947,12.9,0,0,26.3
5/1/1947,8.2,0,0.4,21.9
5/2/1947,12.7,0.5,0.6,24.2
5/3/1947,13.9,0,0.5,31.6
5/4/1947,8.4,3.7,7.6,30.6
5/5/1947,7.3,4,4.6,20.8
5/6/1947,10.9,0,0,17
5/7/1947,13.6,0,0,17.6
5/8/1947,15.4,0,0,20.5
5/9/1947,16.6,0.5,5.6,23.6
5/10/1947,13,27.5,26,28.4
5/11/1947,14.5,0,0,28.4
5/12/1947,17.8,0,0,26.6
5/13/1947,17.7,0,0,27.5
5/14/1947,17.2,0,0,28.4
5/15/1947,12.2,1,11.4,26.3
5/16/1947,7.7,2.2,0.6,23.9
5/17/1947,10.7,0,0,18.8
5/18/1947,12.5,0.2,0.2,17
5/19/1947,14,4,4.4,17.6
5/20/1947,12.7,1.2,1.2,20.8
5/21/1947,11.9,2.5,2.7,22.2
5/22/1947,12.1,3.2,12.5,22.8
5/23/1947,14.2,0.1,0,24.2
5/24/1947,16.3,0,0,24.8
5/25/1947,18.1,0,0,25.4
5/26/1947,18.2,6.2,0,32.3
5/27/1947,18.3,1.5,0.2,35.6
5/28/1947,19.1,0,0,38.6
5/29/1947,19.4,0,0,35.9
5/30/1947,20.2,0,0,36.2
5/31/1947,18.9,4.5,2.5,39
6/1/1947,20,0,0,41.4
6/2/1947,22,0,0,40.8
6/3/1947,24.2,0,0,42.1
6/4/1947,19.7,6.5,6,41.4
6/5/1947,15.7,0,0,40
6/6/1947,11.7,20,21.8,31.6
6/7/1947,11.8,0.4,0.2,24.2
6/8/1947,17.9,0,0,21.9
6/9/1947,16.5,0,0,20.8
6/10/1947,15.1,0,0,20.5
6/11/1947,16.3,0,0,21.9
6/12/1947,19.5,7.2,11.8,24.5
6/13/1947,14.6,8,14.6,32.9
6/14/1947,16.7,4.5,4,26.3
6/15/1947,14.3,3.5,6.1,29.1
6/16/1947,15.3,0,0,25.1
6/17/1947,17.4,0,0,26
6/18/1947,19.9,0,0,32.9
6/19/1947,16.6,12.5,16.4,43.4
6/20/1947,18.9,0,5,38.3
6/21/1947,19.7,0,0,40
6/22/1947,13.4,24.5,28.3,43.1
6/23/1947,13.9,0.1,0.2,40.8
6/24/1947,19,0,0,33.6
6/25/1947,21.6,0,0,39
6/26/1947,23.7,0,0,50.4
6/27/1947,23.8,0,0,50.4
6/28/1947,22.9,0,0,51.1
6/29/1947,21.2,6.2,8,49.6
6/30/1947,20,10.2,6.1,46.7
7/1/1947,16.1,5.5,6.8,60.3
7/2/1947,17.2,0,0.2,54.9
7/3/1947,19.6,0,0.5,48.9
7/4/1947,18.5,26.7,19,51.1
7/5/1947,20.7,0,0,48.1
7/6/1947,21,0,0,49.6
7/7/1947,23.2,3,5.2,49.6
7/8/1947,17.7,11.2,19.7,55.7
7/9/1947,12.4,2,1.7,57.2
7/10/1947,14.6,0,0,34.9
7/11/1947,15.8,5,4.1,27.8
7/12/1947,17.7,0.1,0.5,34
7/13/1947,17.2,0,0,30.3
7/14/1947,19.4,0,0,32.6
7/15/1947,21,42,10.6,39.4
7/16/1947,17.5,17.2,20,47.4
7/17/1947,15.2,18,23.7,52.6
7/18/1947,16,2.1,6.7,64.2
7/19/1947,18.2,14.2,8.8,46.4
7/20/1947,16.4,0.1,0.3,48.9
7/21/1947,17.3,0,0,37.2
7/22/1947,19.5,0,0,40
7/23/1947,21.2,0,0,43.1
7/24/1947,21.9,0,0,46.7
7/25/1947,23,0,0,49.6
7/26/1947,24,0,0,52.6
7/27/1947,25.2,0,0,54.9
7/28/1947,24.9,0,0,60.3
7/29/1947,26.5,0,0,59.9
7/30/1947,24.8,0,0,53.4
7/31/1947,26,0,0,54.9
8/1/1947,24.2,0,0,55.7
8/2/1947,24.5,0,0,53.8
8/3/1947,25.9,0,0,58.7
8/4/1947,22,34.2,10.9,67.4
8/5/1947,18.2,14.1,10.5,60.3
8/6/1947,18.6,0,0,44.8
8/7/1947,17.4,9.1,6.5,36.9
8/8/1947,18.1,0,0,44.5
8/9/1947,19.7,6.5,4.9,37.6
8/10/1947,17.3,2.6,4.4,41.8
8/11/1947,19.7,0,0,39
8/12/1947,19.3,0,0,38.3
8/13/1947,20,0,0,39
8/14/1947,21.7,0,0,41.8
8/15/1947,22.1,0,0,41.8
8/16/1947,22.7,0,0,42.4
8/17/1947,22.4,0,0,43.1
8/18/1947,23,0,0,44.2
8/19/1947,22.4,5.2,5.3,43.8
8/20/1947,21.4,0,0,48.1
8/21/1947,20,34.2,44.2,47.2
8/22/1947,17,15.2,29.5,63.8
8/23/1947,16.9,1.5,1,54.1
8/24/1947,17,0,0,36.9
8/25/1947,16.7,0,5.6,32.6
8/26/1947,15.4,0,0,31
8/27/1947,16.4,0,0,28.4
8/28/1947,17.2,0,0,26.9
8/29/1947,16.8,0,0,25.7
8/30/1947,15,0,0,24.2
8/31/1947,14.9,0,0,22.2
9/1/1947,16.2,0,0,21
9/2/1947,15.3,0,0,20.2
9/3/1947,16.9,0,0,18.4
9/4/1947,16.2,0,0,19.4
9/5/1947,16.2,0,0,18.6
9/6/1947,14.4,17.6,13.4,19.7
9/7/1947,14.6,3.2,0.5,17.8
9/8/1947,15.5,0,0,16.5
9/9/1947,16.7,0,0,18.1
9/10/1947,18,0,0,19.4
9/11/1947,19.9,0,0,21.9
9/12/1947,20.9,0,0,26.6
9/13/1947,21.2,0,0,27.5
9/14/1947,21.2,0,0,26.6
9/15/1947,19.7,0,0,22.8
9/16/1947,19.1,0,0,20.2
9/17/1947,18.9,0,0,18
9/18/1947,19.5,0,0,19.7
9/19/1947,19.8,0,0,21.3
9/20/1947,15.7,0,0,21.9
9/21/1947,17.7,4,3.5,20.5
9/22/1947,11.7,0,0.6,18.1
9/23/1947,10.6,20.1,16.1,11.8
9/24/1947,7.1,24,14.1,12.4
9/25/1947,9.6,5.1,22.9,12.4
9/26/1947,14.6,3,7.6,75.9
9/27/1947,14,0,0,27.6
9/28/1947,14.4,0,0,18
9/29/1947,13.3,0,0,16.2
9/30/1947,13.4,0,0,13.8
10/1/1947,9.7,0,0,11.2
10/2/1947,9.9,0,0,10.6
10/3/1947,8.5,0,0,10
10/4/1947,9.9,0,0,10.4
10/5/1947,10.7,0,0,9.26
10/6/1947,12,0,0,8.52
10/7/1947,12.5,0,0,8.34
10/8/1947,13.1,0,0.1,8.52
10/9/1947,14.3,12,5.5,9.08
10/10/1947,13.2,15.6,5.6,12.4
10/11/1947,13.7,0,0,10.8
10/12/1947,12.5,0,0,9.26
10/13/1947,11.5,0,0,8.15
10/14/1947,9.9,0,0,7.49
10/15/1947,12.2,7.6,7.3,6.83
10/16/1947,11.2,0,0.4,7.98
10/17/1947,10.6,0,0,6.21
10/18/1947,8.9,0,0,5.77
10/19/1947,5.1,0,0,5.48
10/20/1947,5.4,0,0,5.33
10/21/1947,9.6,0,0,5.33
10/22/1947,10.2,0,0,5.33
10/23/1947,9.7,0.2,0.9,5.04
10/24/1947,9.8,0,0,5.18
10/25/1947,7.5,2.1,0,4.54
10/26/1947,1.9,1,0,4.16
10/27/1947,3.7,0,0,3.9
10/28/1947,4.1,0,0,3.78
10/29/1947,5.3,0,0,3.67
10/30/1947,5.4,0,0,3.67
10/31/1947,7.8,7,11.8,3.67
11/1/1947,9,0.2,0.5,4.66
11/2/1947,8.1,0,0,4.03
11/3/1947,5.9,10.8,11.2,4.28
11/4/1947,7,0,0,4.03
11/5/1947,7.9,12.2,9.1,4.03
11/6/1947,7.6,0,0,5.62
11/7/1947,4.9,0,0,4.41
11/8/1947,6.8,0,0,4.03
11/9/1947,6.8,0.1,0,3.67
11/10/1947,8.6,109.4,54.3,14.8
11/11/1947,10.3,5.2,3,43.1
11/12/1947,7.8,0,0,20
11/13/1947,11,10.2,13.5,15.5
11/14/1947,9.7,2.2,0.2,16.8
11/15/1947,14.2,9.2,9.8,14.8
11/16/1947,5.2,18.3,9.3,17.6
11/17/1947,2.5,0.1,1.8,14.6
11/18/1947,4.2,33.5,32,22.2
11/19/1947,7.7,14.3,14.2,25.1
11/20/1947,9.1,0,0,23.3
11/21/1947,6.9,0,0,16.8
11/22/1947,6.9,0,0,13.8
11/23/1947,10,22.2,21,12
11/24/1947,7.1,0.1,1,26.3
11/25/1947,1.7,7,12.9,18.6
11/26/1947,-0.4,0,0,14.6
11/27/1947,-0.4,0,0,12
11/28/1947,1.4,0.1,0,11.1
11/29/1947,2.8,0.1,0,10.9
11/30/1947,0.1,0,0,10.5
12/1/1947,0.8,0,0,9.66
12/2/1947,1.6,0,0.4,9.25
12/3/1947,1.9,1.6,0.4,8.48
12/4/1947,2.7,0,0,7.93
12/5/1947,1.2,1.5,0.9,7.58
12/6/1947,2.3,0.5,0,7.06
12/7/1947,2.4,6.2,6.5,6.56
12/8/1947,2.8,2.5,4.3,6.24
12/9/1947,2.6,0,0,6.09
12/10/1947,2.5,0,0,5.78
12/11/1947,0.7,0,0,5.48
12/12/1947,0.1,0,0,5.2
12/13/1947,2.5,0,0.4,5.48
12/14/1947,0.7,0,0,5.48
12/15/1947,0.2,5,5.2,5.07
12/16/1947,-0.4,0.6,0,5.07
12/17/1947,-0.5,16.2,14.2,5.07
12/18/1947,-2.4,6.8,1.3,4.94
12/19/1947,-4.9,16,11.3,4.69
12/20/1947,-1,0,1,4.82
12/21/1947,0.1,16.2,11,4.57
12/22/1947,2.6,0,0.1,4.57
12/23/1947,2.3,0,0,4.45
12/24/1947,-0.3,0,0,4.45
12/25/1947,0.3,3.6,3.3,4.33
12/26/1947,4.2,0,1.3,4.57
12/27/1947,3,2.3,6,4.57
12/28/1947,7.1,5.3,6.6,6.72
12/29/1947,2.9,6,8.4,15.5
12/30/1947,-2.6,8.2,6.9,11.3
12/31/1947,-1.9,1.1,2.9,8.48
1/1/1948,-0.7,31,30.8,7.06
1/2/1948,2.3,33,21.8,13.3
1/3/1948,3.4,0.3,0.2,24.2
1/4/1948,2.2,0.2,0,16
1/5/1948,5.9,1,1.9,13.6
1/6/1948,2.2,2,2.6,11.6
1/7/1948,4.5,9.8,8.8,11.2
1/8/1948,3.4,0.4,4.3,11.2
1/9/1948,-0.3,0,0,9.44
1/10/1948,4.3,0,0,8.7
1/11/1948,1.6,0.1,0,7.66
1/12/1948,4.9,6.5,0.8,7
1/13/1948,7.1,0,0,6.83
1/14/1948,9.8,1.2,1.2,6.66
1/15/1948,2,18.5,15.6,7
1/16/1948,0.8,0,0,6.36
1/17/1948,-1.2,0,0,5.62
1/18/1948,-0.8,6.9,8.3,5.62
1/19/1948,0.1,2.7,0.6,5.62
1/20/1948,1.3,1.6,0.8,5.48
1/21/1948,-2.5,0,0,5.18
1/22/1948,-2.5,0,0,5.04
1/23/1948,0.5,0,0,5.04
1/24/1948,2.4,0.5,0,4.79
1/25/1948,1.2,0,0,4.66
1/26/1948,0.2,0,0,4.54
1/27/1948,1.7,13,9.6,4.54
1/28/1948,3.5,0,0.7,4.54
1/29/1948,4,12.3,14.4,4.54
1/30/1948,4.7,0.1,0,4.79
1/31/1948,4.3,14.2,10.5,4.92
2/1/1948,4.6,0,5,6.83
2/2/1948,4.4,1.3,0,6.06
2/3/1948,7.7,16.2,14.5,6.83
2/4/1948,3,0,9.1,16.4
2/5/1948,2.7,0,0,10.4
2/6/1948,5.9,13.1,6,8.34
2/7/1948,3.4,12.5,16.6,7.49
2/8/1948,4.6,10.2,9,8.15
2/9/1948,9.1,0,0,9.63
2/10/1948,5.9,3.6,6,8.7
2/11/1948,4.8,0,3.6,7.82
2/12/1948,4.1,10.1,10.3,7.16
2/13/1948,4.7,2,2.8,7
2/14/1948,6.3,0,0.2,6.83
2/15/1948,6.6,0.1,0.6,6.66
2/16/1948,1.1,1.3,1.2,6.5
2/17/1948,-2.3,0,0,5.92
2/18/1948,-4,0,0,5.33
2/19/1948,-6.2,1.3,0,5.04
2/20/1948,-7.3,0,0,4.92
2/21/1948,-6.5,0,0,4.79
2/22/1948,-4.6,0.9,1.6,4.41
2/23/1948,-3.2,0,0,4.28
2/24/1948,-2.7,0,0,4.16
2/25/1948,-1.1,0,0,4.03
2/26/1948,-2.2,0,0,4.03
2/27/1948,1.5,0,0,4.03
2/28/1948,0.4,0,0,4.03
2/29/1948,3.2,0,0,4.28
3/1/1948,1.4,0,0,4.16
3/2/1948,4.2,0,0,4.41
3/3/1948,5,0,0,4.66
3/4/1948,4.6,0,0,5.04
3/5/1948,5.1,0,0,5.62
3/6/1948,4,0,0,6.06
3/7/1948,7.3,0,0,6.36
3/8/1948,10.1,0,0,6.5
3/9/1948,11,0,0,7.66
3/10/1948,9.8,0,0,9.63
3/11/1948,7.6,0,0,10.2
3/12/1948,7.2,0,0,9.82
3/13/1948,7.5,0,0,9.63
3/14/1948,8.9,0,0,9.63
3/15/1948,9.2,0,0,9.63
3/16/1948,7.9,26.2,20.2,11
3/17/1948,10.5,0.1,0,15.2
3/18/1948,9.6,3.5,7,12.2
3/19/1948,6.8,0,0,11.2
3/20/1948,8.5,0,0,10
3/21/1948,8.9,0,0,10.2
3/22/1948,10.6,0,0,10.6
3/23/1948,7.9,0,0,10.4
3/24/1948,6.5,0,0,9.82
3/25/1948,8,0,0,9.82
3/26/1948,8.4,0,0,10
3/27/1948,7.9,0,0,10.2
3/28/1948,8.9,0,0,9.63
3/29/1948,9.9,0,0,9.82
3/30/1948,9.7,0,0,10
3/31/1948,8.9,0,0,9.63
4/1/1948,4.2,9.2,8.4,9.26
4/2/1948,6.7,0,0,8.52
4/3/1948,5.5,8.6,6.9,7.98
4/4/1948,5.7,0.3,0,7.49
4/5/1948,8.6,3.6,4.5,7.16
4/6/1948,3.7,1,0,7.16
4/7/1948,4.7,0,0,6.5
4/8/1948,6.3,0.7,10.9,6.36
4/9/1948,4.4,0.5,0.2,6.83
4/10/1948,6.4,0,0,6.5
4/11/1948,8.2,0,0,6.66
4/12/1948,9.6,0,0,7
4/13/1948,10.1,0,0,7.49
4/14/1948,9.5,0,0,7.98
4/15/1948,11.2,0,0.2,8.7
4/16/1948,8.1,0,0,8.89
4/17/1948,12.3,0,0,9.26
4/18/1948,13.7,0,0,9.82
4/19/1948,13.8,0,7,10.6
4/20/1948,14.6,0,0,12.9
4/21/1948,15.6,0,0,13.8
4/22/1948,12.4,0.6,2.8,14.2
4/23/1948,9.2,8.5,7,15.7
4/24/1948,9.7,2,2,15.2
4/25/1948,10.9,0,0,12.9
4/26/1948,10.5,0,0,12
4/27/1948,11.1,0,0,12
4/28/1948,12.5,0,0,12.6
4/29/1948,12.4,0,0,12.6
4/30/1948,9,5.2,3.3,11.8
5/1/1948,9.3,0,0,10.4
5/2/1948,12.1,1,0.7,10
5/3/1948,7.7,7.6,10.6,10.2
5/4/1948,8.1,0.1,0,10
5/5/1948,12.9,0,0,9.63
5/6/1948,13.4,0,0,11.2
5/7/1948,15.9,0,6.5,13.8
5/8/1948,14.5,0,0,16.7
5/9/1948,16,1.7,0.2,17.7
5/10/1948,15.4,0,0,18.8
5/11/1948,15.4,0,0,18.8
5/12/1948,18.4,0,0,20.1
5/13/1948,16.6,0,0,23.4
5/14/1948,16.7,0,0,25.4
5/15/1948,18.1,0,0,27.9
5/16/1948,16.9,8.2,0.1,24.2
5/17/1948,17.9,0,1,31.6
5/18/1948,16.4,0,0,31
5/19/1948,14,0,0,28.2
5/20/1948,14.4,0,0,23.7
5/21/1948,13.2,0.3,0.6,19.8
5/22/1948,15.7,0,0,16.4
5/23/1948,15.2,0,0,16
5/24/1948,15.8,0,0,17.2
5/25/1948,13.8,7.2,1.6,18
5/26/1948,13.7,15.8,8.3,19.8
5/27/1948,14.2,0,0,22.6
5/28/1948,13.9,0,0.4,21.8
5/29/1948,11.4,10,4.8,19.8
5/30/1948,10.6,0,0.2,17.2
5/31/1948,12,0,0,14
6/1/1948,9.4,19.9,18.6,13.8
6/2/1948,11.7,1.3,0.3,13.1
6/3/1948,9.7,9.6,9.2,13.1
6/4/1948,8.4,3.1,3,12.9
6/5/1948,14.6,0,0,12.4
6/6/1948,15.6,0,0,14.4
6/7/1948,17.9,0,0,16.7
6/8/1948,20.3,0,0,21.8
6/9/1948,20.6,1,6.2,31.1
6/10/1948,20.3,0,0,33.8
6/11/1948,21.1,0,3,36.7
6/12/1948,20.3,0,0.2,37
6/13/1948,21,0,0.4,40.1
6/14/1948,22.6,0,0,40.4
6/15/1948,18.2,11.5,8.1,39.8
6/16/1948,17,2,3.4,38.8
6/17/1948,18,11.5,13.9,34.4
6/18/1948,15.2,14.5,14.6,48.7
6/19/1948,12.3,25.8,19.6,50.6
6/20/1948,10.2,7.2,9.4,37.8
6/21/1948,11.3,0,0,28.8
6/22/1948,13.3,16.3,16.7,24.2
6/23/1948,9.6,12.1,16.4,27.6
6/24/1948,12.4,2,5.1,23.7
6/25/1948,10.2,7.2,10.6,22.8
6/26/1948,14.4,0.2,0,24.2
6/27/1948,18.1,12.3,12.5,28.5
6/28/1948,12.3,9.1,2.2,43
6/29/1948,11.1,1,0.7,30.1
6/30/1948,9.5,6,10.1,23.1
7/1/1948,10.2,18.2,11,20.4
7/2/1948,11.7,5.5,0.9,24.2
7/3/1948,13,0,0,22.8
7/4/1948,15.9,1,0,22
7/5/1948,10.6,48.5,30.5,22.6
7/6/1948,7.2,43,48.3,35.8
7/7/1948,11.7,1.5,0.5,45.8
7/8/1948,12.8,13.2,16.2,41.8
7/9/1948,11.4,10.1,5,47.6
7/10/1948,11.9,0,0,37.4
7/11/1948,11.9,0,0,29.1
7/12/1948,14.7,0.8,0,26.4
7/13/1948,16.3,0.2,0,30.1
7/14/1948,15.7,3.2,3.1,32.2
7/15/1948,12.4,21.4,32.9,35.4
7/16/1948,10.5,9.2,8.3,50.2
7/17/1948,10.7,5.6,4.1,37.8
7/18/1948,11.2,6.2,3,33.8
7/19/1948,17.4,0,0,41.8
7/20/1948,18.7,2.2,6.8,45.4
7/21/1948,21.2,0,0,49.4
7/22/1948,18.5,11.2,3.3,47.6
7/23/1948,17.7,0.2,12.1,48.7
7/24/1948,15.4,9.2,13,48
7/25/1948,15,0,0,43
7/26/1948,17.9,0,0,38.8
7/27/1948,20.9,0,0,44
7/28/1948,20.6,0,4.6,52.7
7/29/1948,18.4,24,4.2,54.8
7/30/1948,17.5,12.1,4.8,48.7
7/31/1948,20.2,0,0,47.3
8/1/1948,20.4,3.2,1,45.4
8/2/1948,18.7,0.1,3.8,44
8/3/1948,18.6,0.2,2.1,43
8/4/1948,17,38,27.6,52.3
8/5/1948,17.3,5.8,6.9,63.2
8/6/1948,19.5,0,0,48
8/7/1948,19.6,0,0,45.4
8/8/1948,15.3,10.2,10.3,57.1
8/9/1948,17.2,5.8,13.1,54.8
8/10/1948,14.8,8.4,8.4,47.3
8/11/1948,15.6,1.6,1.2,36.1
8/12/1948,12,13,11,33.2
8/13/1948,11.4,9,7.1,29.1
8/14/1948,11.2,0,1.1,24.8
8/15/1948,15.2,0,0,25.4
8/16/1948,18.4,0,0,24.8
8/17/1948,16,13.2,9.3,24.2
8/18/1948,15.2,12.6,11.2,31.3
8/19/1948,13.6,9.2,14.8,44.8
8/20/1948,14.4,0,2.8,39.8
8/21/1948,15.6,0.2,0,28.8
8/22/1948,16.2,9.8,4,25.4
8/23/1948,18.6,1.2,0,38.1
8/24/1948,19,0,0,36.7
8/25/1948,19.8,0,0,39.4
8/26/1948,18.1,0,0,36.4
8/27/1948,18,0,0,34.1
8/28/1948,17.7,41.7,17.7,36.7
8/29/1948,16,0,0.7,39.1
8/30/1948,16.5,0,0,29.1
8/31/1948,16.9,0,0,26
9/1/1948,17.8,0,0,24.8
9/2/1948,16.5,0,0,23.7
9/3/1948,15,28.2,28.8,24.6
9/4/1948,13.3,32.2,53.7,92.1
9/5/1948,13.9,0,0.4,81.7
9/6/1948,13.2,7.1,5.3,41.4
9/7/1948,13.2,1,0,37.7
9/8/1948,13.6,0,0,28.3
9/9/1948,14.7,0,0,25.3
9/10/1948,17,0,0,26.2
9/11/1948,16.6,8.2,2.9,28.3
9/12/1948,13.5,2.1,1.3,31.1
9/13/1948,10.5,19.5,15.6,29.8
9/14/1948,11.7,0,0,25
9/15/1948,13.2,0,0,21.4
9/16/1948,14.7,0,0,20.1
9/17/1948,13.8,0,0,18.7
9/18/1948,13.9,0,0,17.9
9/19/1948,11.6,0,0,17.6
9/20/1948,12.7,0.1,0,17.4
9/21/1948,11.1,4.1,1.5,17.4
9/22/1948,9.2,0,0,15.2
9/23/1948,9,0,0,14
9/24/1948,12.7,0,0,14
9/25/1948,13,0,0,13.6
9/26/1948,12.7,0,0,13.1
9/27/1948,12.9,0,0,12.2
9/28/1948,13.6,0,0,12.6
9/29/1948,15.5,0,10.8,14.5
9/30/1948,14.2,0.2,3,22.5
10/1/1948,12.3,0,0,15.4
10/2/1948,11,0,0,12.6
10/3/1948,13.1,0,0,12.8
10/4/1948,14.9,1.5,0,13.4
10/5/1948,8.9,15,8.1,12.6
10/6/1948,6.2,0.3,0,11.1
10/7/1948,9.4,0,0,9.1
10/8/1948,10.3,0,0,8.18
10/9/1948,10.6,0,0,8
10/10/1948,10.4,0,0,8
10/11/1948,9.5,0,0,8
10/12/1948,10.6,0,0,8.36
10/13/1948,11.7,0,0,8.18
10/14/1948,11.1,0,0,7.64
10/15/1948,12.2,0,0.4,7.82
10/16/1948,11.4,3.6,5.3,7.46
10/17/1948,11.2,0,0,7.1
10/18/1948,11.3,1.6,0,6.5
10/19/1948,7.7,7.2,9.3,6.5
10/20/1948,6.4,0,0,6.2
10/21/1948,5.8,0,0,5.34
10/22/1948,6.3,0,0,5.08
10/23/1948,8.3,0,0,5.08
10/24/1948,8.9,0,0,4.95
10/25/1948,11.4,0.5,0,5.21
10/26/1948,11.2,8.2,5.9,5.6
10/27/1948,8,4.2,4.6,6.2
10/28/1948,5.5,7.2,6.6,6.5
10/29/1948,6.1,0,0,5.75
10/30/1948,5.8,0,0,5.21
10/31/1948,6.9,0,0,4.82
11/1/1948,6.8,0,0,4.69
11/2/1948,7,1,0,4.3
11/3/1948,9,0,0.9,4.3
11/4/1948,9,0,0,4.3
11/5/1948,9.2,17.6,9.9,4.69
11/6/1948,8.7,2,3,6.95
11/7/1948,7.4,7.2,1.9,7.1
11/8/1948,6.4,14.2,15.7,7.28
11/9/1948,4,0,0.2,7.46
11/10/1948,3.2,0,0,6.35
11/11/1948,4.6,0,0,6.05
11/12/1948,6,0,0,5.75
11/13/1948,7,0,0,5.75
11/14/1948,8.3,0,0,5.6
11/15/1948,7.5,0.1,0,5.47
11/16/1948,6.7,6.2,5,5.08
11/17/1948,5.9,0.4,0,4.95
11/18/1948,3.9,0,0,4.56
11/19/1948,4.1,0,0,4.3
11/20/1948,3.1,0,0,4.3
11/21/1948,3.2,0,0,4.18
11/22/1948,2.6,0,0,4.07
11/23/1948,1.2,0,0,3.84
11/24/1948,-0.6,0,0,3.61
11/25/1948,-0.1,0,0,3.5
11/26/1948,-0.7,0,0,3.5
11/27/1948,0,0,0,3.26
11/28/1948,-1.2,0,0,3.06
11/29/1948,-0.5,0,0,2.88
11/30/1948,-1.6,0,0,2.88
12/1/1948,-0.2,0,0,2.88
12/2/1948,0.1,0,0,2.88
12/3/1948,1.5,0,0,2.88
12/4/1948,2.7,2.1,2.8,2.88
12/5/1948,2,0,0,2.88
12/6/1948,1,0,0,2.79
12/7/1948,0.6,0,0,2.79
12/8/1948,2,0,0,2.7
12/9/1948,3.1,0,0,2.7
12/10/1948,2.2,0,0,2.7
12/11/1948,4.7,0,0,2.61
12/12/1948,4.6,0,0,2.61
12/13/1948,4.3,0,0,2.61
12/14/1948,4.9,0,0,2.52
12/15/1948,5.1,13.2,15,2.52
12/16/1948,3.9,0,0,2.79
12/17/1948,1.2,15.4,7.8,2.52
12/18/1948,-0.3,0,0,2.43
12/19/1948,-1.7,0,0,2.34
12/20/1948,-4.2,0,0,2.18
12/21/1948,-2.2,0,0,2.18
12/22/1948,-3.2,0,0,2.12
12/23/1948,-3.8,0,0,2.12
12/24/1948,-3.9,0,0,2.25
12/25/1948,-4.4,0,0,2.06
12/26/1948,-4.2,0,0,2.06
12/27/1948,-4.4,0,0,1.99
12/28/1948,-4.1,0,0,1.99
12/29/1948,1.2,4.6,4,2.06
12/30/1948,0.7,0.5,2.8,2.12
12/31/1948,0.1,1.6,0.2,2.12
1/1/1949,5.2,0,2.4,2.12
1/2/1949,3.1,10.4,9.2,2.43
1/3/1949,0.9,0,0,2.25
1/4/1949,-0.3,0,0,2.18
1/5/1949,1.6,0,0,2.18
1/6/1949,-1,0,0,2.18
1/7/1949,-0.7,0,0,2.18
1/8/1949,-0.7,0.5,1.6,2.18
1/9/1949,-0.9,10,5.2,2.12
1/10/1949,-4.4,0,0,2.06
1/11/1949,-3.4,1.5,0.2,1.99
1/12/1949,-0.7,2.1,5.5,2.06
1/13/1949,-3.9,2.8,1,1.99
1/14/1949,-1.2,7.5,10,1.86
1/15/1949,1.3,42.3,50.2,2.43
1/16/1949,3.2,8.1,4.3,2.97
1/17/1949,3.2,0.7,0,3.38
1/18/1949,3.5,0,0,2.79
1/19/1949,2.7,0,0,2.61
1/20/1949,3.3,0,0,2.43
1/21/1949,5.2,0,3.5,2.43
1/22/1949,1.2,5,1.8,2.52
1/23/1949,-3.2,0,0,2.25
1/24/1949,-1,0,0,2.18
1/25/1949,-0.6,0,0,2.12
1/26/1949,-0.6,0,0,2.12
1/27/1949,-0.7,0,0,2.12
1/28/1949,-1.8,0,0,2.18
1/29/1949,-1.5,0,0,2.18
1/30/1949,-3.1,0,0,2.25
1/31/1949,0.3,3.6,4.8,2.12
2/1/1949,-1.7,1.8,0.3,2.25
2/2/1949,-6.3,0,0,2.06
2/3/1949,-7.9,0,0,2.06
2/4/1949,-7.8,0,0,2.06
2/5/1949,-3.4,0,0,2.06
2/6/1949,-2,0,0,2.06
2/7/1949,-0.3,0,0,2.06
2/8/1949,2.7,0.3,0,2.06
2/9/1949,3.8,7.2,4,2.06
2/10/1949,2.2,0,0.3,2.25
2/11/1949,-0.7,0,0,2.06
2/12/1949,-0.2,9.2,8,1.92
2/13/1949,1.2,0,0,2.12
2/14/1949,-1.7,0,0,1.99
2/15/1949,0,0,0,1.99
2/16/1949,0.3,0,0,1.99
2/17/1949,2.8,0,0,2.12
2/18/1949,2.7,0,0,2.25
2/19/1949,4.6,0,0,2.25
2/20/1949,3.5,0,0,2.34
2/21/1949,3.6,0,0,2.43
2/22/1949,4.7,0,0,2.52
2/23/1949,4.2,0,0,2.52
2/24/1949,4.8,0,0,2.61
2/25/1949,4.7,0.5,0,2.97
2/26/1949,2.3,0,0,2.88
2/27/1949,2,2.4,8.2,2.88
2/28/1949,-0.8,2.3,2.9,2.97
3/1/1949,-1.3,2.4,10.2,2.7
3/2/1949,-3.5,6.4,5.1,2.61
3/3/1949,-7,3.6,3.1,2.45
3/4/1949,-7.1,0,0,2.47
3/5/1949,-7.2,0,0,2.03
3/6/1949,-7.2,0,0,2.2
3/7/1949,-5.1,0,0,2.22
3/8/1949,-0.2,1,1.2,2.24
3/9/1949,1.5,13.2,6.3,2.26
3/10/1949,2.7,0.1,0,2.42
3/11/1949,4.6,2.2,0,2.58
3/12/1949,4.4,0,0,3.12
3/13/1949,6,0,0,3.86
3/14/1949,8.2,10.5,10,4.69
3/15/1949,6.3,2,2.1,7.58
3/16/1949,8.1,6.5,6.9,6.56
3/17/1949,5.7,0,0,6.4
3/18/1949,2.7,12.5,11.3,5.93
3/19/1949,-1.2,3.6,4,4.94
3/20/1949,-2.4,0,0,4.21
3/21/1949,-1.8,0,0,3.86
3/22/1949,0.3,0,0,3.75
3/23/1949,3.3,0,0,3.75
3/24/1949,4.4,0,0,4.57
3/25/1949,7.6,0,0,5.63
3/26/1949,8.5,0,0,6.4
3/27/1949,8.4,0,0,7.06
3/28/1949,9.9,0,0,7.75
3/29/1949,9.4,0,0,8.67
3/30/1949,10.4,0.3,6.1,9.06
3/31/1949,9.4,0,0.4,9.46
4/1/1949,9.2,0,0,9.46
4/2/1949,9.2,3.2,2,9.88
4/3/1949,10.6,0,0,11.1
4/4/1949,12.3,1.6,2.7,12.9
4/5/1949,10.4,8.4,2.5,17
4/6/1949,14.8,8.2,9.5,21.6
4/7/1949,6.7,7.1,7.4,24.2
4/8/1949,2.2,10.1,14.5,15.2
4/9/1949,1.1,2.2,4,11.8
4/10/1949,3.6,0,0,10.5
4/11/1949,7.5,0,0,10.1
4/12/1949,10.5,9.6,12.1,10.7
4/13/1949,12.4,0,0,23
4/14/1949,15.3,0,0,24.2
4/15/1949,16.1,0,0,25.1
4/16/1949,16.8,0,0,25.1
4/17/1949,17.4,0,0,29.1
4/18/1949,17.2,0.1,2,31.6
4/19/1949,16.6,0,0,33.6
4/20/1949,15.8,0,0,31.6
4/21/1949,14.4,5.6,16.3,30.3
4/22/1949,13.8,3.1,0.6,34.6
4/23/1949,12.4,0,0,31
4/24/1949,14.7,0.3,0.1,29.4
4/25/1949,11.2,9.2,6.5,25.4
4/26/1949,2,25.2,26.5,21.9
4/27/1949,6.2,0,0,18.1
4/28/1949,10.5,0,0,18.1
4/29/1949,11.1,15.2,11,18.8
4/30/1949,6.3,3.1,0.1,22.5
5/1/1949,6.2,0,0,18.1
5/2/1949,8.9,0,0,18.1
5/3/1949,11.4,0,0,22.2
5/4/1949,14,0,3.7,22.8
5/5/1949,12.4,1.6,0,21.9
5/6/1949,8.6,10,3.6,19.7
5/7/1949,10,0,0,17.6
5/8/1949,12.6,0,0,17
5/9/1949,9.3,5.7,0,17.8
5/10/1949,4.9,0,0,15.5
5/11/1949,5.9,3.1,0.9,12.7
5/12/1949,4.9,10.2,7,11.8
5/13/1949,7.7,1,0,10.9
5/14/1949,8.9,2.4,1.8,10.9
5/15/1949,12,0,0,11.6
5/16/1949,12.6,2.6,0,12.4
5/17/1949,13.1,2,0.2,13.6
5/18/1949,11,0.5,2.1,15.5
5/19/1949,12.4,3,2.9,14.8
5/20/1949,11,4.8,7.3,16.5
5/21/1949,11.4,1.3,3.2,18.6
5/22/1949,12.6,0,0,18.6
5/23/1949,11.6,3.2,3,18.6
5/24/1949,13.2,6.8,4.6,18.8
5/25/1949,14.1,0,0,21.3
5/26/1949,12.4,4.5,2.8,20.8
5/27/1949,13,0,0,22.8
5/28/1949,17.5,0,0,23
5/29/1949,17.9,2.5,0,28.8
5/30/1949,14.2,6.5,2.3,28.8
5/31/1949,9.1,18.2,23,36.2
6/1/1949,12.9,2.5,2.6,28.1
6/2/1949,8.9,11.2,13.5,28.4
6/3/1949,12.7,11.5,9.5,26
6/4/1949,14.7,1.1,1,36.9
6/5/1949,12.4,1,0.5,28.4
6/6/1949,15.7,0,0,25.4
6/7/1949,17.6,2.6,17,30.3
6/8/1949,17.8,5.1,3.2,42.4
6/9/1949,18,7.2,0,45.2
6/10/1949,16.1,15.2,11,41.8
6/11/1949,18.2,17.1,18.6,41.8
6/12/1949,14.7,0,0,54.4
6/13/1949,15.9,0,0,36.9
6/14/1949,18,0,0,34.3
6/15/1949,18.7,5.1,4.9,34.9
6/16/1949,18.2,0,0,39.4
6/17/1949,15.4,0,0,32.6
6/18/1949,13.9,0,0,26.3
6/19/1949,14.4,0,0,23.6
6/20/1949,14.4,0,0,25.1
6/21/1949,18.5,0,0,27.2
6/22/1949,17.4,0,0,30
6/23/1949,18.5,0,0,30
6/24/1949,15.9,0,0,28.1
6/25/1949,13.3,0,0,25.4
6/26/1949,16.3,0,0,23.9
6/27/1949,17.7,0,0,24.8
6/28/1949,18.4,0,0,27.2
6/29/1949,19.5,0,0,28.1
6/30/1949,18.8,0,0,29.1
7/1/1949,17,0,0,26.6
7/2/1949,18.7,0,0,26.6
7/3/1949,17.7,0,0,28.4
7/4/1949,18.6,0,0,30.6
7/5/1949,22.4,0,0,33.6
7/6/1949,19.2,0,0,32.3
7/7/1949,18.8,1.5,0.1,30.3
7/8/1949,17.2,2.2,6.4,31.6
7/9/1949,18.5,0,2.5,35.6
7/10/1949,20.5,0,0,32
7/11/1949,21.7,0,0,32.3
7/12/1949,22.7,0,0,35.6
7/13/1949,24.9,0,0,40
7/14/1949,24.5,0,0,48.1
7/15/1949,21.6,5.2,4.9,47.4
7/16/1949,17.5,4.6,8.1,45.2
7/17/1949,20.5,0,0,39.7
7/18/1949,15.6,18,17.6,34.9
7/19/1949,13.6,14.2,12.8,34.6
7/20/1949,14.3,0,0,24.5
7/21/1949,14.4,0,0,21
7/22/1949,17.8,0,0,21.9
7/23/1949,20,0,0,22.2
7/24/1949,16.4,7.5,3.2,23
7/25/1949,19.3,0,0,23
7/26/1949,20.6,0,0,26.9
7/27/1949,21.6,0,0,27.8
7/28/1949,22.9,0,0,33.2
7/29/1949,22.6,7.2,2.7,41.1
7/30/1949,21.6,0,0,42.4
7/31/1949,21.5,0,0,35.9
8/1/1949,25.7,0,0,37.2
8/2/1949,25.5,3.2,1.5,38.6
8/3/1949,18.8,0,0,43.8
8/4/1949,17.7,0,0,29.4
8/5/1949,19.5,0,0,33.2
8/6/1949,20.9,6.8,11.2,32
8/7/1949,21.9,0,0,43.1
8/8/1949,24.9,0,0,48.9
8/9/1949,21.7,10.5,11.7,47.8
8/10/1949,17.5,0,0,50
8/11/1949,16,8,15.4,34.6
8/12/1949,11,5.1,2.2,24.2
8/13/1949,11.7,0,0,17.3
8/14/1949,14,0,0,16.8
8/15/1949,16.5,0,0,18.6
8/16/1949,18.7,0,0,24.2
8/17/1949,19,0,0,23.6
8/18/1949,12.5,0,0,17.3
8/19/1949,14.6,0,0,15
8/20/1949,16.5,0,0,19.7
8/21/1949,19.2,0,0,23.6
8/22/1949,19.5,0,0,25.4
8/23/1949,20.9,3,2,26.9
8/24/1949,15.9,6.9,10.1,33.6
8/25/1949,18.2,0,0,28.4
8/26/1949,16.5,5.6,6,28.4
8/27/1949,17,4.4,2,27.8
8/28/1949,17.5,4.2,26.2,34.9
8/29/1949,17.7,15.2,19.6,39
8/30/1949,16.5,5.1,9.4,53.8
8/31/1949,18.7,0,0,34.3
9/1/1949,18.8,11.4,11.5,34
9/2/1949,17.5,1.5,5.1,36.2
9/3/1949,19.3,0,0,34.3
9/4/1949,20.1,0,0,33.2
9/5/1949,21,0,0,35.2
9/6/1949,21.6,0,0,32.3
9/7/1949,18.6,44.6,33.5,47.9
9/8/1949,16.5,0,0,40.3
9/9/1949,15.7,0,0,26
9/10/1949,15,0,0,21.8
9/11/1949,16,0,0,19.3
9/12/1949,16,1.6,0.2,20.4
9/13/1949,17.3,0.5,0,22.6
9/14/1949,16.3,9.2,7.2,22
9/15/1949,15.1,4.1,4,22.6
9/16/1949,15.2,0,0,18.3
9/17/1949,14.4,5.2,6.1,17.2
9/18/1949,15.4,15.2,11.6,16.2
9/19/1949,14.1,18.6,17,39.8
9/20/1949,14.3,4.1,1,28.2
9/21/1949,15.1,1.5,1.1,21.5
9/22/1949,15.8,0,0,20.6
9/23/1949,16.7,0,0,20.9
9/24/1949,18.6,0,0,23.1
9/25/1949,18.4,0,0,24.8
9/26/1949,16.8,0,0,19.8
9/27/1949,18,0,0,17.2
9/28/1949,16.3,0,0,15.4
9/29/1949,16.3,0,0,13.8
9/30/1949,15.9,0,0,14
10/1/1949,14.4,5.5,10.3,16.7
10/2/1949,14.8,0,0,16.4
10/3/1949,11.9,0,0,12.2
10/4/1949,11.1,0,0,11.2
10/5/1949,13.4,0,0,12.4
10/6/1949,14.4,4.4,2.1,12.4
10/7/1949,14,0,0,12.4
10/8/1949,13.6,1.6,7.8,10.8
10/9/1949,12.6,3.6,9.7,13.3
10/10/1949,12.8,0,0,11.2
10/11/1949,11.4,0,0,8.52
10/12/1949,13,0,0,7.98
10/13/1949,11.9,0,0,8.15
10/14/1949,11.9,0,0,7.82
10/15/1949,13.2,0,0,7.49
10/16/1949,10.9,0,0,7.16
10/17/1949,9.8,6.2,3.4,7
10/18/1949,10.7,0,0,6.36
10/19/1949,10.8,0,0,5.62
10/20/1949,12,0,0,5.33
10/21/1949,12.7,6.2,4.4,5.33
10/22/1949,10.7,0,0,5.77
10/23/1949,9.2,0,0,4.79
10/24/1949,11.4,3.8,1.4,4.66
10/25/1949,14.1,0,0,7.32
10/26/1949,10.1,8,6.8,9.44
10/27/1949,5.2,4.5,1.4,8.34
10/28/1949,5,0,0,6.5
10/29/1949,4.7,0,0,5.62
10/30/1949,5.2,1.2,0,4.92
10/31/1949,5,0,0,4.28
11/1/1949,4.9,0,0,3.9
11/2/1949,3.6,0,0,3.56
11/3/1949,2.7,0,0,3.35
11/4/1949,1.4,0,0,3.13
11/5/1949,0.2,6,7.2,2.81
11/6/1949,1.6,1.5,2.8,3.02
11/7/1949,1.4,10.3,6,3.13
11/8/1949,4.6,6.1,6,2.92
11/9/1949,4.2,16.6,17.3,3.02
11/10/1949,6.5,1.2,0,7.49
11/11/1949,7.2,13.9,7.4,6.06
11/12/1949,10.2,2,2.2,8.34
11/13/1949,4,8.2,8,6.83
11/14/1949,2.5,9,11.1,5.92
11/15/1949,2.4,0.5,0,5.18
11/16/1949,2.9,0,0,4.66
11/17/1949,1.6,0,0,4.28
11/18/1949,1.1,0,0,4.16
11/19/1949,3.4,0,0,4.16
11/20/1949,7.5,0.2,0,5.62
11/21/1949,6.2,0,0,5.77
11/22/1949,5.7,0.1,0.9,4.92
11/23/1949,4.3,0,0,4.41
11/24/1949,4.6,0,0,4.03
11/25/1949,2.8,0,0,3.78
11/26/1949,3.9,12.1,15.1,3.67
11/27/1949,3.6,1.2,0,3.56
11/28/1949,3.6,0,0,3.46
11/29/1949,1.5,0,0,3.02
11/30/1949,-0.1,0,0,2.81
12/1/1949,-0.1,0,0,2.81
12/2/1949,2.2,9.1,13.2,3.13
12/3/1949,1.2,1.1,1.5,2.92
12/4/1949,5.1,0.3,0,3.67
12/5/1949,5,0.2,0,3.9
12/6/1949,7.1,0,1,3.67
12/7/1949,5.4,0,0,3.9
12/8/1949,3.8,0,0,3.67
12/9/1949,2.5,8.3,11.8,3.56
12/10/1949,-1,7,2.5,3.13
12/11/1949,-1.6,3.1,0.1,2.92
12/12/1949,-2.8,0,0,2.52
12/13/1949,-3.4,0,0,2.52
12/14/1949,-2.2,0,0,2.52
12/15/1949,1.6,3,2.1,2.7
12/16/1949,1,4.1,3.5,2.61
12/17/1949,3.8,44.2,40.3,7.04
12/18/1949,2.2,2.2,4.5,10.1
12/19/1949,4.1,0.5,0,7.1
12/20/1949,4.6,0,0,7.1
12/21/1949,4.8,0,0,6.5
12/22/1949,5.5,0,0,5.9
12/23/1949,4.3,0,0,5.21
12/24/1949,0.5,0,0,4.56
12/25/1949,-0.8,0,0,4.43
12/26/1949,1.6,0,0,4.07
12/27/1949,2.5,0,0,4.07
12/28/1949,1.8,0,0,3.96
12/29/1949,1,0,0,3.72
12/30/1949,-0.4,0,0,3.61
12/31/1949,-0.6,0,0,3.26
1/1/1950,-0.7,0,0,3.06
1/2/1950,-0.2,19.2,23.3,3.15
1/3/1950,1.5,38.2,28.3,4.69
1/4/1950,4,30.2,22.8,5.34
1/5/1950,3,0,0,6.2
1/6/1950,3.2,0,0,4.69
1/7/1950,2,0,0,4.18
1/8/1950,0.7,0,0,3.72
1/9/1950,2.2,0,0,3.61
1/10/1950,2.6,0,0,3.38
1/11/1950,2.8,0,0,3.38
1/12/1950,3,0,0,3.38
1/13/1950,1.5,0,0,3.26
1/14/1950,1.2,0,0,3.26
1/15/1950,-0.4,0,0,3.26
1/16/1950,1,8.2,20,3.15
1/17/1950,0.2,8.6,5.5,3.15
1/18/1950,0.5,1.6,1,3.06
1/19/1950,-4.6,1.6,0.7,2.88
1/20/1950,-4.6,0,0,2.88
1/21/1950,-4.4,0,0,2.79
1/22/1950,-4.7,0,0,2.79
1/23/1950,-5.1,0,0,2.79
1/24/1950,-4.6,0,0,2.61
1/25/1950,-2.2,0,0,2.52
1/26/1950,-1.3,0,0,2.43
1/27/1950,-0.2,0,0,2.43
1/28/1950,-0.9,4,2.3,2.43
1/29/1950,-3.1,0,0,2.34
1/30/1950,-4.2,0,0,2.25
1/31/1950,-0.8,0,0,2.34
2/1/1950,0.2,2.6,0,2.43
2/2/1950,-0.2,0,0,2.34
2/3/1950,-0.2,0,0,2.34
2/4/1950,3.5,1.2,0.3,2.52
2/5/1950,3.5,2.1,2.3,2.34
2/6/1950,4.2,3.6,9,2.34
2/7/1950,1.3,0,4.9,2.43
2/8/1950,-1.8,12,15.4,2.43
2/9/1950,0.8,35.1,40.8,2.34
2/10/1950,3.8,27.2,22,7.37
2/11/1950,3.3,4.4,4,7.82
2/12/1950,2.7,0,0.7,6.2
2/13/1950,4.7,4.2,3.3,4.82
2/14/1950,0.5,4.2,7.5,4.43
2/15/1950,-0.5,1.5,1.8,3.84
2/16/1950,1.3,0,0,3.61
2/17/1950,3.5,0,0,3.84
2/18/1950,4.7,0,0,4.43
2/19/1950,5.2,0,0,4.95
2/20/1950,8.1,0,0,5.21
2/21/1950,5.5,3.6,6,5.34
2/22/1950,2.7,0,0,5.08
2/23/1950,3.8,0.2,0,4.56
2/24/1950,5.3,0,0,4.3
2/25/1950,6.1,3,0.3,4.18
2/26/1950,0.3,8.5,10.2,4.56
2/27/1950,-2.3,2,0.7,3.96
2/28/1950,-2.2,0.7,0,3.72
3/1/1950,-2.8,0.2,0.5,3.61
3/2/1950,-2.2,0,0.3,3.38
3/3/1950,-0.9,0,0,3.15
3/4/1950,3.2,0,0,3.26
3/5/1950,3.7,0,0,3.38
3/6/1950,2.8,0,0,3.61
3/7/1950,4.3,0,0,4.3
3/8/1950,5.7,0,0,5.21
3/9/1950,6.1,0,0,6.35
3/10/1950,3.3,0,3.6,6.65
3/11/1950,2.3,0,0,5.9
3/12/1950,4.2,0,0,5.75
3/13/1950,4.2,0,0,5.34
3/14/1950,5,0,0,5.08
3/15/1950,6.3,0,0,5.6
3/16/1950,5.6,0,0,6.2
3/17/1950,8.3,0,0,6.65
3/18/1950,10.3,0,0,8
3/19/1950,8.2,0,0,8.54
3/20/1950,8.7,4.4,4.9,8.18
3/21/1950,6.2,8.5,4.2,9.5
3/22/1950,6.5,0,0,8.36
3/23/1950,8.9,0,0,7.82
3/24/1950,8,3.5,0,8
3/25/1950,7.6,0,0,8.18
3/26/1950,5.6,0,0,8.54
3/27/1950,6.7,0,0,8.36
3/28/1950,8.4,0,0,8.72
3/29/1950,8.6,5.1,4.6,9.3
3/30/1950,2.8,5.2,3.2,9.5
3/31/1950,5.3,0,0,8
4/1/1950,6.7,0,0,7.64
4/2/1950,6.2,7,6.7,7.82
4/3/1950,3.4,4.2,1,7.46
4/4/1950,3.7,2.1,0.4,6.8
4/5/1950,5.1,0.1,0,6.35
4/6/1950,6.7,0,0,6.05
4/7/1950,8.1,0,0,6.5
4/8/1950,11.4,0,0,7.64
4/9/1950,12.4,3.2,3,9.9
4/10/1950,8.4,0.1,0,11.6
4/11/1950,7.7,8,7,9.9
4/12/1950,10.1,16.2,9.2,9.1
4/13/1950,6.6,8.1,3,10.9
4/14/1950,5,22,21.3,9.3
4/15/1950,2.9,6.2,3.7,8.18
4/16/1950,2.4,3.1,0,7.46
4/17/1950,5.6,0,0,7.1
4/18/1950,6.8,0,0,6.95
4/19/1950,7.9,0,0,6.5
4/20/1950,10.2,0,0,6.35
4/21/1950,9.7,0.1,4.1,7.28
4/22/1950,9.5,4,11.2,8.18
4/23/1950,6.3,20.1,21,10.5
4/24/1950,5.5,7.1,11.7,10.1
4/25/1950,1.9,0.2,1.6,9.3
4/26/1950,2.5,4,5.6,8
4/27/1950,4.2,0,1.2,7.64
4/28/1950,7.3,0,0,7.46
4/29/1950,10.4,0,0,7.82
4/30/1950,12.3,0,0,9.7
5/1/1950,15.2,0,0,13.1
5/2/1950,14.4,3.2,2.2,16.6
5/3/1950,9,7,11,19
5/4/1950,9.9,2,1.5,15.4
5/5/1950,9,0,0,13.4
5/6/1950,10.6,19.2,9.3,13.1
5/7/1950,10.1,2,3.2,17.6
5/8/1950,11.4,0,0,16.4
5/9/1950,13.7,0,0,18.4
5/10/1950,13.8,1,1.4,21.1
5/11/1950,15.1,0,0,23.7
5/12/1950,14.3,0,0,25.2
5/13/1950,14.9,0,0,27.6
5/14/1950,16,0,0,26.8
5/15/1950,15.7,0,0,25.1
5/16/1950,14.6,0,0,25.2
5/17/1950,15,1,0,26.7
5/18/1950,12.9,8.2,9.5,30.5
5/19/1950,14.5,0,0,34.8
5/20/1950,17.7,0,0,33.3
5/21/1950,20.5,0,0,43.4
5/22/1950,17.3,0,1.4,55.6
5/23/1950,17.7,0,0,47.8
5/24/1950,17,0,0,44.5
5/25/1950,17.5,3.2,0.1,43.1
5/26/1950,11.7,1.6,6.8,45.2
5/27/1950,13.4,0,0.2,32.6
5/28/1950,10.4,1.5,2.2,24.8
5/29/1950,13.3,0,0,21.9
5/30/1950,18.1,0,0,24.2
5/31/1950,15.9,31.5,10,28.4
6/1/1950,14.9,0.5,2.3,33.6
6/2/1950,15.2,4.1,2,32.9
6/3/1950,16,0.9,0,34.6
6/4/1950,19,0,0,34.3
6/5/1950,19.9,0,0,36.2
6/6/1950,18.5,2,17.1,37.6
6/7/1950,20.2,0,0,39.7
6/8/1950,20.5,0,0.9,40.4
6/9/1950,18.9,4,5.1,46.7
6/10/1950,19.4,0,0,45.6
6/11/1950,19.2,25.2,7.3,45.2
6/12/1950,18.3,20.2,1.3,47.4
6/13/1950,17.8,7,17.4,44.5
6/14/1950,15.6,1.5,2,43.1
6/15/1950,17.6,14.2,5.3,39
6/16/1950,16.2,15.2,6.7,42.8
6/17/1950,14.8,4.1,11.3,43.1
6/18/1950,16.5,0,0,35.6
6/19/1950,18.3,0,4.4,32.9
6/20/1950,20.5,0,0,39.7
6/21/1950,15.2,16.2,11,37.6
6/22/1950,15.7,0,0,34
6/23/1950,16.2,0.6,0,29.1
6/24/1950,16,0,0,27.8
6/25/1950,16.2,30.5,36,29.1
6/26/1950,15.6,0.5,0,47.2
6/27/1950,18.3,0,0,33.6
6/28/1950,22,0,0,38.3
6/29/1950,22.7,0,0,46
6/30/1950,25,0,0,51.9
7/1/1950,21.9,51,23.8,59.1
7/2/1950,21.7,0,0,65.4
7/3/1950,21.5,14.2,1.5,54.9
7/4/1950,23.5,0,0,54.9
7/5/1950,19.6,11.5,8,54.5
7/6/1950,19.4,0,2.9,54.1
7/7/1950,19,0,0,39
7/8/1950,18.6,0,0,36.2
7/9/1950,21.9,0,0,39.7
7/10/1950,17.9,26.2,21.8,47
7/11/1950,19.3,0,0,54.1
7/12/1950,18.2,0,0,37.6
7/13/1950,19.8,0,1.4,41.1
7/14/1950,17.1,19,25.1,53.8
7/15/1950,15.9,0,0,53
7/16/1950,18.5,0,0,36.9
7/17/1950,19.7,0,0,35.9
7/18/1950,20.5,0,0,39
7/19/1950,21.1,0,0,40.8
7/20/1950,20.4,1.6,0,37.6
7/21/1950,23,0,0,44.8
7/22/1950,21.7,0.5,16.1,48.5
7/23/1950,18.6,11.2,3.9,50.4
7/24/1950,19.9,0,0,44.5
7/25/1950,20.5,0,0,44.5
7/26/1950,21.1,4.2,9.6,43.8
7/27/1950,19.6,13.2,7.3,46.4
7/28/1950,19.6,15.2,9.6,41.8
7/29/1950,19.4,4.9,2,43.1
7/30/1950,18.5,0,0,35.9
7/31/1950,19.1,5.9,5,32.9
8/1/1950,18.4,25.1,16.6,38
8/2/1950,16,14.2,11,55.3
8/3/1950,12.1,23.5,20.6,39.7
8/4/1950,11.2,5.6,5.5,32.6
8/5/1950,16,0,0,31
8/6/1950,18.2,0,0,30.6
8/7/1950,19,3,18.2,31.6
8/8/1950,17.2,0,0,38.3
8/9/1950,21.1,0,0,35.6
8/10/1950,20.8,2.7,3.5,39
8/11/1950,18,1.8,0.2,39.4
8/12/1950,17.4,0.2,0.6,35.9
8/13/1950,19.4,0,0,32.9
8/14/1950,17.9,9.2,0,34
8/15/1950,17.8,0,0,29.1
8/16/1950,17.3,2.6,7.5,28.4
8/17/1950,14.7,14.2,8.5,30.3
8/18/1950,13.4,1,0.2,28.8
8/19/1950,14.1,0,0,26
8/20/1950,15.8,0,0,23.6
8/21/1950,19,0,0,26
8/22/1950,19.9,0,0,30
8/23/1950,21.1,0,0,32.3
8/24/1950,18.6,11.1,3.5,40.4
8/25/1950,17.4,10,1.4,41.4
8/26/1950,19.5,0,0,37.6
8/27/1950,19.5,0,0,37.2
8/28/1950,21.9,11.2,12.4,40.4
8/29/1950,15.5,0,0,48.3
8/30/1950,16.1,0,0,31
8/31/1950,15.1,22.2,14.5,31.6
9/1/1950,11.1,27.2,33.2,39.4
9/2/1950,15.1,0.5,0.2,39
9/3/1950,13.5,10.1,11.3,30
9/4/1950,11.6,5.5,5.3,33.6
9/5/1950,17.5,3.2,0.1,31.3
9/6/1950,14.6,21.1,19.1,44.6
9/7/1950,16,3.2,0.8,36.2
9/8/1950,16.3,0.5,0.1,35.2
9/9/1950,17.5,0,0,34
9/10/1950,17.4,0,0,34.6
9/11/1950,17.9,0,0,30.6
9/12/1950,18.5,0,0,29.7
9/13/1950,16.6,0,0,26
9/14/1950,17.2,40.5,11.3,29.4
9/15/1950,13.7,14.2,10.5,40.8
9/16/1950,9.7,0,0.3,24.8
9/17/1950,10.1,0,0,16
9/18/1950,12.6,0,0,12.9
9/19/1950,11.9,4.1,3.3,12
9/20/1950,14.3,0,0,12.2
9/21/1950,7.9,4.1,7.1,10.9
9/22/1950,9.6,0,0,9.66
9/23/1950,9.6,0,0,7.4
9/24/1950,11.1,0,0,6.4
9/25/1950,14.8,0.8,0.3,7.06
9/26/1950,10.8,11.2,11.5,10.5
9/27/1950,10.8,0,0,11.1
9/28/1950,9,0,0,8.86
9/29/1950,8.7,0,0,8.3
9/30/1950,10.6,7.2,1.5,8.86
10/1/1950,12,2.9,9,11.8
10/2/1950,11.8,0,0,9.66
10/3/1950,11.3,0,0,9.25
10/4/1950,9,0,0,8.67
10/5/1950,9.7,0,0,8.48
10/6/1950,10.4,0,0,8.11
10/7/1950,10.6,0,0,7.75
10/8/1950,11.7,0,0.5,7.4
10/9/1950,14,1.2,0,7.93
10/10/1950,13.9,9,6.6,9.46
10/11/1950,13.6,0,0,10.1
10/12/1950,10.3,0,0,7.93
10/13/1950,8.9,0,0,7.06
10/14/1950,9.7,0,0,6.4
10/15/1950,11.4,0,0,5.94
10/16/1950,11.9,2,0.2,5.78
10/17/1950,12.6,0,0,6.09
10/18/1950,11.9,0,0,5.78
10/19/1950,10.4,0,0,5.63
10/20/1950,8.1,0,0,5.63
10/21/1950,9.1,0,0,5.78
10/22/1950,8.9,0,0,6.4
10/23/1950,10.8,0,0,5.78
10/24/1950,8.6,0,0,5.2
10/25/1950,6.4,0,0,4.94
10/26/1950,2.7,5.2,2.3,4.45
10/27/1950,2.8,0.2,0.1,4.33
10/28/1950,1.7,5.8,1.4,4.21
10/29/1950,1.4,0,0,4.21
10/30/1950,1.2,0,0,3.98
10/31/1950,1.4,0,0,3.75
11/1/1950,2.4,0,0,3.75
11/2/1950,6,9.5,7,3.64
11/3/1950,4.8,21.1,28.7,4.57
11/4/1950,3,8.1,15,4.57
11/5/1950,3.2,0.6,0.1,4.33
11/6/1950,3,0,0,4.1
11/7/1950,2,0,0,3.86
11/8/1950,3.3,0,0,3.86
11/9/1950,3.7,0,0,3.75
11/10/1950,8.1,0,0,4.57
11/11/1950,9.7,5.6,5.9,10.1
11/12/1950,7.2,6,3,11.6
11/13/1950,5.9,6.1,8.9,11.1
11/14/1950,6.3,3.5,22.8,14.1
11/15/1950,4,1.3,0.1,11.1
11/16/1950,4.3,55.5,51.9,14.2
11/17/1950,7.2,3.2,5.6,41.3
11/18/1950,3.3,0,0,16.5
11/19/1950,4.2,8,6.5,12
11/20/1950,2.2,4.2,5,10.3
11/21/1950,4.3,0,0,8.86
11/22/1950,4.1,10.2,14.3,8.11
11/23/1950,4,0,0,7.4
11/24/1950,3.4,6.1,2.4,6.72
11/25/1950,5.9,23.2,15.8,8.48
11/26/1950,2.9,22,20,12
11/27/1950,2.2,0.1,0,10.1
11/28/1950,4.1,3.2,2.2,8.67
11/29/1950,6.6,4.2,17.3,9.66
11/30/1950,1.2,0.5,0,9.25
12/1/1950,1.5,0,0,8.11
12/2/1950,4.5,0,0,7.75
12/3/1950,4.3,18.3,7.6,8.86
12/4/1950,0.2,1,0,8.11
12/5/1950,-1.1,0,0,6.72
12/6/1950,-0.4,3.5,2.1,7.06
12/7/1950,-0.1,8.3,11.8,6.89
12/8/1950,-0.2,0.6,0.4,6.56
12/9/1950,1.2,0,0,6.09
12/10/1950,0.6,0.1,0,5.78
12/11/1950,0.8,7,4.1,5.63
12/12/1950,0.4,1,0,5.48
12/13/1950,-0.6,0,0,4.94
12/14/1950,-1.3,0,0,4.94
12/15/1950,0.3,3,4.7,4.69
12/16/1950,-5.3,0,0,4.69
12/17/1950,-6.3,0,0,4.21
12/18/1950,-2.7,5,4.5,4.21
12/19/1950,-1.4,6.9,8,4.33
12/20/1950,-2.4,0,0,4.21
12/21/1950,-4.4,0,0,4.1
12/22/1950,-4.3,0,0,3.98
12/23/1950,-2.8,0,0,3.98
12/24/1950,-2.7,0,0,3.98
12/25/1950,-2.7,0.1,0.2,3.86
12/26/1950,-1.2,0,0,3.75
12/27/1950,-2.2,0,0,3.64
12/28/1950,-2.2,0,0,3.42
12/29/1950,-2.6,0,0,3.42
12/30/1950,-3.3,0,0,3.32
12/31/1950,-3.9,0,0,3.12
1/1/1951,-0.9,0,0,3.22
1/2/1951,0.7,2.6,3,3.12
1/3/1951,-1.2,5.8,0,3.12
1/4/1951,-1.8,0,0,2.93
1/5/1951,-0.6,0,0,2.84
1/6/1951,-0.3,0,0,2.66
1/7/1951,0.6,0,0,3.03
1/8/1951,-0.4,0,0,3.12
1/9/1951,-1.4,0,0,3.03
1/10/1951,-2.6,0,0,2.93
1/11/1951,0.2,0,0,3.03
1/12/1951,1.6,8.1,12,3.03
1/13/1951,1.5,0,0,2.93
1/14/1951,-0.7,0,0,2.75
1/15/1951,1.3,14,22.2,2.93
1/16/1951,-1.5,0,0,3.12
1/17/1951,0.1,14.1,10.5,3.03
1/18/1951,3.9,19,19.6,4.57
1/19/1951,1.9,35.1,40.2,4.45
1/20/1951,3.1,37,33.7,7.87
1/21/1951,4.1,0,0,8.48
1/22/1951,1.4,0,0,6.09
1/23/1951,2.1,0,0,5.34
1/24/1951,2.2,0,0,4.81
1/25/1951,2.2,0,0,4.57
1/26/1951,0.8,0,0,4.33
1/27/1951,-0.4,0,0,4.1
1/28/1951,0.1,0,0,3.98
1/29/1951,0.7,0,0,3.75
1/30/1951,0.9,0,0,3.64
1/31/1951,0.9,0,0,3.53
2/1/1951,0.6,0,0,3.43
2/2/1951,0.4,0,0,3.22
2/3/1951,-0.7,0,0,3.22
2/4/1951,3.8,0,0,3.12
2/5/1951,1.5,8.5,10.5,3.12
2/6/1951,1.7,1.5,3.8,3.03
2/7/1951,0.5,0,0,2.93
2/8/1951,0.8,0.1,0,3.22
2/9/1951,3.4,2,0,3.03
2/10/1951,3.9,0.2,1.7,3.12
2/11/1951,2.5,32,53.1,4.33
2/12/1951,2.6,2,0,4.45
2/13/1951,2.8,6.2,13,4.21
2/14/1951,3,0,0,3.98
2/15/1951,1.8,0,0,3.75
2/16/1951,1.5,0,0,3.53
2/17/1951,2.5,10.4,10,3.43
2/18/1951,1.4,5.1,5,3.98
2/19/1951,1.4,11.6,10,3.64
2/20/1951,3.3,5.9,5.3,3.64
2/21/1951,4.5,1.9,0.8,3.75
2/22/1951,2,10.8,6.7,3.64
2/23/1951,0.7,0.5,0,3.53
2/24/1951,0.3,0,0,3.32
2/25/1951,1.5,0.9,0.6,3.22
2/26/1951,0.4,6.1,2.2,3.22
2/27/1951,0.2,0.3,0,3.12
2/28/1951,-1,0.1,0.1,3.03
3/1/1951,-0.8,0,0,3.03
3/2/1951,-0.9,0.2,0,2.93
3/3/1951,-2.3,0,0,2.93
3/4/1951,-1.9,0,0,2.75
3/5/1951,-1.2,0,0,2.75
3/6/1951,0.6,0,0,2.84
3/7/1951,0.8,0,0,2.93
3/8/1951,2.6,0,0,2.93
3/9/1951,2.8,2.1,8.2,3.03
3/10/1951,2.9,0,0,3.12
3/11/1951,6.6,0,0,3.22
3/12/1951,6.2,0,0,3.22
3/13/1951,9.3,12.1,8.2,3.75
3/14/1951,6.2,0,0,6.4
3/15/1951,7.9,1.1,0,5.48
3/16/1951,8.9,4.1,0.6,5.78
3/17/1951,9,11,13.8,12.7
3/18/1951,6.7,13,5,18.9
3/19/1951,6.1,9.1,13.8,15.9
3/20/1951,6.2,10,13.4,12.4
3/21/1951,-0.2,0.1,0.7,9.87
3/22/1951,1.4,2,1.5,8.11
3/23/1951,7.6,2.5,0,7.75
3/24/1951,3.2,9.2,19.3,10.1
3/25/1951,-1.4,4,7.4,8.86
3/26/1951,-0.2,1.5,1.1,7.57
3/27/1951,2.4,24.1,19,7.4
3/28/1951,2.7,3,0.7,8.48
3/29/1951,3,0,0,7.58
3/30/1951,4.2,2,0,7.06
3/31/1951,3.1,3,2.8,6.72
4/1/1951,5.5,0,0,6.4
4/2/1951,5.6,5.5,6.6,6.72
4/3/1951,5,0,0,7.06
4/4/1951,6.1,0,0,7.06
4/5/1951,7.4,0,0,7.4
4/6/1951,9.6,0,0,7.93
4/7/1951,7.9,13.2,8.5,10.3
4/8/1951,5.2,0,0,12.4
4/9/1951,6.8,12,7.2,10.1
4/10/1951,6.6,0.8,0.7,9.65
4/11/1951,4.2,2.5,0,8.86
4/12/1951,5.2,0,0,8.11
4/13/1951,7.3,0,0,8.48
4/14/1951,6.5,1,0.5,9.25
4/15/1951,6.5,0,0,8.67
4/16/1951,9,0,0,9.87
4/17/1951,12.7,0,0,12.9
4/18/1951,10.2,0.5,0.2,15.2
4/19/1951,10.3,0.1,0,17.4
4/20/1951,12,4.1,1.8,21.6
4/21/1951,11.4,2,2.8,26.1
4/22/1951,10.6,0,0,26.8
4/23/1951,11.2,0,0,27.1
4/24/1951,12.9,0,0,28.2
4/25/1951,14.7,0,0,28.6
4/26/1951,12.4,2.8,1.8,27.5
4/27/1951,10.3,8.1,4.6,25.5
4/28/1951,5.5,12,9.6,25.8
4/29/1951,1.8,18.2,10.7,20.7
4/30/1951,5.3,0,0,17.4
5/1/1951,10.2,0,0,15.9
5/2/1951,12.9,0,0,16.4
5/3/1951,13.8,0.6,0,19.5
5/4/1951,9.5,12.1,9.2,23.4
5/5/1951,10.5,0,0,22.8
5/6/1951,12.6,0,0,22.2
5/7/1951,10.2,3.2,0,22.8
5/8/1951,10.1,2.5,4.1,22.8
5/9/1951,11.2,12,10.9,21.9
5/10/1951,8.8,13.5,11.2,24.3
5/11/1951,8,0,0,22.5
5/12/1951,9.1,0,0,19.2
5/13/1951,9.2,2.2,1.2,18
5/14/1951,6.7,10.2,4.4,17.2
5/15/1951,6.1,2.2,0.8,15.7
5/16/1951,8,0,0,14.4
5/17/1951,8.2,1.5,1.5,14.1
5/18/1951,12.2,0,0,15.2
5/19/1951,13.9,0,0,17.4
5/20/1951,13.1,1.5,2,20.7
5/21/1951,14.2,0,0,27.5
5/22/1951,14.4,3.5,2.4,29.2
5/23/1951,16,0,0,34.8
5/24/1951,18.9,0,0,41.5
5/25/1951,19.3,0,1,52
5/26/1951,18.1,0.4,2.6,56.3
5/27/1951,10,18.2,28,66.6
5/28/1951,11.7,5.5,4,49.6
5/29/1951,13,1.5,0,36.2
5/30/1951,12.5,7,0,33.6
5/31/1951,13.7,16.2,12.8,36.2
6/1/1951,11.9,1.1,2.3,39
6/2/1951,12.6,6.2,3.4,32.3
6/3/1951,13.7,0.1,0,30.7
6/4/1951,15.2,1,0.9,31
6/5/1951,13.1,2.5,0.8,29.7
6/6/1951,14.2,0,0.2,26.9
6/7/1951,16.4,0,0,29.4
6/8/1951,13.5,24.2,28.7,36.4
6/9/1951,11.5,6,6.5,48.1
6/10/1951,15.1,0,0,37.3
6/11/1951,16.2,0,0,35.9
6/12/1951,18.2,5.1,2.6,38.3
6/13/1951,18,0,0,50.7
6/14/1951,19.9,0,0,52.3
6/15/1951,20.2,5.5,7.1,53.8
6/16/1951,17.7,11.2,16.1,64.2
6/17/1951,18,11.2,7.9,67.4
6/18/1951,17.9,8.5,14.5,73.4
6/19/1951,14.5,6.1,7.1,73.6
6/20/1951,15.4,0,0,55.7
6/21/1951,18.5,0,0,47.8
6/22/1951,18.5,0,0,49.3
6/23/1951,13.2,26.1,27.7,69.9
6/24/1951,12,20.1,23.7,68
6/25/1951,12.8,5.2,3.7,53.8
6/26/1951,13.9,0.1,2,42.8
6/27/1951,15.3,0,0,36.2
6/28/1951,14.4,7.8,10.9,35.1
6/29/1951,14.1,0,0,40.4
6/30/1951,15.4,0.1,4,32.9
7/1/1951,17.3,0,0,30.3
7/2/1951,17.6,0,0,31.3
7/3/1951,18,0,0,34.6
7/4/1951,19.9,0,0,37.4
7/5/1951,15.7,6,11,38.3
7/6/1951,16.7,0,0,36.2
7/7/1951,20.5,0,0,36.9
7/8/1951,18.7,39.3,19.5,43.2
7/9/1951,17.7,1.2,2.9,56.3
7/10/1951,21.1,0,0,47.4
7/11/1951,19.5,14.1,6.8,54.5
7/12/1951,18.3,4.8,0,59.1
7/13/1951,19,7,6.7,50.4
7/14/1951,18.7,11.1,26,54.6
7/15/1951,16.8,58.5,30.3,71.9
7/16/1951,11.8,12,9.5,85.7
7/17/1951,15.1,0,0,57.2
7/18/1951,16.2,0,0,46
7/19/1951,19.4,0,0,46
7/20/1951,18.9,0,0,44.8
7/21/1951,19.5,0,0,43.5
7/22/1951,20.1,3.2,7.4,45.4
7/23/1951,15.7,10.6,6.3,45.1
7/24/1951,13,6,6.5,42.8
7/25/1951,13.1,0,0,34
7/26/1951,15.1,0,0,25.4
7/27/1951,17.2,0,0,25.7
7/28/1951,19.7,0,0,30
7/29/1951,20.7,0,0,34.9
7/30/1951,21.6,0,0.1,40.4
7/31/1951,23.6,0,0,46.7
8/1/1951,20.7,0,0,47
8/2/1951,20.6,7.2,0.7,43.8
8/3/1951,20,0,0.4,41.8
8/4/1951,16.5,27.1,21.9,50.9
8/5/1951,17.8,0,0,50
8/6/1951,21,0,0,38
8/7/1951,18.8,13.1,8.3,38.7
8/8/1951,17.2,2.1,2.3,62
8/9/1951,13.8,0,2.8,43.1
8/10/1951,13.8,14.1,14.2,29.1
8/11/1951,15.6,0,0,27.8
8/12/1951,17.2,0,0,25.4
8/13/1951,16.1,5.1,4.3,27.2
8/14/1951,16.1,0,0,29.4
8/15/1951,16.9,1.2,0.2,26.3
8/16/1951,13.6,7.2,15.1,30
8/17/1951,14.2,0,0,23.6
8/18/1951,16.5,0,0,21.1
8/19/1951,18.3,0,0,21.9
8/20/1951,17.7,20.5,21.2,26.9
8/21/1951,13.4,36.5,34.2,67.7
8/22/1951,14.7,0.1,1.2,42.8
8/23/1951,14.5,0,0,34
8/24/1951,15.9,0,0,28.1
8/25/1951,16.2,16.2,17.2,27.5
8/26/1951,16,7.6,9.3,41.2
8/27/1951,14.6,0,3.1,37.6
8/28/1951,17.3,0,0,33.7
8/29/1951,19,0,0,35.6
8/30/1951,21.2,0,0,37.3
8/31/1951,14.3,22.2,11.8,39.6
9/1/1951,14.2,3.2,3.8,30.5
9/2/1951,16.2,2,2.5,27.5
9/3/1951,16.1,0,0,29.9
9/4/1951,14.7,0,0,24
9/5/1951,15.6,0,0,23.4
9/6/1951,18.4,0,0.9,25.7
9/7/1951,18.2,0.5,1.2,29.3
9/8/1951,17.4,0,0,26.9
9/9/1951,19.3,0,0,28.8
9/10/1951,19.3,0,0,27.5
9/11/1951,19.5,0,0,27.5
9/12/1951,19.9,0,0,28.7
9/13/1951,20.4,5.5,2.8,34.7
9/14/1951,15,12.2,4.8,38.9
9/15/1951,14.6,0,0,33.3
9/16/1951,17.7,0,0,27.5
9/17/1951,13.6,6.2,4.5,22.3
9/18/1951,12.5,1.3,0,21.2
9/19/1951,11.6,0,0,17.4
9/20/1951,11.1,0,0,15.2
9/21/1951,10.2,0,0,14.2
9/22/1951,11.4,0,0,14.3
9/23/1951,14.1,6.2,5.3,14.2
9/24/1951,13.1,0,0,18.4
9/25/1951,13.2,0,0,16.7
9/26/1951,11.7,11.1,15.9,18.9
9/27/1951,12.5,0,0,14.9
9/28/1951,12.3,26.5,21.4,12.9
9/29/1951,9.5,7,10.2,21.7
9/30/1951,10.9,0,0,16.9
10/1/1951,12.8,0,0,14.9
10/2/1951,12.9,0,0,14
10/3/1951,13.6,0,0,12.9
10/4/1951,12.6,0,0,11.4
10/5/1951,13.3,0,0,10.1
10/6/1951,10.7,0,0,10.1
10/7/1951,10.1,0,0,9.85
10/8/1951,10.4,0,0,9.01
10/9/1951,7.9,0,0,8.44
10/10/1951,7.8,0,0,7.9
10/11/1951,6,0,0,7.36
10/12/1951,6.3,0,0,6.84
10/13/1951,7.8,0,0,6.53
10/14/1951,8,0,0,6.38
10/15/1951,7.9,0,0,6.07
10/16/1951,6.9,0,0,5.91
10/17/1951,7.5,0,0,5.76
10/18/1951,6.8,0,0,5.45
10/19/1951,8.5,0,0,5.6
10/20/1951,11.2,0,3.7,5.76
10/21/1951,12.3,1.6,0.2,5.76
10/22/1951,7,34.2,45,6.38
10/23/1951,3.1,5.1,8.6,5.45
10/24/1951,5.1,0,0,5.76
10/25/1951,6.8,0,0,5.76
10/26/1951,7.2,0,0,5.92
10/27/1951,5,0,0,5.6
10/28/1951,6.7,0,0,5.18
10/29/1951,8,0,0,5.18
10/30/1951,8.2,0,0,4.91
10/31/1951,9.7,4.2,6.5,4.91
11/1/1951,3.2,30.2,16.1,5.76
11/2/1951,5.2,1,0,5.91
11/3/1951,3.8,3.6,5.2,5.45
11/4/1951,3.5,0,0,4.91
11/5/1951,9.5,0,0,4.77
11/6/1951,14.7,0,0,5.18
11/7/1951,10.1,0,0,8.8
11/8/1951,9.1,7.1,9.8,9.43
11/9/1951,9.2,0,0,11.4
11/10/1951,9.6,22,17.3,11.8
11/11/1951,7.3,27.2,27.5,28.2
11/12/1951,5.9,14.2,4.2,21.5
11/13/1951,6.1,7.1,3.3,16.1
11/14/1951,4.9,20.2,13.1,13.6
11/15/1951,3.9,0,0,12.1
11/16/1951,3.9,0,0,10.9
11/17/1951,5.3,0,0,10.1
11/18/1951,9.6,0,0,9.43
11/19/1951,7.1,6.2,5.6,12.1
11/20/1951,6.2,0,0,11.4
11/21/1951,7.1,3.1,3,10.5
11/22/1951,4.6,0,0.3,9.64
11/23/1951,3.6,16.8,13.5,8.44
11/24/1951,6.6,0,3,14
11/25/1951,6.8,12.8,4.7,12.3
11/26/1951,5.2,3.8,4.7,12.9
11/27/1951,1,0,0,10.7
11/28/1951,1.9,2.6,4.2,9.43
11/29/1951,1.2,0.5,0.6,8.44
11/30/1951,1.9,0,0,7.9
12/1/1951,1,0,0,7.18
12/2/1951,2.1,11.2,5.9,6.84
12/3/1951,0.9,2.2,2.7,6.53
12/4/1951,0.6,0,0,5.91
12/5/1951,1,0,0,5.76
12/6/1951,2.6,2.1,0.7,5.6
12/7/1951,3.1,6.5,6.7,5.76
12/8/1951,-1.2,0,0,5.32
12/9/1951,3.6,11.2,6.6,5.76
12/10/1951,5.6,0,0,6.38
12/11/1951,0.6,0,0,5.45
12/12/1951,-3.4,0,0,4.91
12/13/1951,-2.2,0,0,4.91
12/14/1951,-2,0,0,4.91
12/15/1951,-0.7,0,0,4.77
12/16/1951,-0.2,0,0,4.77
12/17/1951,-0.2,0,0,4.63
12/18/1951,-0.1,0,0,4.63
12/19/1951,-0.2,0,0,4.37
12/20/1951,0.3,0,0,4.37
12/21/1951,1.8,0,0,4.37
12/22/1951,0.7,0,0,4.25
12/23/1951,-1.1,0,0,4.13
12/24/1951,-0.8,0,0,4.02
12/25/1951,1.9,10.1,4.1,3.91
12/26/1951,3.8,1.2,4.4,4.02
12/27/1951,1.7,4.5,7.5,3.81
12/28/1951,0.5,2,2.3,3.81
12/29/1951,-1.3,3.1,3.6,3.21
12/30/1951,1.1,2,0.7,3.31
12/31/1951,2.9,0.3,0.4,3.51
1/1/1952,3.2,1,0.8,3.61
1/2/1952,0.8,0,0,3.71
1/3/1952,1.1,1,1,3.51
1/4/1952,1,0.5,0.4,3.51
1/5/1952,0.2,0,0,3.41
1/6/1952,0.6,0,0,3.31
1/7/1952,-0.7,0,0,3.01
1/8/1952,-1,0,0,3.21
1/9/1952,0.4,1.5,5,3.21
1/10/1952,1.5,12.1,10.5,3.21
1/11/1952,4.7,18.1,25.2,4.02
1/12/1952,-0.4,0.1,1.9,5.31
1/13/1952,-2,0,0,4.02
1/14/1952,-2.2,0,0,3.91
1/15/1952,-0.9,0,0,3.61
1/16/1952,1.3,0.5,2.9,3.31
1/17/1952,2.2,5.4,7,3.41
1/18/1952,-1.3,10.5,14.2,3.31
1/19/1952,-2.2,14.4,19.5,3.41
1/20/1952,-3.6,0.5,0.6,3.31
1/21/1952,-7.3,0,0,3.21
1/22/1952,-6.6,0,0,3.21
1/23/1952,-5.9,0,0,3.11
1/24/1952,-4.5,0,0,3.11
1/25/1952,-2.4,3,3.1,3.11
1/26/1952,-3.3,0,0,3.01
1/27/1952,-5.1,3.5,4,3.01
1/28/1952,-7.1,0,0,3.01
1/29/1952,-3.3,0,0,2.91
1/30/1952,-1.2,0,0,2.91
1/31/1952,0.2,6,13.2,2.91
2/1/1952,0.8,7.6,12.3,2.91
2/2/1952,-0.2,0,0,2.81
2/3/1952,-0.3,11.5,13,2.81
2/4/1952,-1,14,15.6,2.81
2/5/1952,-1.4,5.1,4.9,2.81
2/6/1952,-4.1,0,0,2.71
2/7/1952,-1.5,4.5,2.4,2.71
2/8/1952,0,14.5,2.6,2.81
2/9/1952,-2.1,6.8,12.5,2.71
2/10/1952,-1.6,0,0,2.71
2/11/1952,1,15.5,6.9,2.61
2/12/1952,0.8,22,11,2.81
2/13/1952,-2.3,5.6,2,2.71
2/14/1952,-3.6,1.1,0,2.61
2/15/1952,-5,0,0,2.51
2/16/1952,-3.8,0,0,2.61
2/17/1952,-4.8,0,0,2.71
2/18/1952,-4.3,0,0,2.71
2/19/1952,-3,0,0,2.71
2/20/1952,0.3,0,0,2.71
2/21/1952,0.3,0,0,2.71
2/22/1952,0.6,0,0,2.71
2/23/1952,1.4,0,0,2.91
2/24/1952,1.1,0,0,3.21
2/25/1952,-2.5,0,0,3.41
2/26/1952,-1.1,0,0,3.51
2/27/1952,-1.2,0,0,3.61
2/28/1952,1.1,0,0,3.71
2/29/1952,2.9,1,0,3.91
3/1/1952,3,0,0,3.61
3/2/1952,2.3,0,0,3.81
3/3/1952,3,0,0,4.37
3/4/1952,5.4,0,0,4.77
3/5/1952,4.9,6.2,2.9,5.76
3/6/1952,4.3,4.5,10.5,6.85
3/7/1952,2.6,32.2,24.6,6.53
3/8/1952,3.4,0,0.5,7.18
3/9/1952,4.2,8.2,7,7
3/10/1952,4.1,8.2,6.9,8.8
3/11/1952,4.9,0,0,8.44
3/12/1952,4.9,0,0.2,7.9
3/13/1952,5.9,0,0,7.36
3/14/1952,2.4,0,0,7.18
3/15/1952,1.2,0,0,6.54
3/16/1952,5.6,0,0,7
3/17/1952,7.5,0,0,7.36
3/18/1952,7.7,0,0,7.72
3/19/1952,7.9,4.5,1.7,8.26
3/20/1952,6.6,15.2,14.8,8.62
3/21/1952,6,2.2,4.1,12.1
3/22/1952,5.5,19.2,20,11.8
3/23/1952,9.2,0,0,18
3/24/1952,8.9,8.5,7.9,16.3
3/25/1952,6.7,14.1,14.9,16
3/26/1952,1.1,4.6,12.6,14.4
3/27/1952,2.2,0,0,11.9
3/28/1952,3.7,0,0,10.6
3/29/1952,6.9,3.1,4.8,10.8
3/30/1952,8.5,1.2,0.5,12.8
3/31/1952,10.9,0,0,14.3
4/1/1952,4.7,9,13.6,15.9
4/2/1952,-1.4,0,0,14.7
4/3/1952,0.8,0,0,11.7
4/4/1952,2.8,0,0,10.2
4/5/1952,4.6,0,0,9.11
4/6/1952,5.4,0,0,8.54
4/7/1952,9.9,0,0,8.54
4/8/1952,11.1,0,0,10.6
4/9/1952,11.5,0,0,14.1
4/10/1952,13,0,0,17.3
4/11/1952,13.6,0,0,19.9
4/12/1952,14,0,0,19.7
4/13/1952,15.7,0,0,20.5
4/14/1952,13.9,0,0,23.8
4/15/1952,14.3,0,0,26
4/16/1952,14.8,0,0,27.5
4/17/1952,15,0,0,28.5
4/18/1952,15.4,0,0,29.7
4/19/1952,14,8,3.6,30.3
4/20/1952,12.7,2,2.9,34.2
4/21/1952,13.6,0,0.4,32.9
4/22/1952,10.5,18.1,14.2,32.6
4/23/1952,7.4,18.5,21,32.6
4/24/1952,5.9,10.5,7.3,28.8
4/25/1952,8.3,1.5,0,23.2
4/26/1952,9.6,0,0,21
4/27/1952,10,0,0,21
4/28/1952,11,0,0,22.1
4/29/1952,13.3,0,0,23.8
4/30/1952,15.4,0,0,26.9
5/1/1952,15.2,0,0,30.6
5/2/1952,15.9,1.1,4.9,30.9
5/3/1952,13.1,1.2,4.8,31.9
5/4/1952,11.8,4.5,2.5,28.1
5/5/1952,11.6,0,0.5,25.4
5/6/1952,13.7,3.2,2.4,23.8
5/7/1952,13.4,0,0,25
5/8/1952,13.6,0.6,0.5,24.7
5/9/1952,14.5,6.7,0.9,25
5/10/1952,14.8,0,0,28.8
5/11/1952,14.1,27.5,18,31.3
5/12/1952,10.4,5.6,8.5,37.9
5/13/1952,12.4,0,0,34.2
5/14/1952,13.4,0,0,24.4
5/15/1952,14.2,0,0,24.4
5/16/1952,16.1,0,0,26.3
5/17/1952,14.6,0,0,30
5/18/1952,14.1,0,0,30
5/19/1952,14.2,1.2,0.8,27.5
5/20/1952,12.1,3.5,1.6,26
5/21/1952,10.9,0,0,24.4
5/22/1952,11.4,0,0,22.1
5/23/1952,10.4,0,0,19.9
5/24/1952,13.8,6.5,10,19.1
5/25/1952,12.2,0,0,21
5/26/1952,13.1,2.8,2.7,19.7
5/27/1952,14.4,0,0,20.2
5/28/1952,16,0,0,21.9
5/29/1952,17,0.1,0,24.4
5/30/1952,16.6,0,0,26.6
5/31/1952,17.8,0,0,30
6/1/1952,17.5,0,0,33.9
6/2/1952,17.1,19.5,9.4,36.8
6/3/1952,14.8,4.2,4.3,44.7
6/4/1952,16,0,0,41.6
6/5/1952,18.2,0,0,38.2
6/6/1952,18.7,21.2,24.3,40.6
6/7/1952,14.4,19.6,13.4,58.6
6/8/1952,14.3,0.6,0,49.7
6/9/1952,15.4,0,0,35.5
6/10/1952,15.2,0,1.4,30.6
6/11/1952,17.8,0,0,30
6/12/1952,20.4,0.5,0.1,33.9
6/13/1952,17.4,9.2,15.6,40.6
6/14/1952,17,0.8,0,45.1
6/15/1952,18,23.2,1.4,42.3
6/16/1952,16.2,1,1.5,55.9
6/17/1952,17,9.1,2.3,50.4
6/18/1952,15.5,11.2,9,59.3
6/19/1952,14.9,10.5,11.3,46.8
6/20/1952,13.6,0.2,1.8,46.8
6/21/1952,15.1,0,0,39.2
6/22/1952,18.1,0,0,37.2
6/23/1952,17.8,2,0.1,35.8
6/24/1952,18.1,0,0,34.2
6/25/1952,20,0,0,35.8
6/26/1952,19.4,0,0,38.2
6/27/1952,19,0,0,39.9
6/28/1952,17.2,0,0,42.6
6/29/1952,22.9,0,0,45.1
6/30/1952,23.3,0,0,45.4
7/1/1952,24.5,0,0,45.4
7/2/1952,22.5,3.2,0,54.8
7/3/1952,21.2,0.1,0,63.9
7/4/1952,25.7,0,0,65.4
7/5/1952,26.3,0,0,62.4
7/6/1952,25.8,0,0,59
7/7/1952,23.7,3.2,11.8,62.4
7/8/1952,21.4,3.5,4,63.5
7/9/1952,16.6,12.1,16.8,59.7
7/10/1952,18.3,0,0,49
7/11/1952,19.6,0,3,44.7
7/12/1952,20,5.1,5.3,43.6
7/13/1952,19.5,0,0,45.4
7/14/1952,20.1,0,3.8,45.8
7/15/1952,18.5,15.1,9.3,45.7
7/16/1952,17.5,0,0,44.3
7/17/1952,18,0,0,39.9
7/18/1952,19.6,0,0,37.2
7/19/1952,19.9,0,0,35.2
7/20/1952,20.5,0,0,37.2
7/21/1952,20.1,0,0.2,40.6
7/22/1952,20.7,1,20.2,41.9
7/23/1952,21.2,0,0,43.6
7/24/1952,18.8,0,0,38.5
7/25/1952,18.7,0,0,35.2
7/26/1952,19.7,0,0,35.8
7/27/1952,21.2,0.2,0,36.5
7/28/1952,14,22.6,15,40.6
7/29/1952,16.1,0,0,29.7
7/30/1952,17,0,0,25.7
7/31/1952,19.5,0,0,27.5
8/1/1952,20.7,0,8.2,30.5
8/2/1952,21.1,3.3,16.2,31.9
8/3/1952,18.3,3.6,3,37.3
8/4/1952,19.2,0,0,34.9
8/5/1952,22.7,0,0,36
8/6/1952,20.4,19.1,14,36.2
8/7/1952,17,0.9,1,44.4
8/8/1952,19.7,0,0,35.2
8/9/1952,18.3,23.2,8.7,41.7
8/10/1952,16.7,0,0,41.6
8/11/1952,20.3,0,0,35.8
8/12/1952,22.2,0,0,42.9
8/13/1952,24.2,0,0,44.7
8/14/1952,24,0.6,0,47.8
8/15/1952,21.8,24.5,7.4,49.4
8/16/1952,18.1,2,9.5,50.4
8/17/1952,15.1,3.1,4,35.2
8/18/1952,15.1,14.1,14.3,26.3
8/19/1952,15.4,3.2,3.9,40.6
8/20/1952,15.1,3.6,5.3,27.5
8/21/1952,11.9,6.5,15.7,25.7
8/22/1952,13,0,0,23.2
8/23/1952,13.4,7.6,2.4,19.1
8/24/1952,12.4,6.5,12.5,22.7
8/25/1952,15.2,0,0,24.7
8/26/1952,17.1,0,0,23.2
8/27/1952,19,0,0,24.7
8/28/1952,19,0,0,24.4
8/29/1952,20.1,0,0,26.9
8/30/1952,19,18.5,9.2,35.8
8/31/1952,16.9,1,7.1,43
9/1/1952,18.6,0,0.2,35.8
9/2/1952,18.2,0,0,28.8
9/3/1952,16.1,0,0,25.3
9/4/1952,17.2,0,0,22.4
9/5/1952,15.4,10.2,3.4,21.8
9/6/1952,10.9,2,4,24.4
9/7/1952,10.7,1.2,3.1,18.1
9/8/1952,9.4,9.5,8.2,15.5
9/9/1952,9.6,6.1,3.4,14.3
9/10/1952,10.5,5.2,2.8,13.3
9/11/1952,10.4,14.2,12.1,13.5
9/12/1952,9.2,5.1,4.9,19.4
9/13/1952,10.8,0,0,15.2
9/14/1952,11.4,1.2,3.3,13.8
9/15/1952,14.1,0,0,15
9/16/1952,13,0,0,13.1
9/17/1952,12.5,8,2.9,11.7
9/18/1952,11.6,2.2,3.4,11.9
9/19/1952,6.9,5,7.3,11.7
9/20/1952,7.8,0,0,10.2
9/21/1952,9.5,2.6,0.9,9.97
9/22/1952,10.1,4.8,2.2,10.2
9/23/1952,10.6,0,0,10.4
9/24/1952,10.9,0,0,9.74
9/25/1952,12.6,8.2,5,9.53
9/26/1952,10.1,2,1,11
9/27/1952,7.6,8.1,2.5,9.11
9/28/1952,8.1,1.1,2,8.54
9/29/1952,9,2.5,0,8.19
9/30/1952,9.3,0,0,7.66
10/1/1952,9.6,8.2,7.8,7.83
10/2/1952,7.6,2.2,1.7,8.54
10/3/1952,7.8,0,0,7.83
10/4/1952,9,20,27,7.48
10/5/1952,9.9,3.5,0.8,22.1
10/6/1952,9.5,4.6,4.6,15
10/7/1952,12.1,0.1,0.2,14.7
10/8/1952,7.5,0,0,12.2
10/9/1952,6.3,0,0,10.2
10/10/1952,8.2,7.5,9,9.32
10/11/1952,5.8,0,1.9,8.9
10/12/1952,5.7,0,0,8.19
10/13/1952,6.2,20.1,24.2,12.2
10/14/1952,8.3,7.2,3.8,18.8
10/15/1952,6.3,1.5,0,13.1
10/16/1952,8.1,4,2.4,10.8
10/17/1952,8.5,2,4.7,10.6
10/18/1952,6,0,0,9.53
10/19/1952,8.5,0.2,0.1,9.11
10/20/1952,9,0.6,0,9.32
10/21/1952,10.9,1,0.6,11.3
10/22/1952,11.1,7,4.9,9.97
10/23/1952,9.4,4,6.3,12.2
10/24/1952,12.3,3.1,3.6,14.5
10/25/1952,10.9,31.6,16.4,22.4
10/26/1952,8.4,2.5,11.5,26.9
10/27/1952,6.6,0,0,17.3
10/28/1952,7.1,0,0,13.3
10/29/1952,8.2,9.6,4.2,11.9
10/30/1952,7.7,5.9,4.7,11.7
10/31/1952,4.3,7.1,4.1,10.2
11/1/1952,5.4,14,14,9.74
11/2/1952,6.6,14.1,9.6,11.9
11/3/1952,4.9,32.1,27.7,15
11/4/1952,4.4,0,0,13.3
11/5/1952,4.1,0,0,11.5
11/6/1952,6.3,2.5,7.5,10.8
11/7/1952,3.6,30,29.5,11.3
11/8/1952,1.2,12.2,6.8,10.4
11/9/1952,0.2,2.6,0,9.53
11/10/1952,2.8,35.2,43.9,9.11
11/11/1952,2.3,13.1,32.8,12.4
11/12/1952,1.4,6,6.8,10.8
11/13/1952,0,8.4,5.4,9.32
11/14/1952,0.5,3.6,0,8.54
11/15/1952,-1.7,0,0,7.83
11/16/1952,-2.1,0,0,7.12
11/17/1952,-0.6,0,0,7.12
11/18/1952,0.4,0,0,6.66
11/19/1952,0.7,7,14.2,6.96
11/20/1952,0.1,0,0,6.65
11/21/1952,0.8,0,0,6.34
11/22/1952,2,12.7,23.6,6.18
11/23/1952,1.7,2.6,0,6.03
11/24/1952,2.6,0.2,0,5.72
11/25/1952,2.6,17.2,18.6,5.56
11/26/1952,5.1,14.1,13,12.4
11/27/1952,6.9,4.5,1.9,18.5
11/28/1952,4.7,2,0,16.7
11/29/1952,3.3,0,0,14.3
11/30/1952,7.1,12.2,8.5,12.2
12/1/1952,7.4,11.1,11.3,24.4
12/2/1952,5.7,16.1,4.2,23.5
12/3/1952,1.8,4.1,2.3,18.8
12/4/1952,-0.3,0,0,14.7
12/5/1952,-1.3,0,0,12.4
12/6/1952,-2.6,0,0,10.8
12/7/1952,-1.7,0,0,9.74
12/8/1952,-2,0,0,8.54
12/9/1952,-1.8,0,0,8.01
12/10/1952,-2.2,0,0,7.48
12/11/1952,0.7,0,0,7.12
12/12/1952,1.2,1.6,0,6.81
12/13/1952,3.6,8.1,8.8,6.66
12/14/1952,2.4,1.5,11.6,6.18
12/15/1952,0.1,0.5,0.6,5.87
12/16/1952,-1.5,4.1,3,5.29
12/17/1952,1.4,18.5,19.4,5.56
12/18/1952,0,11.2,15.6,5.29
12/19/1952,0.5,5,1.8,5.02
12/20/1952,3.3,3,3.5,5.02
12/21/1952,3.4,6.1,10.7,5.42
12/22/1952,2.1,0.1,7,5.16
12/23/1952,2,12.1,6.9,5.87
12/24/1952,2.6,0.1,2.5,5.87
12/25/1952,2.2,3.1,0,5.42
12/26/1952,-0.8,0,0,5.02
12/27/1952,0.2,0,0,4.89
12/28/1952,-2.2,0,0,4.49
12/29/1952,-2.6,0,0,4.22
12/30/1952,-1.7,0,0,4.22
12/31/1952,-1,0,0,4.1
1/1/1953,-2,0,0,3.99
1/2/1953,-1.1,3.3,2.4,3.76
1/3/1953,-2.5,1,0.7,3.76
1/4/1953,-1.9,0,0,3.52
1/5/1953,-2.4,0,0,3.52
1/6/1953,-3.4,0,0,3.31
1/7/1953,-2.7,0,0,3.2
1/8/1953,-2.7,0,0,3.08
1/9/1953,-2.3,2,0,2.98
1/10/1953,-1,6.1,6.8,3.08
1/11/1953,-2.7,0,0,2.98
1/12/1953,-5.8,0,0,2.88
1/13/1953,-7.7,0,0,2.59
1/14/1953,-5.8,0,0,2.59
1/15/1953,-6.3,0,0,2.49
1/16/1953,-5.5,0,0,2.4
1/17/1953,-6.2,0,0,2.4
1/18/1953,-3.7,0,0,2.59
1/19/1953,-3.2,0,0,2.49
1/20/1953,-3.3,0,0,2.4
1/21/1953,-4.3,0,0,2.4
1/22/1953,-4.1,0,0,2.4
1/23/1953,-4,0,0,2.4
1/24/1953,-4.2,0,0,2.3
1/25/1953,-1.3,6.2,13.5,2.4
1/26/1953,-0.9,0,0,2.59
1/27/1953,-3,0,0,2.3
1/28/1953,1.9,0,0,2.3
1/29/1953,1.4,0,0,2.4
1/30/1953,0.2,0,0,2.4
1/31/1953,1.8,7,14,2.49
2/1/1953,-0.2,5.5,23.5,2.3
2/2/1953,-0.9,10.2,9.7,2.3
2/3/1953,-1.6,1,0,2.2
2/4/1953,-4.2,0,0,2.1
2/5/1953,-3,6,2.8,2.1
2/6/1953,-1.2,0.5,0.7,2.2
2/7/1953,-5.1,3.3,1,1.91
2/8/1953,-6.3,0,0,1.72
2/9/1953,-1.6,2.3,4.5,1.72
2/10/1953,1,0.1,1.9,2.1
2/11/1953,0.7,4,0.3,2.3
2/12/1953,-0.1,1.2,0.4,2.2
2/13/1953,-0.1,0,0,2.1
2/14/1953,-2.2,0,0,2.1
2/15/1953,-2.4,0,0,2
2/16/1953,-2.5,0,0.2,2.1
2/17/1953,-5.8,0,0,2.1
2/18/1953,-1.3,0,0,2
2/19/1953,0.5,0,0,2.1
2/20/1953,3.3,0,0,2.1
2/21/1953,2.2,0,0,2.1
2/22/1953,1.2,0,0,2.3
2/23/1953,0.4,0,0,2.59
2/24/1953,0,0,0,2.98
2/25/1953,0.3,0,0,3.31
2/26/1953,-0.6,0,0,3.52
2/27/1953,-0.1,0,0,3.88
2/28/1953,1.2,0,0,4.22
3/1/1953,1.2,0,0,4.36
3/2/1953,0.9,0,0,4.22
3/3/1953,2,0,0,4.22
3/4/1953,3.4,0,0,4.49
3/5/1953,5.1,0,0,5.02
3/6/1953,2.1,0,0,5.29
3/7/1953,6.4,0.2,3,5.72
3/8/1953,1.2,0,0,5.72
3/9/1953,-0.3,0,0,5.29
3/10/1953,0.9,0,0,5.16
3/11/1953,0.9,3,1.9,5.29
3/12/1953,0.9,0,0,4.89
3/13/1953,1.8,0,0,4.62
3/14/1953,0.5,0,0,4.49
3/15/1953,1.8,0,0,4.22
3/16/1953,5.3,0,0,4.22
3/17/1953,5.7,0,0,4.49
3/18/1953,6.7,0,0,4.62
3/19/1953,6.7,0,0,5.72
3/20/1953,8,0,0,6.81
3/21/1953,7.1,0,0,7.83
3/22/1953,8.4,0,0,8.9
3/23/1953,9.1,0,0,10.2
3/24/1953,9.1,0,0,11
3/25/1953,9.4,0,0,11.9
3/26/1953,10.3,0.1,1.7,12.4
3/27/1953,7.9,0.1,0,12.6
3/28/1953,8,0,0,11.9
3/29/1953,9.6,0,0,12.4
3/30/1953,9.7,0.1,0.1,14.3
3/31/1953,10.6,0.5,0.5,15.7
4/1/1953,9.8,0,0,15.2
4/2/1953,12.3,0,0,16.2
4/3/1953,13.7,0,0,17.3
4/4/1953,13.5,1.5,1.9,18.3
4/5/1953,9.3,0,0,18.3
4/6/1953,8.7,4,0.6,15.4
4/7/1953,8.1,0,0,14
4/8/1953,10.1,1.5,0,13.6
4/9/1953,8.7,25.2,17.7,15.2
4/10/1953,4.3,18.1,18.1,17.3
4/11/1953,7.6,0,0,14.7
4/12/1953,11.2,0,0,14.5
4/13/1953,7.3,13.2,6.9,15.2
4/14/1953,2.8,16.5,12.2,14
4/15/1953,0.9,11.1,10.8,12.8
4/16/1953,3.2,1.5,0,12.2
4/17/1953,6,0,0,12.2
4/18/1953,10,0,0,12.8
4/19/1953,11.9,0,0,14.3
4/20/1953,13.2,0,0,16
4/21/1953,12.2,0,0,17.3
4/22/1953,12.7,0,0,18.3
4/23/1953,12.1,2,4,19.4
4/24/1953,11.5,0.3,0.5,19.9
4/25/1953,12.1,0.1,0,19.6
4/26/1953,12.1,0,0,19.9
4/27/1953,10.6,7.1,10.4,21.6
4/28/1953,8.6,4.1,6,22.7
4/29/1953,8.5,0,0,18.3
4/30/1953,10.9,0,0,16.2
5/1/1953,13.7,0,0.3,17.3
5/2/1953,11.1,0,0,18.3
5/3/1953,14.2,0,0,19.4
5/4/1953,15.4,0,0,22.4
5/5/1953,17,0,0,23.8
5/6/1953,13.1,0,0,23.2
5/7/1953,6.9,0,1.2,20.5
5/8/1953,6.9,0,1.4,17
5/9/1953,6,1.2,1.5,14.7
5/10/1953,4.9,2.5,0,12.4
5/11/1953,7.9,0,0,11.5
5/12/1953,10.5,0,2.6,11.2
5/13/1953,12.9,0,0,11.2
5/14/1953,10.7,4.5,2.7,13
5/15/1953,13.4,0,0,14.5
5/16/1953,18,0,0,19.9
5/17/1953,19,0,0,26.9
5/18/1953,18.2,1.2,0,35.5
5/19/1953,19.5,0,0,43
5/20/1953,19.6,0,0,45.4
5/21/1953,20.5,0,0.3,48.6
5/22/1953,17.5,1,1.2,47.8
5/23/1953,16.9,6.2,5.2,48.2
5/24/1953,18.8,0,0,46.1
5/25/1953,20.5,0,0,47.5
5/26/1953,20.2,0.2,0,48.6
5/27/1953,18.7,35.4,19.9,48.2
5/28/1953,9.2,18.2,25.4,70.8
5/29/1953,12,3.2,2.6,41.3
5/30/1953,9.3,28.5,25,36.5
5/31/1953,7.6,4.2,1.8,31.9
6/1/1953,9.7,9.2,4.4,25.7
6/2/1953,5.7,3,3.2,23.5
6/3/1953,8.7,1,0,20.5
6/4/1953,10.9,0,0,19.1
6/5/1953,12.7,0,0,18.8
6/6/1953,14.6,0,0,19.4
6/7/1953,17.4,1.5,5.9,22.4
6/8/1953,17,2,3.6,31.3
6/9/1953,15.7,5.5,10.1,38.8
6/10/1953,11.5,16.5,28,44
6/11/1953,11.9,1.2,0.2,54
6/12/1953,13.9,1.6,3.2,37.9
6/13/1953,14.3,2,2.8,33.6
6/14/1953,14.2,6.2,5.8,32.3
6/15/1953,14.7,20.2,11.6,33.2
6/16/1953,14.9,17.5,7.5,47.8
6/17/1953,14.6,13.1,8.9,45.4
6/18/1953,12.1,4.1,3.6,54.8
6/19/1953,14.9,0,0,45
6/20/1953,17.1,0,0,38.5
6/21/1953,17,0.2,2.8,36.8
6/22/1953,17.1,6.1,2.6,40.2
6/23/1953,14.7,11,6.1,41.6
6/24/1953,13.9,17,23.5,47.6
6/25/1953,12.6,22.2,16,57.1
6/26/1953,13.9,24.2,15.3,90.9
6/27/1953,16,2.4,4.5,78.3
6/28/1953,18.2,0,0,63.2
6/29/1953,17.4,1,0,60.5
6/30/1953,19.8,2.1,2.2,62
7/1/1953,18.2,18,13.2,64.3
7/2/1953,18,4.2,2.1,74.6
7/3/1953,18.4,2.2,3.3,62.4
7/4/1953,18.6,2.5,2.1,63.5
7/5/1953,17.2,9.5,2.3,63.2
7/6/1953,18.4,10.7,8.7,60.5
7/7/1953,20.9,0,0,67.8
7/8/1953,21.2,0,0,64.3
7/9/1953,17.3,9.3,5,59.7
7/10/1953,12.4,10.8,6,56.7
7/11/1953,14.5,0,0,43.2
7/12/1953,16.7,5.4,2.5,34.6
7/13/1953,15.4,0.2,0.2,34.6
7/14/1953,17.1,0,0,32.4
7/15/1953,17.7,0,0,33.7
7/16/1953,16.7,0,0,35
7/17/1953,19.7,3.6,5,42.6
7/18/1953,17.1,35.2,20.3,61.6
7/19/1953,15.4,0.8,4.5,73.7
7/20/1953,17.6,0,0,45.4
7/21/1953,19.9,0,0,42.6
7/22/1953,21.6,1.5,0,48.4
7/23/1953,16.9,15.4,15.2,53.7
7/24/1953,16.5,0,0,51.2
7/25/1953,20.6,0,0,44.4
7/26/1953,22.3,1.6,0.2,48
7/27/1953,19.3,0,0,48.4
7/28/1953,18.4,1,1.7,42.9
7/29/1953,23.2,24.2,13.8,43.2
7/30/1953,17,9.1,10.9,53
7/31/1953,15.4,6.4,3.4,41.8
8/1/1953,17.5,5.5,3.7,45.8
8/2/1953,15.3,14.5,8.3,45.1
8/3/1953,13.6,5.5,3.8,50.1
8/4/1953,13.8,0,0,35.6
8/5/1953,16.2,0,0,31.8
8/6/1953,18.2,0,0,33
8/7/1953,16,0,0,36.9
8/8/1953,18,0,0,35
8/9/1953,17.5,0,0,36.3
8/10/1953,19,0,0,37.2
8/11/1953,21.2,0,0,37.6
8/12/1953,23.2,0,0,41.5
8/13/1953,22.7,0,0,46.5
8/14/1953,19.5,5.4,3.7,46.5
8/15/1953,19.2,1.2,0,42.9
8/16/1953,17.2,11.5,10.2,44.4
8/17/1953,18.4,0,0,38.2
8/18/1953,18.7,0,0,32.4
8/19/1953,18.8,0,0,31.5
8/20/1953,19.5,0,0,30.8
8/21/1953,16.2,12.1,9.7,34.3
8/22/1953,11.9,3.2,5,30.8
8/23/1953,13.6,0,0,22.3
8/24/1953,15.8,1.6,1.2,21.7
8/25/1953,16.5,0,0,26.3
8/26/1953,15.6,0,0,24.8
8/27/1953,14.6,0,0,23.4
8/28/1953,14,0,0,19.5
8/29/1953,16.1,0,0,19.5
8/30/1953,17.8,0,0,22.8
8/31/1953,20,0,0,26
9/1/1953,19.9,0,0,25.7
9/2/1953,20.2,0,0,27.5
9/3/1953,19.8,0,0,30.2
9/4/1953,19.3,0,0,27.2
9/5/1953,18.4,0,0,26.9
9/6/1953,17.3,0,0,25.1
9/7/1953,17.3,0,0,25.4
9/8/1953,19,0,0,26.6
9/9/1953,19,0,0,26.3
9/10/1953,14,13.1,10.5,22.8
9/11/1953,9.2,0,0.9,18.4
9/12/1953,13.6,0,0,13.6
9/13/1953,14.2,0,0,13.8
9/14/1953,12.9,0,0,13.4
9/15/1953,15.1,0,0,13.6
9/16/1953,14.8,2.2,0.1,14.9
9/17/1953,15.5,0,0,14.5
9/18/1953,16.3,0,0,15.6
9/19/1953,14,18.2,11.4,21.7
9/20/1953,11.9,4.2,3.4,19.2
9/21/1953,12.5,14.2,10,14.7
9/22/1953,11.1,0,0,17.9
9/23/1953,12.1,14.3,9,11.4
9/24/1953,11.5,6,3.9,15.6
9/25/1953,12.7,0,0.5,14.5
9/26/1953,12.5,0.1,0,14.2
9/27/1953,15,1.5,2.5,20.1
9/28/1953,13.2,20.2,25.5,37.6
9/29/1953,9.4,4.1,0.2,30.5
9/30/1953,10.9,0,0,20.4
10/1/1953,12,0,0,16.6
10/2/1953,11.6,0,0,15.2
10/3/1953,13.4,2.8,3.6,13.8
10/4/1953,13.4,3.2,5,16.4
10/5/1953,12,0,0,15.4
10/6/1953,9.9,0,0,11.4
10/7/1953,8.5,0,0,9.64
10/8/1953,6.9,0,0,8.8
10/9/1953,6.2,0,0,8.08
10/10/1953,7,0,0,7.54
10/11/1953,7.7,0,0,7.36
10/12/1953,8.2,0,0,7
10/13/1953,11.9,0,0,7.36
10/14/1953,12.5,0,0,9.01
10/15/1953,12.9,1.6,5,14
10/16/1953,12.6,2.1,5.1,13.8
10/17/1953,12.9,0.5,1.5,12
10/18/1953,12.9,7.2,18,17.2
10/19/1953,13.1,0.1,1.1,44
10/20/1953,13.3,0,0,22.3
10/21/1953,12.8,0,0,15.4
10/22/1953,10.4,0,0,12.3
10/23/1953,10.5,0,0,10.3
10/24/1953,10.2,0.4,0.4,8.8
10/25/1953,10.5,2.2,4.9,9.01
10/26/1953,10.2,2,0.8,10.1
10/27/1953,9.8,5.1,9.2,9.64
10/28/1953,11.6,2,2.3,14.2
10/29/1953,4.4,35.1,43.4,12.3
10/30/1953,4.4,0,0,11.8
10/31/1953,4.3,0,0,10.3
11/1/1953,8.3,0,0,9.22
11/2/1953,5.8,8.2,3.2,9.22
11/3/1953,4.9,4.2,1.6,9.01
11/4/1953,5.6,1.1,1.7,8.44
11/5/1953,7.2,8.2,5.2,8.62
11/6/1953,5,13.5,9.9,10.5
11/7/1953,4.1,0,0,9.22
11/8/1953,2.9,0,0,8.62
11/9/1953,3.5,0,0,8.44
11/10/1953,3.8,0,0,8.08
11/11/1953,2.9,0,0,7.9
11/12/1953,3.1,0,0,7.36
11/13/1953,2.5,0,0,7
11/14/1953,1.3,0,0,6.84
11/15/1953,2.7,0,0,6.69
11/16/1953,2.9,0,0,6.22
11/17/1953,2.9,0,0,6.22
11/18/1953,2.4,0,0,6.07
11/19/1953,2.4,0,0,5.76
11/20/1953,2.6,0,0,5.45
11/21/1953,1.4,0,0,5.32
11/22/1953,1,0,0,5.04
11/23/1953,1.3,0,0,4.77
11/24/1953,1.2,0,0,4.63
11/25/1953,0.9,0,0,4.37
11/26/1953,1,0,0,4.25
11/27/1953,6.6,0,0,4.25
11/28/1953,3.5,0,0,4.13
11/29/1953,3.5,0,0,4.02
11/30/1953,4.9,0,0,3.91
12/1/1953,5.1,0,0,3.91
12/2/1953,4,0,0,3.71
12/3/1953,5.2,0,0,3.71
12/4/1953,5.2,0,0,3.61
12/5/1953,5,0,0,3.51
12/6/1953,5,0,0,3.61
12/7/1953,2.5,0,0,3.51
12/8/1953,2,0,0,3.31
12/9/1953,3.5,0,0,3.31
12/10/1953,5.2,0,0,3.21
12/11/1953,4.1,0,0,3.11
12/12/1953,1.9,0,0,3.01
12/13/1953,1,0,0,2.91
12/14/1953,2.2,0,0,2.81
12/15/1953,3.2,0,0,2.81
12/16/1953,1.8,0,0,2.71
12/17/1953,1.1,0,0,2.71
12/18/1953,0.6,0,0,2.61
12/19/1953,3.3,18.2,15.2,2.61
12/20/1953,4,6.1,2.5,3.51
12/21/1953,2,0.1,0,3.11
12/22/1953,1.8,0,0,2.71
12/23/1953,1.6,0,0,2.51
12/24/1953,1.3,0,0,2.51
12/25/1953,2.4,3.1,1.6,2.41
12/26/1953,0.9,0,2,2.51
12/27/1953,1.5,4.1,2,2.51
12/28/1953,0.7,11,9,2.41
12/29/1953,0.7,11,17.3,2.41
12/30/1953,-3.4,2.2,1.1,2.41
12/31/1953,-4.4,0.1,0.2,2.31
1/1/1954,-5.5,0,0,2.11
1/2/1954,-8.4,0,0,2.21
1/3/1954,-5.8,5.2,3.5,2.31
1/4/1954,-6.1,0.1,2.3,2.31
1/5/1954,-4.4,0,1.2,2.31
1/6/1954,-4.7,1,0.5,2.31
1/7/1954,-5.1,2.2,2,2.31
1/8/1954,-7.2,1.2,0.4,2.31
1/9/1954,-6.4,14,14,2.31
1/10/1954,-1.2,12.5,18.3,2.41
1/11/1954,0.2,60,36.8,2.41
1/12/1954,1.5,0,0,2.31
1/13/1954,-0.1,12.8,6.6,2.11
1/14/1954,1.7,12.5,9.7,2.31
1/15/1954,2.2,34.3,22.5,2.81
1/16/1954,3.6,1.3,0,5.32
1/17/1954,5.3,0,2.1,4.77
1/18/1954,0.5,0,0,4.02
1/19/1954,-1.6,0,0,3.51
1/20/1954,1.9,0,0,3.41
1/21/1954,2.2,14.2,8.5,3.41
1/22/1954,2.2,1,1,4.91
1/23/1954,-0.2,0,0,4.13
1/24/1954,-3.7,0,0,3.61
1/25/1954,-5.7,0,0,3.01
1/26/1954,-2.9,0,0,3.01
1/27/1954,-4.7,1,0.2,3.01
1/28/1954,-2.4,0,0,3.01
1/29/1954,0,0,0,3.01
1/30/1954,-3.2,7.2,3,2.91
1/31/1954,-9.6,0.1,0,2.71
2/1/1954,-9.2,0.1,0,2.31
2/2/1954,-9.7,0.5,0,2.31
2/3/1954,-9.1,0,0,2.31
2/4/1954,-8.1,0,0,2.31
2/5/1954,-8.1,0,0,2.31
2/6/1954,-4.9,0,0,2.31
2/7/1954,-4.2,0,0,2.31
2/8/1954,-4,2,1,2.31
2/9/1954,-1,27.5,18.9,2.31
2/10/1954,1.7,2.6,1.4,2.31
2/11/1954,2.7,5.1,6.8,2.31
2/12/1954,2.5,1,0,2.21
2/13/1954,1.4,0,0,1.91
2/14/1954,1.9,0,0,1.81
2/15/1954,1.8,0,0,1.81
2/16/1954,1.2,0.2,0,1.81
2/17/1954,0,0,1.1,1.81
2/18/1954,-0.3,0,0,1.71
2/19/1954,-0.8,0,0,1.71
2/20/1954,0.9,3.6,1.7,2.01
2/21/1954,2.1,0,0,2.11
2/22/1954,0,0,0,2.21
2/23/1954,0.6,0,0,2.31
2/24/1954,2.2,0,0,2.41
2/25/1954,4.2,0,0,2.51
2/26/1954,2.6,16,8.8,2.61
2/27/1954,3.2,8.1,2.5,2.71
2/28/1954,3.3,5.1,5,2.91
3/1/1954,2.3,1.5,0.5,2.91
3/2/1954,3,0,0,2.71
3/3/1954,3.4,2.1,0.6,2.91
3/4/1954,4.4,0.2,0.5,2.91
3/5/1954,1.8,2.2,4.5,2.91
3/6/1954,0.3,0,0,2.81
3/7/1954,0.3,0,0,2.61
3/8/1954,2.5,0,0,2.61
3/9/1954,3.9,0,0,2.91
3/10/1954,3.8,0,0,3.11
3/11/1954,5.1,0,0,3.41
3/12/1954,4.2,0.5,0,3.61
3/13/1954,5.1,0,0,3.71
3/14/1954,7.7,0,0,4.37
3/15/1954,8.6,0,0,5.45
3/16/1954,7.7,0,0,7
3/17/1954,7,0,0,7
3/18/1954,8.8,0,0,6.69
3/19/1954,6.5,3.5,3,7.54
3/20/1954,7.4,4.2,1.5,7.54
3/21/1954,7.4,0.1,0,7.54
3/22/1954,7.4,0,0,7.72
3/23/1954,10.5,8.3,8.7,8.44
3/24/1954,6.1,0,0,9.22
3/25/1954,6.9,0,0,7.72
3/26/1954,9,0,0,7.72
3/27/1954,5.8,0,0,8.08
3/28/1954,6.5,0,0,6.84
3/29/1954,6.9,0,0,7.18
3/30/1954,7.9,0,0,6.69
3/31/1954,8.3,7.1,6.5,7.36
4/1/1954,7.2,32.1,30,9.64
4/2/1954,4.7,20,12.2,13.6
4/3/1954,10.5,0,0,15.2
4/4/1954,12.7,0.1,0,17.2
4/5/1954,7.9,18.5,13.4,20.1
4/6/1954,2.2,5.1,4.5,18.7
4/7/1954,4,0,0,13.6
4/8/1954,5.8,0,0,11.6
4/9/1954,5.7,5,6,11.2
4/10/1954,4.2,0,0,10.3
4/11/1954,6.3,0,0,9.01
4/12/1954,6.8,0,0,9.22
4/13/1954,7.8,0,0,10.1
4/14/1954,8.4,0,0,10.1
4/15/1954,6,12.5,19.6,10.1
4/16/1954,0.5,16,12,9.43
4/17/1954,0.3,12.2,3.4,8.26
4/18/1954,2.3,0.2,0.1,7.9
4/19/1954,0.5,3.6,4.8,7.36
4/20/1954,2,0.2,1.1,6.69
4/21/1954,3.9,0,0,6.38
4/22/1954,6.3,0,0,6.69
4/23/1954,8.3,0,0,8.26
4/24/1954,11.1,0,0,10.5
4/25/1954,9.7,22.2,13.3,11.4
4/26/1954,9.2,2,4.3,14
4/27/1954,8.2,0.1,0.2,12.7
4/28/1954,8,4.2,4.6,11.8
4/29/1954,10.6,1.1,1,13.1
4/30/1954,8.5,2.1,3.5,14.9
5/1/1954,10.4,1,0,14.7
5/2/1954,10.1,3,3.3,17.2
5/3/1954,4.6,8.3,7.5,18.4
5/4/1954,6.4,4.1,7,14.5
5/5/1954,6.1,1,1.1,12.5
5/6/1954,10.6,2,2.3,11.8
5/7/1954,6.7,0.1,0.6,13.1
5/8/1954,10,0,0,12.7
5/9/1954,11.8,0,0,15.9
5/10/1954,15.6,0,0,22.8
5/11/1954,15.6,0,0.5,29.9
5/12/1954,15.1,0,0,33
5/13/1954,14.9,0,0,35.6
5/14/1954,14.5,0,0,34.6
5/15/1954,12,0,0,31.8
5/16/1954,13.2,0,0,31.8
5/17/1954,12.8,19.2,21.9,35
5/18/1954,9,8,7.2,40.9
5/19/1954,6.1,2.2,1.5,31.5
5/20/1954,7.1,0,0.2,24.8
5/21/1954,6.8,11.8,9.1,22
5/22/1954,8.1,7.2,8,19
5/23/1954,7.5,13,11.1,19
5/24/1954,9.1,0,0,19.8
5/25/1954,13.7,0,0,19
5/26/1954,16.2,0,0,21.7
5/27/1954,17.5,0,0,28.7
5/28/1954,16.8,0.5,0,36.6
5/29/1954,12.1,3.4,2.2,38.6
5/30/1954,14,0,0,34.3
5/31/1954,12.6,10.8,6.1,29.9
6/1/1954,12,0.6,0,27.5
6/2/1954,12.9,3.2,0.8,26.3
6/3/1954,13.9,5.5,3.1,28.1
6/4/1954,13.4,8.2,7.5,32.1
6/5/1954,14.9,5.1,2.6,36.6
6/6/1954,9.6,10.1,10.1,40.6
6/7/1954,12.9,0,0,34.6
6/8/1954,17,0,0,33.4
6/9/1954,17.2,7.1,5.9,39.6
6/10/1954,13.3,3,2.1,44.8
6/11/1954,12.6,2.1,2,34
6/12/1954,15,0.1,0,29.6
6/13/1954,12.9,3,2.8,31.5
6/14/1954,13.5,1.5,1.7,33.9
6/15/1954,15,0,0.1,36
6/16/1954,13.2,3.5,3.8,34.6
6/17/1954,15.7,0.1,0,39.5
6/18/1954,17.6,0,0,39.4
6/19/1954,19.6,0,0,44.4
6/20/1954,21.6,0,0,50.3
6/21/1954,20,3.6,24.8,56.1
6/22/1954,19.1,2.2,2.1,67.2
6/23/1954,17.3,4.1,1.9,62
6/24/1954,19.7,0,0,55.4
6/25/1954,18.5,0,0,51.6
6/26/1954,19.9,0,0,50.8
6/27/1954,16.7,18.2,9.4,51.6
6/28/1954,11.9,1.5,0.4,50.8
6/29/1954,12.4,0.1,0,34.4
6/30/1954,14.2,23.5,22.8,30.2
7/1/1954,9.7,51,36.9,61
7/2/1954,11.3,3.2,2.6,63.1
7/3/1954,14.7,0,0,48.2
7/4/1954,14.6,14.5,11.1,46.7
7/5/1954,13.6,0,0.3,52.7
7/6/1954,14,5.5,0.7,39
7/7/1954,9,15.2,13.1,35.8
7/8/1954,11,0,0,32.9
7/9/1954,12.1,2.1,1.3,29.2
7/10/1954,11.7,2.6,2,25.8
7/11/1954,14.8,3.2,4,28.5
7/12/1954,16.6,22.5,15.8,35.5
7/13/1954,12.4,0.6,0.4,59
7/14/1954,15,3.3,1.2,38.3
7/15/1954,14.2,6.5,12.1,48.2
7/16/1954,16.4,0,0,46.7
7/17/1954,17.6,0,0,39
7/18/1954,19.6,1,0.4,45.6
7/19/1954,14.5,0.5,1.1,40.4
7/20/1954,16,0,0,33.5
7/21/1954,18.5,0,0,34.8
7/22/1954,20.4,0,0,37.6
7/23/1954,19,0,0,38.6
7/24/1954,18.6,0,0,37.6
7/25/1954,20.4,0,0,40.8
7/26/1954,18.4,0,0,41.4
7/27/1954,22.3,0,0,45.6
7/28/1954,20.2,0,0,47.5
7/29/1954,15.8,3.1,0.3,41.1
7/30/1954,13.2,7.1,5.8,31.4
7/31/1954,14.4,2,0.5,27.8
8/1/1954,17,0,0.1,25.8
8/2/1954,20.3,0,0,29.5
8/3/1954,19.7,10.2,4.8,35.8
8/4/1954,18.4,1,7.7,41.8
8/5/1954,19.7,0,0,39.7
8/6/1954,19.6,50,27.6,41.8
8/7/1954,16.5,0,0,62.8
8/8/1954,15.5,3,0.3,39.7
8/9/1954,15.6,23,19.6,39
8/10/1954,15.1,0,0.4,56.1
8/11/1954,14,0,0,31.7
8/12/1954,14.9,0.1,0,26.8
8/13/1954,18,0.1,0,30.5
8/14/1954,17.7,8.9,7.5,41.1
8/15/1954,13.9,10.2,13.6,50.7
8/16/1954,11.6,1,0.6,33.5
8/17/1954,14.4,0,0,25.2
8/18/1954,17,12,15.7,24.6
8/19/1954,17.1,4,1.6,42.2
8/20/1954,16.5,2,1.3,34.1
8/21/1954,13.4,67.7,75.5,59
8/22/1954,10.2,4.5,1.7,106
8/23/1954,11.1,2.1,2.9,51.9
8/24/1954,11.6,4.5,3.7,37.9
8/25/1954,10.5,6.1,6.3,32.6
8/26/1954,12.4,2.1,2.1,31.9
8/27/1954,14.4,0,0,29.7
8/28/1954,14.7,2.2,0.1,28.4
8/29/1954,17.2,0,0,27.5
8/30/1954,16.7,0,0,26.3
8/31/1954,18.1,0,0,28.1
9/1/1954,19.8,0,0,32.2
9/2/1954,17.5,2,2.5,35.5
9/3/1954,17.8,0,0.1,33.2
9/4/1954,18.7,0,0,30.6
9/5/1954,16.3,14.6,10.1,29.1
9/6/1954,16.3,0,0,30
9/7/1954,17,9.1,10.5,30
9/8/1954,15.3,1.1,2.2,31.6
9/9/1954,15.9,0,0,26.3
9/10/1954,16.7,0,0,25
9/11/1954,17.5,0.2,0.7,27.2
9/12/1954,13.5,10.2,8.9,33.2
9/13/1954,13.9,0.1,0,29.7
9/14/1954,14.6,16.2,7.7,26.3
9/15/1954,11.7,9.2,9.2,34.8
9/16/1954,13.2,1,0.4,26.3
9/17/1954,15.5,0.5,0,26.9
9/18/1954,15,0,0,25.7
9/19/1954,16.6,6.1,8.2,23.5
9/20/1954,15.4,20.2,11.1,30.6
9/21/1954,12.2,0,1.5,31
9/22/1954,10,0,0,21.6
9/23/1954,8.9,0,0,17.8
9/24/1954,9.3,0,0,15
9/25/1954,11.5,7.4,5.1,16.4
9/26/1954,11.7,11.2,8.6,15.2
9/27/1954,12.6,45.1,31.2,20.4
9/28/1954,12.1,26.5,28.3,52
9/29/1954,7.2,5.5,8.5,53.8
9/30/1954,6.8,7.5,7.2,30.3
10/1/1954,8.5,4.5,2,33.9
10/2/1954,10.7,0,0,29.7
10/3/1954,10.9,0,0,24.7
10/4/1954,10.9,4.1,1.3,21.8
10/5/1954,10.8,0,0,19.4
10/6/1954,11.7,10.1,26,18.3
10/7/1954,6.8,7.9,7.8,27.8
10/8/1954,6.9,0,0,21.3
10/9/1954,7,0,0,18.6
10/10/1954,4.7,0,0,16.2
10/11/1954,7.6,0,0,15
10/12/1954,7,0,0,14
10/13/1954,6.4,0,0,13.3
10/14/1954,7,0,0,12.8
10/15/1954,7.8,0,0,12.4
10/16/1954,8.7,0,0,12.4
10/17/1954,9.7,0,0,10.8
10/18/1954,10.7,0,0,10.4
10/19/1954,13.4,11.2,5.4,10.2
10/20/1954,12.1,3,2.4,18.6
10/21/1954,9.6,5.1,4.1,13.8
10/22/1954,8.7,0,0,12.2
10/23/1954,8.2,0,0,8.9
10/24/1954,10.1,6.5,7.1,7.66
10/25/1954,8.2,0.1,0,10.4
10/26/1954,6.8,1,5.1,6.81
10/27/1954,8.9,35.5,25.5,20.1
10/28/1954,12.4,0,0,98.6
10/29/1954,9,0,0,51.4
10/30/1954,11.4,9,6,29.4
10/31/1954,7.8,0,1.5,23.4
11/1/1954,6.4,0,0,15.4
11/2/1954,6.5,0,0,11.6
11/3/1954,9.1,4.5,3.2,10.2
11/4/1954,7.1,0,0,10.4
11/5/1954,5,0,0,9.63
11/6/1954,6.6,0,0,9.08
11/7/1954,9.7,4.6,3.6,9.08
11/8/1954,10,1.5,0.8,8.89
11/9/1954,9.6,9.1,1.7,8.89
11/10/1954,6.7,0.1,0.2,8.52
11/11/1954,6.4,0.1,0,7.82
11/12/1954,3.9,0,0,7.32
11/13/1954,7.7,0,0,6.83
11/14/1954,7.1,0,0,6.5
11/15/1954,3.9,0.1,2.7,6.21
11/16/1954,0.6,0.1,0,5.62
11/17/1954,-2,0,0,5.04
11/18/1954,1.2,0,0,5.04
11/19/1954,1.1,0,0,4.92
11/20/1954,-2.4,0,0,4.92
11/21/1954,-1.9,0,0,4.79
11/22/1954,1.4,0,0,4.66
11/23/1954,3.7,0,0,4.66
11/24/1954,4.8,0,0,4.54
11/25/1954,4.2,0,0,4.54
11/26/1954,6.2,2.5,0,4.54
11/27/1954,6.9,1.5,0.9,4.54
11/28/1954,5.8,20.5,21.8,4.66
11/29/1954,4.6,0.1,1.6,5.92
11/30/1954,6.1,17.1,19,6.21
12/1/1954,5.7,0,0,7.98
12/2/1954,3.1,0,0,6.5
12/3/1954,2.4,0.2,0,5.62
12/4/1954,2.4,3.8,2.3,5.33
12/5/1954,3.9,0.7,7.8,5.33
12/6/1954,3.5,0,0.2,5.04
12/7/1954,2.2,11.2,12.3,5.04
12/8/1954,2.1,0,0,4.79
12/9/1954,5.5,11.2,9.2,5.18
12/10/1954,2.2,20.1,36.7,6.21
12/11/1954,2.2,0,0.2,5.92
12/12/1954,0.9,5,7.8,5.33
12/13/1954,0.2,1,2.5,5.18
12/14/1954,2.3,6.2,0,5.62
12/15/1954,3.3,1.5,0,5.33
12/16/1954,2.2,0,0,5.18
12/17/1954,0.6,0,0,4.92
12/18/1954,0,0,0,4.79
12/19/1954,-0.6,0,0,4.54
12/20/1954,0.3,0,0,4.66
12/21/1954,0.9,0,0,4.79
12/22/1954,4.7,42.1,56,4.79
12/23/1954,6.2,20.2,53.7,8.52
12/24/1954,0.6,1,0.6,7.66
12/25/1954,0.9,18.1,13.2,6.21
12/26/1954,4.7,1.5,1.6,5.92
12/27/1954,2.8,0,0,5.92
12/28/1954,1.6,0,0,5.62
12/29/1954,0.2,0,0,5.33
12/30/1954,-0.6,0,0,5.18
12/31/1954,-1.2,0,0,5.33
1/1/1955,-1.8,1,0,5.04
1/2/1955,-3.7,1,0.4,5.04
1/3/1955,-2.7,0,0,5.04
1/4/1955,-1.4,0,0,4.92
1/5/1955,-1.2,0,0,4.79
1/6/1955,-0.4,0,0,4.79
1/7/1955,-1,0,0,4.92
1/8/1955,-1.9,0,0,4.66
1/9/1955,0.2,0,0,4.54
1/10/1955,-0.9,2.2,3,4.54
1/11/1955,3.5,27.2,22.8,5.48
1/12/1955,6.6,30.1,29,15.4
1/13/1955,4.7,20,21.1,23.7
1/14/1955,7,17.2,12.9,26
1/15/1955,5.3,1.5,4,27
1/16/1955,5.2,9.1,14.7,22
1/17/1955,1.2,14.5,7.8,18.6
1/18/1955,-0.9,15.5,10.8,14.4
1/19/1955,-5.7,0,0,11.8
1/20/1955,-0.6,0.1,0,10.8
1/21/1955,1.7,4.1,2.9,9.82
1/22/1955,3.7,3,2.8,9.63
1/23/1955,3.5,0,0,9.26
1/24/1955,2.7,0,0,8.52
1/25/1955,-0.3,0,0,7.98
1/26/1955,-1.2,0,0,7.49
1/27/1955,-0.4,0,0,7.32
1/28/1955,0,0,0,7.16
1/29/1955,0.2,0,0,6.83
1/30/1955,0.6,0,0,6.66
1/31/1955,2.9,0.1,0,6.21
2/1/1955,4.4,0,0,6.21
2/2/1955,3.7,0,0,6.06
2/3/1955,2.5,1.5,2.6,5.92
2/4/1955,3.9,5.5,5.1,5.62
2/5/1955,4.4,0.6,1.5,5.48
2/6/1955,1.2,16.4,14.8,5.33
2/7/1955,1.5,31.1,19,4.92
2/8/1955,5.5,34.2,34.9,12.1
2/9/1955,3.8,2.1,1.4,22.2
2/10/1955,1.6,13,7.7,12.4
2/11/1955,-2.1,0,0,9.82
2/12/1955,-2,3,3,8.7
2/13/1955,-1.1,3,5.2,8.15
2/14/1955,-4.6,1.1,0.3,7.49
2/15/1955,-2.2,0,0,7
2/16/1955,-0.7,0,0,6.5
2/17/1955,-0.6,26,16.8,6.21
2/18/1955,-1.9,5,2.2,5.92
2/19/1955,-2.6,2,0,5.48
2/20/1955,-3.2,0.3,4.1,5.33
2/21/1955,-2,8.5,2.3,5.04
2/22/1955,2.3,0.1,0,4.92
2/23/1955,2.1,0,0,4.79
2/24/1955,2.7,0,0,4.66
2/25/1955,0.9,0,0,4.66
2/26/1955,1.7,0,0,4.54
2/27/1955,0,0,0.6,4.54
2/28/1955,-2.5,0,0,4.41
3/1/1955,-1.5,0,0,4.28
3/2/1955,-2.3,0,0,4.28
3/3/1955,-1.9,0,0,4.16
3/4/1955,0,0,0.1,4.28
3/5/1955,-0.6,1,0,4.54
3/6/1955,-3.5,0,0,4.28
3/7/1955,-3,0,0,4.54
3/8/1955,-2.6,0,0,4.54
3/9/1955,1,0.1,0.9,4.54
3/10/1955,1.4,0,0,4.41
3/11/1955,-0.7,0.5,0,4.41
3/12/1955,-1,0,0,4.28
3/13/1955,1.1,0,0,4.16
3/14/1955,2.3,0,0,4.16
3/15/1955,2,0,0,4.54
3/16/1955,2.3,0,0,4.66
3/17/1955,2,0.1,1.8,4.79
3/18/1955,-0.9,0,0,4.79
3/19/1955,0.7,0,0,4.79
3/20/1955,3.5,0,0,4.79
3/21/1955,6.4,0,0,4.92
3/22/1955,8,5.1,4,5.62
3/23/1955,8.1,0,0,6.36
3/24/1955,11.2,0,0,8.7
3/25/1955,12.4,0,0,13.3
3/26/1955,11,4.8,5,17.4
3/27/1955,9.3,6.5,3.8,22.3
3/28/1955,5.8,10,4,18.6
3/29/1955,2.3,11.7,5.1,15.4
3/30/1955,2.4,0,0,12.4
3/31/1955,3.3,0,0,10.8
4/1/1955,4,0,0,10
4/2/1955,5.5,0,0,9.26
4/3/1955,7.8,0,0,9.63
4/4/1955,9.2,0.4,0,9.26
4/5/1955,10.5,0,0,9.44
4/6/1955,11.6,0.1,1.7,10.4
4/7/1955,8.1,8.5,11.1,13.8
4/8/1955,8.6,9,10.1,13.1
4/9/1955,10.3,6,9.8,14.7
4/10/1955,9.4,0.5,0,15.2
4/11/1955,7,17.1,14.1,13.8
4/12/1955,7.2,0,0.3,14.2
4/13/1955,7.4,0,0,12
4/14/1955,7.9,0,0,11.2
4/15/1955,3.2,2,1,10
4/16/1955,3.2,2,0.9,9.26
4/17/1955,4.3,0,0,8.52
4/18/1955,7.1,0,0,8.15
4/19/1955,5.7,0,0,8.52
4/20/1955,6.8,0,0,8.89
4/21/1955,8.8,0,0,9.82
4/22/1955,8.7,0,0,11.2
4/23/1955,9.2,0,0,12.6
4/24/1955,11.1,0,0,13.3
4/25/1955,8.9,0,0,14
4/26/1955,12.2,0,0,15.4
4/27/1955,13.4,0,0,16.7
4/28/1955,15.4,0,0,19.6
4/29/1955,16.7,0,0,24.8
4/30/1955,16.5,0,0,29.4
5/1/1955,17.1,0,0,32.2
5/2/1955,12.9,8.2,8.2,32.9
5/3/1955,9.3,0,0,31
5/4/1955,11.9,1.2,0,22
5/5/1955,14.2,0,0,22.3
5/6/1955,15.7,14.2,9.5,27.3
5/7/1955,11.4,0.2,2.5,41.2
5/8/1955,11.9,0,0,29.1
5/9/1955,14.9,0,0,26.7
5/10/1955,13.5,10.2,5.2,28.2
5/11/1955,8,23.5,13.2,33.5
5/12/1955,10.2,0,0,29.8
5/13/1955,14,0,0,25.7
5/14/1955,12.1,6.2,4.9,24
5/15/1955,6.5,8.2,7.1,23.1
5/16/1955,10.1,0,0,20.1
5/17/1955,12.8,14.2,6.4,19.3
5/18/1955,9,5.2,5,22.8
5/19/1955,7.7,0,0,19.3
5/20/1955,9.6,0,0,17
5/21/1955,10,7.3,13.3,15.2
5/22/1955,5.4,1.5,0,14.4
5/23/1955,9.9,0,0,14
5/24/1955,13.9,0,0,14.7
5/25/1955,14.5,6.2,5.6,17.4
5/26/1955,13.9,3.2,0.4,22.8
5/27/1955,11.1,17.1,10.5,29.1
5/28/1955,11.4,4.1,6.3,30.4
5/29/1955,11.2,0.1,0.4,26.7
5/30/1955,12.9,0,0,22.8
5/31/1955,12.2,1,0,22
6/1/1955,12.3,12.2,8.6,21.8
6/2/1955,14.9,0,0,23.1
6/3/1955,14.1,3.5,4.6,22.6
6/4/1955,13.5,13.5,11.1,25.1
6/5/1955,15.5,2.1,3.9,35.4
6/6/1955,18.9,0,0,42.2
6/7/1955,15.8,32.1,29.7,59
6/8/1955,12.9,0.5,1.7,76.4
6/9/1955,12.3,8.5,6.2,49
6/10/1955,11.4,15.5,16.1,38.3
6/11/1955,7.9,4.1,1.5,37
6/12/1955,11.4,7.5,4,29.8
6/13/1955,11.4,4.2,6.7,30.5
6/14/1955,12.9,0,0,28.3
6/15/1955,16.7,0,0,28.6
6/16/1955,18.8,0,0,35.4
6/17/1955,17.5,8.2,8.2,43.1
6/18/1955,19.4,0.1,0.5,50.6
6/19/1955,20,1.2,1.2,55.6
6/20/1955,15.9,14.2,13.2,55.6
6/21/1955,16.6,2,3,56.4
6/22/1955,15.6,3.5,2.3,48.7
6/23/1955,18,0,0,50.6
6/24/1955,19.7,0,0,48.4
6/25/1955,17.4,3.5,6.1,54.8
6/26/1955,16.5,2.2,9,56.8
6/27/1955,16,2,12,52.6
6/28/1955,16.3,5.2,0.5,48.4
6/29/1955,18,0.5,1.3,42.4
6/30/1955,17.7,0.2,0.3,40.7
7/1/1955,18.1,0,0,40
7/2/1955,19,10.1,1,44.8
7/3/1955,17.5,10.2,7.2,49.8
7/4/1955,15.5,13.2,7.8,54.8
7/5/1955,12.8,3.2,3.2,52
7/6/1955,12.9,0.2,0,36.4
7/7/1955,11.1,9.2,9,30.8
7/8/1955,14.7,0,0,26.5
7/9/1955,17.5,0,0,26.8
7/10/1955,18.4,0,1.3,32.4
7/11/1955,16.7,7.2,4,37.7
7/12/1955,17.6,9.2,12.3,43.8
7/13/1955,18,7,16.2,52
7/14/1955,16.6,8.2,6,55.6
7/15/1955,16,0,0.2,48
7/16/1955,19.5,0,0,45.9
7/17/1955,21.6,0,0,52.3
7/18/1955,22.7,4,7.4,56.8
7/19/1955,20.1,14,5.9,69
7/20/1955,16.7,34,16.2,62
7/21/1955,18,8.2,7.1,62
7/22/1955,17.6,6.2,4.8,61.6
7/23/1955,18.2,0,0,50.9
7/24/1955,19.9,0,0,50.2
7/25/1955,18.2,16.2,10.3,50.9
7/26/1955,16,10,8.4,62.2
7/27/1955,15.6,6.2,3.4,59.4
7/28/1955,14.6,18.2,13.4,50.6
7/29/1955,13,23.5,16.7,59.4
7/30/1955,17.8,0,0,54.5
7/31/1955,16.5,1,6.4,48.7
8/1/1955,14.7,13.2,5.2,43.8
8/2/1955,15.4,0,1.2,37.7
8/3/1955,16.6,7.5,4.5,33.7
8/4/1955,13.6,28.2,9.7,47
8/5/1955,15.9,0,0,40
8/6/1955,17.4,0,0,34.7
8/7/1955,14.3,23.2,24.5,34.4
8/8/1955,11.9,0,0,45.9
8/9/1955,12.1,0,0,29.2
8/10/1955,13.3,0,0,25.3
8/11/1955,15.4,2.2,0.6,24.5
8/12/1955,15.5,11.5,7.1,25
8/13/1955,15.2,12.2,8.6,28.6
8/14/1955,15.5,6,4.8,29.5
8/15/1955,15.1,3.9,6.8,28.9
8/16/1955,16,0,0,30.2
8/17/1955,16.7,0,0,27.7
8/18/1955,18.3,0,0,27.7
8/19/1955,19.1,1.6,0.1,29.2
8/20/1955,18.4,0,0,33.4
8/21/1955,19.2,0,0,33.1
8/22/1955,20.2,0,0,32.8
8/23/1955,19.9,0,0,33.1
8/24/1955,18.5,0,1.9,35
8/25/1955,15.8,4.5,8,29.8
8/26/1955,15.2,8.1,4.9,26.2
8/27/1955,14.5,23.5,13.8,30.2
8/28/1955,15.7,8.2,11.7,39
8/29/1955,17.2,0.2,1.7,42.1
8/30/1955,15.2,46.2,47.1,56.8
8/31/1955,15.9,3.5,5.4,81
9/1/1955,14.1,1.5,2.5,50.9
9/2/1955,15.2,0,0,38
9/3/1955,16.9,0.1,0,35
9/4/1955,16.5,7.2,4.5,36
9/5/1955,16.9,4.2,3.9,34.7
9/6/1955,15.3,11.3,6.5,35.7
9/7/1955,16,0,0,34.4
9/8/1955,17,0,0,29.5
9/9/1955,16,11.2,8.5,29.2
9/10/1955,12.9,11.5,12.2,41.1
9/11/1955,13.9,0,0,35
9/12/1955,15.2,0.5,1.9,29.8
9/13/1955,10.8,1.5,0.8,36.4
9/14/1955,9.4,4.2,3.6,26.5
9/15/1955,6,2.2,1.4,22.8
9/16/1955,10.4,0,0.2,19.8
9/17/1955,11.5,0,0,17.6
9/18/1955,12.8,0,0,16.9
9/19/1955,12.1,0,0,16.4
9/20/1955,14.1,0,0.9,16.6
9/21/1955,15.2,0,0,17.4
9/22/1955,14,0,0,16.2
9/23/1955,14.5,0,0,15.6
9/24/1955,12.4,0,0,16.2
9/25/1955,15.6,0,0,16.2
9/26/1955,15.7,4.5,3.6,16.2
9/27/1955,10.2,14.2,7.6,19
9/28/1955,7,8.2,2.9,16.6
9/29/1955,8.1,0,0,14
9/30/1955,7.7,0,0,12.8
10/1/1955,9.2,0,0,12.2
10/2/1955,9,0,0,12
10/3/1955,11,0,0,12
10/4/1955,11.1,10,5.9,11.8
10/5/1955,11.1,1,2.1,13.4
10/6/1955,9.2,8.2,8.7,12.2
10/7/1955,6.3,1,0.4,11.3
10/8/1955,7.3,0,0,10.7
10/9/1955,7.2,0,0,10.1
10/10/1955,8.3,0,0,9.7
10/11/1955,8.2,0,0,9.3
10/12/1955,9.4,0,0,9.1
10/13/1955,11.3,0,0,9.1
10/14/1955,10.7,0,0,8.72
10/15/1955,10.1,0,0,8.9
10/16/1955,10.2,0,0,8.72
10/17/1955,9.6,3.2,3.1,8.19
10/18/1955,5.7,0,0,7.83
10/19/1955,5.7,0,0,7.66
10/20/1955,8.9,0,0,7.48
10/21/1955,9.1,16.2,18,8.9
10/22/1955,6.9,0,0,10.9
10/23/1955,5.8,0,0,8.36
10/24/1955,6.7,3,1,7.83
10/25/1955,6.6,0,0,7.66
10/26/1955,6.3,0,0,7.12
10/27/1955,7.5,0,0,7.12
10/28/1955,7.4,3.1,0.7,6.81
10/29/1955,2.3,0,0,6.5
10/30/1955,3,0,0,6.18
10/31/1955,3,0,0,6.18
11/1/1955,3.7,0,0,6.18
11/2/1955,6.3,0,0,6.18
11/3/1955,6.5,0,0,6.18
11/4/1955,9.7,1,1,6.5
11/5/1955,10,0,0,8.01
11/6/1955,8.9,0,0,7.83
11/7/1955,8.7,0,0,7.3
11/8/1955,8.2,0,0,7.12
11/9/1955,8.4,2.5,1.5,6.66
11/10/1955,8.1,0,0,6.5
11/11/1955,6,0,0,6.18
11/12/1955,4.1,0,0,5.57
11/13/1955,3.8,0,0,4.99
11/14/1955,5,0.1,0.2,4.85
11/15/1955,3.5,0,0,4.58
11/16/1955,-0.1,0,0,4.18
11/17/1955,2,0.1,0,3.93
11/18/1955,1,0,0,3.8
11/19/1955,0.5,0,0,3.56
11/20/1955,0.1,0,0,3.44
11/21/1955,-1,0,0,3.22
11/22/1955,0,0,0,3.12
11/23/1955,1.1,0,0,3.01
11/24/1955,1.7,12.5,11,2.8
11/25/1955,-3.5,2.5,0,2.7
11/26/1955,-5.2,0,0,2.61
11/27/1955,-5.2,0,0,2.61
11/28/1955,-3.9,0,0,2.8
11/29/1955,-2.2,0,0,2.8
11/30/1955,-0.2,0,0,2.9
12/1/1955,1.5,0,0,2.9
12/2/1955,1.5,0,0,2.9
12/3/1955,3.2,2,1.8,2.9
12/4/1955,4.5,6.2,7.8,3.56
12/5/1955,1.4,0,0,3.12
12/6/1955,-0.3,0,0,3.01
12/7/1955,-0.9,0,0,2.9
12/8/1955,1.3,0,0,2.9
12/9/1955,1.1,0,0,2.8
12/10/1955,1.5,9.5,6,2.8
12/11/1955,4.6,11.2,4.1,2.8
12/12/1955,5,1,0.4,3.01
12/13/1955,2.3,0,0,2.9
12/14/1955,3,8.2,3.5,2.8
12/15/1955,5.3,10.2,5,3.01
12/16/1955,4.6,6.5,4.4,3.56
12/17/1955,4.7,10.1,6.6,3.56
12/18/1955,3.8,0,0,3.44
12/19/1955,1,0,0,3.01
12/20/1955,0.3,0,0,2.9
12/21/1955,2.1,0,0,2.8
12/22/1955,1.4,0.5,0,2.9
12/23/1955,3.8,10.1,7.2,2.9
12/24/1955,4,0.4,0.3,2.9
12/25/1955,4.2,3,0,2.9
12/26/1955,2.9,2.6,3,2.7
12/27/1955,3.9,17.5,9.8,2.8
12/28/1955,5.1,15.5,6.4,3.22
12/29/1955,6.4,6.2,6,7.12
12/30/1955,4.8,6.2,13.9,6.81
12/31/1955,-0.2,1.5,0.9,5.14
1/1/1956,0.4,13.5,12.9,4.31
1/2/1956,1.7,0,0,4.05
1/3/1956,1,0,0,3.56
1/4/1956,-1.2,0,0,3.44
1/5/1956,-0.5,0,0,3.33
1/6/1956,0.4,0,0,3.44
1/7/1956,0.4,0,0,3.22
1/8/1956,-2,0,0,2.9
1/9/1956,-0.3,1.2,0,3.01
1/10/1956,-0.7,0,0,3.01
1/11/1956,2.2,0,0,3.01
1/12/1956,3.8,1.5,0,2.9
1/13/1956,2.5,8.2,4.8,2.9
1/14/1956,2,0.1,0,2.9
1/15/1956,2.2,1.2,1.7,2.8
1/16/1956,3.6,0,0,2.8
1/17/1956,2.3,11.1,4,2.7
1/18/1956,5.2,10,8.7,4.44
1/19/1956,3.4,0,0,4.44
1/20/1956,-0.2,0,0,3.56
1/21/1956,1.5,0,0,3.22
1/22/1956,0.8,0,0,3.01
1/23/1956,0.3,2,0,2.8
1/24/1956,2.5,5,4.5,3.01
1/25/1956,0.2,0,0,2.9
1/26/1956,-0.6,27.2,23.2,2.8
1/27/1956,4.8,10.2,11,9.5
1/28/1956,3.2,0.9,3.4,6.81
1/29/1956,1.4,20.4,12.2,5.28
1/30/1956,3.7,0,0,5.28
1/31/1956,-0.3,2.3,8,4.71
2/1/1956,-10.4,2.3,0.9,3.93
2/2/1956,-15.1,0,0,3.68
2/3/1956,-13,0,0,3.68
2/4/1956,-9.9,0,0,3.56
2/5/1956,-7.6,0,0,3.44
2/6/1956,-1.5,0,0.5,3.44
2/7/1956,-5.2,0,0,3.33
2/8/1956,-5.1,5.5,4.5,3.22
2/9/1956,-11.4,4.6,2.9,3.11
2/10/1956,-17.5,0,0,3.01
2/11/1956,-15.1,0,0,3.01
2/12/1956,-12.4,1.2,0.7,2.9
2/13/1956,-10.7,2.2,0.9,2.9
2/14/1956,-11.6,0,1.9,2.9
2/15/1956,-6.7,2.2,0,2.8
2/16/1956,-3.8,1,0,2.7
2/17/1956,-6.1,0,0,2.7
2/18/1956,-7.9,3.5,2.3,2.7
2/19/1956,-8,0.2,0,2.61
2/20/1956,-7.9,0,0,2.61
2/21/1956,-8.1,0,0,2.52
2/22/1956,-5.4,0,0,2.52
2/23/1956,-3.6,0,0,2.52
2/24/1956,-6.7,0,0,2.52
2/25/1956,-3.9,0,0,2.52
2/26/1956,-3.7,0,0,2.52
2/27/1956,-3.9,0,0,2.34
2/28/1956,-1.6,0,0,2.34
2/29/1956,2.8,0.1,0,2.34
3/1/1956,4.2,0,0,2.34
3/2/1956,3.4,10,5.7,2.52
3/3/1956,7.9,11.1,8.7,4.99
3/4/1956,6.5,10.1,6,5.57
3/5/1956,1.7,2.5,7.1,5.57
3/6/1956,0.9,0,1,3.68
3/7/1956,3.1,4.2,3.7,3.22
3/8/1956,0,0,0,2.9
3/9/1956,-1.2,0,0,2.61
3/10/1956,-1.2,0,0,2.7
3/11/1956,-1.5,0,0,2.8
3/12/1956,-3.5,0,0,2.52
3/13/1956,-3.2,0,0,2.43
3/14/1956,-2,0,0,2.34
3/15/1956,1.1,0,0,2.43
3/16/1956,4.3,0,0,2.43
3/17/1956,5.1,0,0,2.7
3/18/1956,7.1,0,0,3.01
3/19/1956,8.3,0,0,3.8
3/20/1956,7.7,0,0,3.93
3/21/1956,10.2,0,0,4.05
3/22/1956,5,23.2,24.4,6.81
3/23/1956,4.8,1,0.6,6.34
3/24/1956,6,0,0,8.54
3/25/1956,7.4,0,0,7.48
3/26/1956,7.9,0.1,0,6.5
3/27/1956,9.7,0,0,7.12
3/28/1956,7.5,0,0,8.19
3/29/1956,10.8,0,0,8.36
3/30/1956,10.6,0.1,0,8.54
3/31/1956,9,2,2.2,9.9
4/1/1956,6.5,25.1,17.5,10.5
4/2/1956,5,0,0.2,10.3
4/3/1956,7.2,0,0,8.54
4/4/1956,5.5,6.2,4,8.72
4/5/1956,2.3,12.2,33.5,8.19
4/6/1956,-1,10.5,10,7.12
4/7/1956,-1.6,0,0,6.5
4/8/1956,0.9,0,0,6.03
4/9/1956,5.3,0,0,6.5
4/10/1956,8.1,0,0,8.19
4/11/1956,9.9,0,0,9.7
4/12/1956,11.2,1.5,0.7,11.3
4/13/1956,10.4,0.5,0,12.8
4/14/1956,9.6,0.1,0,13.3
4/15/1956,12,0,0,14.7
4/16/1956,9.5,15.2,26.2,16.4
4/17/1956,2.6,14.8,19,19
4/18/1956,1,13.2,1.6,14.2
4/19/1956,2,1,0,11.8
4/20/1956,3.9,0,0,10.5
4/21/1956,6.6,1.2,0,10.7
4/22/1956,5.9,7.2,5.1,10.3
4/23/1956,6.3,1.5,1.7,10.5
4/24/1956,8.2,0.2,2,9.7
4/25/1956,8.3,0,0,10.7
4/26/1956,9.6,0,0,11.5
4/27/1956,10.7,0,0,12.8
4/28/1956,7.9,3,1.8,13.8
4/29/1956,7.8,9.2,9.2,12.6
4/30/1956,5.2,11.8,10.3,13.1
5/1/1956,5.9,4.5,3.7,12
5/2/1956,8.1,0.5,0.4,10.9
5/3/1956,8.9,0.1,0,10.9
5/4/1956,10.6,0,0,12.8
5/5/1956,13.4,0,0,16.6
5/6/1956,14.4,0,0,20.7
5/7/1956,16.4,0,0,26.2
5/8/1956,17.5,0,0,30.7
5/9/1956,17.5,0,0,34.9
5/10/1956,11.2,9.2,12.6,32.3
5/11/1956,10.1,0,0.3,25.6
5/12/1956,8.1,19.2,15.2,20.7
5/13/1956,9.3,0,0,18.8
5/14/1956,10.7,0,0,17.2
5/15/1956,12,0,0,18
5/16/1956,14.3,0,0,19.9
5/17/1956,14,10.2,16.7,24.4
5/18/1956,12.9,23.2,14.1,36.9
5/19/1956,8.8,24.3,18.5,41.6
5/20/1956,9.1,0,0,32.3
5/21/1956,12.9,0,0,26.5
5/22/1956,16.5,4.5,7.2,29.2
5/23/1956,14.5,1,2,38.9
5/24/1956,12.1,4,5.3,34.6
5/25/1956,10,1.2,0.3,29.8
5/26/1956,13.8,0,0,27.7
5/27/1956,17.7,0,0,32.6
5/28/1956,21.7,0,0,47.3
5/29/1956,17.5,8,11.5,60.7
5/30/1956,18.2,14,8.4,62.2
5/31/1956,11.4,14.2,7,61.8
6/1/1956,11.5,5.6,3.4,43.3
6/2/1956,13,0,0,35.6
6/3/1956,16,0,0,33
6/4/1956,18.1,0,0,36.2
6/5/1956,17.3,4.1,0,40.5
6/6/1956,16.6,0.2,0.2,42.3
6/7/1956,15.3,9.6,14.6,43.7
6/8/1956,9.1,6.6,5.9,42.3
6/9/1956,8.2,0,1.6,28.9
6/10/1956,11.6,0,0,24.1
6/11/1956,14.1,2.2,2.4,21.6
6/12/1956,13.7,1.2,1.2,21.3
6/13/1956,15.8,5.2,5.1,23.6
6/14/1956,11.1,7.2,4.2,32
6/15/1956,10,3,0.5,31.4
6/16/1956,12.7,0,0,24.4
6/17/1956,13,8.2,9.3,24.4
6/18/1956,11.8,0.2,0.9,28
6/19/1956,14.3,0,0,23.9
6/20/1956,13.5,17.2,34.6,26.8
6/21/1956,10,2.6,5.6,55.4
6/22/1956,9.7,3.8,4,32
6/23/1956,11.6,0,0.1,25.3
6/24/1956,10.9,4.2,4.1,23.6
6/25/1956,11.7,3.5,0.4,22.1
6/26/1956,14.2,0,0,21.6
6/27/1956,14.9,0,2.1,23.3
6/28/1956,16.5,0,0,25.3
6/29/1956,16.2,0,0,26.8
6/30/1956,17.5,0,0,29.2
7/1/1956,17.2,10.2,0,32
7/2/1956,13.7,18.2,15.7,35.6
7/3/1956,13.3,0.1,0.2,32
7/4/1956,17.1,0,0,27.7
7/5/1956,19,0,0,33.6
7/6/1956,20.5,0,0,44.4
7/7/1956,20.5,0,0,46.8
7/8/1956,21.4,0,0,47.6
7/9/1956,20,6.7,8.5,53.1
7/10/1956,18.2,64.9,33,59.5
7/11/1956,12.3,7.6,3.4,79.8
7/12/1956,15.5,0,0,56.5
7/13/1956,16.9,12.2,4.8,49.4
7/14/1956,13.6,9.1,19,72.4
7/15/1956,15.7,1,4,52.4
7/16/1956,13.6,6.5,7.1,42.3
7/17/1956,16.1,0,0,38.5
7/18/1956,18.7,29.5,19.4,35.6
7/19/1956,13.7,14,15.8,68.9
7/20/1956,13.4,1.5,3.2,52.4
7/21/1956,12.7,3.5,3.8,39.6
7/22/1956,15.4,0.2,0,33.3
7/23/1956,17.8,0,0,33
7/24/1956,18.4,0,0,32
7/25/1956,19.6,0,0,36.9
7/26/1956,19.5,0,0,36.9
7/27/1956,20.9,1.6,1.8,43.6
7/28/1956,18.1,1,0.5,53.1
7/29/1956,18.2,20.2,25.4,53.1
7/30/1956,15.9,0,0,64.8
7/31/1956,16.5,0,0,44.4
8/1/1956,16.8,15.5,14.3,35.5
8/2/1956,17.3,0.5,0.9,66.8
8/3/1956,14.2,1.2,0.2,47.3
8/4/1956,13.4,2.2,3.6,33
8/5/1956,14.1,0,0.1,28
8/6/1956,15.2,1.2,0.1,25.9
8/7/1956,14.8,13.2,6.9,31.7
8/8/1956,17,0,0,44.7
8/9/1956,20,0,0,50.5
8/10/1956,21,27.3,22.6,53.9
8/11/1956,15.4,3.1,3.1,66.3
8/12/1956,14.5,0,0,43
8/13/1956,16.5,0,0,32
8/14/1956,15.2,12.2,17.6,38.5
8/15/1956,16.4,0,0,45.1
8/16/1956,17.2,0,0,35.6
8/17/1956,18,2.2,2.5,33.9
8/18/1956,18.1,30.2,17.5,40.2
8/19/1956,17.6,3,0.5,58.4
8/20/1956,15.9,12,17.1,46.5
8/21/1956,14.7,4.2,5.1,58.4
8/22/1956,13.3,7.5,2.6,39.2
8/23/1956,11.9,3.5,2.5,32.7
8/24/1956,12.9,2.2,0.8,26.8
8/25/1956,13.6,10.4,11.7,39.2
8/26/1956,14.4,1.2,0.6,42.3
8/27/1956,14.8,15.2,13.3,44.7
8/28/1956,13.9,1.2,1.3,58.4
8/29/1956,11,11.2,13.2,46.5
8/30/1956,11.1,0,0,39.2
8/31/1956,13.1,0,0,29.8
9/1/1956,15.9,0,0,30.5
9/2/1956,15.7,14.5,10,38.9
9/3/1956,12.3,12.5,9.8,61.5
9/4/1956,12.6,0,0,39.9
9/5/1956,15.3,0,0,33.3
9/6/1956,13.1,0,1,31.1
9/7/1956,15.4,0,0,25.6
9/8/1956,15.8,0,0,24.4
9/9/1956,14.2,1.8,3.1,24.4
9/10/1956,15.5,14.2,14.3,26.2
9/11/1956,15.2,0,4.9,32.3
9/12/1956,14.6,0,0,23.9
9/13/1956,15.3,1,0.9,29.2
9/14/1956,14.5,0,0,38.2
9/15/1956,14.5,0,0,28.3
9/16/1956,16.2,0,0,25.3
9/17/1956,17.5,0,0,26.5
9/18/1956,14.6,0,0,23.3
9/19/1956,14.6,0,0,22.7
9/20/1956,15.1,0,0,21.8
9/21/1956,15.1,0,0,21.3
9/22/1956,15.3,0,0,19.4
9/23/1956,16,0,0,20.5
9/24/1956,17.4,0,0,22.1
9/25/1956,15.5,8.2,11.2,23
9/26/1956,13.7,17.2,12.1,29.8
9/27/1956,10.4,17,14.9,28.6
9/28/1956,11.9,0,0,19.9
9/29/1956,13.5,0,0,18
9/30/1956,14.4,0,0,16.7
10/1/1956,14.6,0,0,16.2
10/2/1956,13.9,0.5,0,16.2
10/3/1956,12.8,14.2,14,18.3
10/4/1956,9.9,0.5,0,18.5
10/5/1956,7.6,12.7,9.7,12.7
10/6/1956,4.9,18.2,19,11.4
10/7/1956,4,2.1,1.2,11.2
10/8/1956,5.1,0,0,10.5
10/9/1956,4.2,0,0,10.3
10/10/1956,4.6,0,0,10.5
10/11/1956,5.8,0,0,10.8
10/12/1956,6.4,0,0,10.8
10/13/1956,6.8,0,0,10.5
10/14/1956,6.2,0,0,10.3
10/15/1956,7.3,0,0,9.9
10/16/1956,10.2,0,0,9.46
10/17/1956,9.8,0,0,9.46
10/18/1956,10.2,3.2,1.8,9.46
10/19/1956,11.6,0.1,0,10.8
10/20/1956,10.6,3.1,0,9.25
10/21/1956,10.7,0.5,0.2,8.64
10/22/1956,9.1,0,0,8.06
10/23/1956,8.1,0,0,7.53
10/24/1956,7.1,0,0,7.2
10/25/1956,7.2,18.2,16.9,7.04
10/26/1956,1.1,24.2,18.9,8.25
10/27/1956,2.2,4.2,2,7.2
10/28/1956,2.2,2.2,1,6.57
10/29/1956,3,8.5,10.8,6.57
10/30/1956,1.7,5.2,1.1,6.57
10/31/1956,1.1,0,0,6.28
11/1/1956,2.9,0.2,0,6.14
11/2/1956,1.8,0.5,0,6.14
11/3/1956,1.9,0,0,6.01
11/4/1956,2.8,5,3.1,5.87
11/5/1956,4.4,0.5,0.4,5.75
11/6/1956,4,0,0,5.5
11/7/1956,2,0,0,5.5
11/8/1956,1.9,0,0,5.38
11/9/1956,1.3,0,0,5.5
11/10/1956,5.8,0,0,5.62
11/11/1956,4.5,0.6,0.1,5.5
11/12/1956,4.6,0.4,0,5.38
11/13/1956,5.9,0.2,0,5.26
11/14/1956,3,2.5,3.3,5.14
11/15/1956,2.7,1.2,0.3,5.02
11/16/1956,3.3,0,0,4.79
11/17/1956,1.6,0,0,4.63
11/18/1956,1.2,0,0,4.36
11/19/1956,0.7,0,0,4.16
11/20/1956,1,0,0,4.09
11/21/1956,0.9,0,0,3.97
11/22/1956,-0.8,0,0,3.87
11/23/1956,-2,0,0,3.97
11/24/1956,-1.1,0,0,3.78
11/25/1956,0.2,6,3.1,3.51
11/26/1956,2.4,0.5,0,3.69
11/27/1956,4,11.5,8.4,3.69
11/28/1956,4.5,11.2,23.5,3.97
11/29/1956,0.1,4.5,6,4.09
11/30/1956,-0.6,2.1,1.5,3.6
12/1/1956,-2.5,0,0,3.42
12/2/1956,-4.1,0,0,3.33
12/3/1956,1.1,1,0,3.51
12/4/1956,3.2,0,0,3.6
12/5/1956,3.5,0.3,0,3.6
12/6/1956,3.1,0.5,1.9,3.51
12/7/1956,2.7,0,0,3.51
12/8/1956,2.6,0,0,3.51
12/9/1956,-0.3,0,0,3.51
12/10/1956,0.1,0,0,3.51
12/11/1956,2.7,0,0,3.42
12/12/1956,3.1,0,0,3.33
12/13/1956,6.6,3.3,1.9,3.51
12/14/1956,3.1,0,0,3.78
12/15/1956,2.3,0,0,3.42
12/16/1956,2.6,0,0,3.16
12/17/1956,1.8,0,0,3.16
12/18/1956,0.9,0,0,3.07
12/19/1956,1.4,0,0,3.07
12/20/1956,0.7,0.5,2.8,3.07
12/21/1956,1.2,0.1,0,3.07
12/22/1956,0.2,2.8,2,3.16
12/23/1956,-2.3,0,0,3.25
12/24/1956,-3.9,0,0,3.25
12/25/1956,-7.5,0,0,3.16
12/26/1956,-4.2,4.8,3.1,3.16
12/27/1956,-3.2,0,0,3.07
12/28/1956,-5.9,0,0,2.98
12/29/1956,-2.4,0,0,2.98
12/30/1956,-0.8,0,0,2.98
12/31/1956,-0.2,0,0,2.9
1/1/1957,-1.1,0,0,2.9
1/2/1957,1.4,1,2.4,2.98
1/3/1957,0.6,0,0,3.07
1/4/1957,2,1.3,0.1,3.07
1/5/1957,3.6,1.8,1.8,3.16
1/6/1957,3.7,8.7,0,3.51
1/7/1957,2.4,0,0,3.87
1/8/1957,1.4,0,0,3.33
1/9/1957,1.2,0,0,3.16
1/10/1957,0.2,9.4,8.8,2.98
1/11/1957,-3.4,0,0,2.74
1/12/1957,-3.5,22.8,12.3,2.74
1/13/1957,-0.9,0,0.7,2.82
1/14/1957,-1.4,0.8,0.9,2.74
1/15/1957,-2.1,0.3,0.2,2.66
1/16/1957,-3.1,0,0,2.66
1/17/1957,-7.6,0,0,2.66
1/18/1957,-7.9,0,0,2.58
1/19/1957,-7.1,0,0,2.58
1/20/1957,-5.4,0,0,2.58
1/21/1957,-4.5,0,0,2.58
1/22/1957,-5.1,0,0,2.58
1/23/1957,-4.2,0,0,2.58
1/24/1957,-2.9,0,0,2.5
1/25/1957,-1.4,2.4,5.4,2.5
1/26/1957,-0.7,0.7,0,2.43
1/27/1957,3.4,1.6,3.4,2.43
1/28/1957,1.5,0,0,2.43
1/29/1957,-1.2,0,0,2.29
1/30/1957,-1.2,0,0,2.29
1/31/1957,2.1,0,0,2.29
2/1/1957,4.1,0,0,2.36
2/2/1957,4.4,0,0,2.5
2/3/1957,2.7,0,0,2.43
2/4/1957,3.7,0,0,2.43
2/5/1957,2.4,0,0,2.43
2/6/1957,5,4.6,4.7,2.43
2/7/1957,2.7,0,0,2.43
2/8/1957,5.1,8,7.9,2.43
2/9/1957,3.7,5.7,4.8,3.07
2/10/1957,3.8,11.9,17,3.25
2/11/1957,3.2,0,0,3.33
2/12/1957,2.3,3.3,0.8,3.07
2/13/1957,3.4,8.4,7.5,2.98
2/14/1957,4.2,3.3,1.7,3.25
2/15/1957,4.2,4.8,6.5,3.16
2/16/1957,2,1.3,2.2,3.07
2/17/1957,2.5,0,0,2.9
2/18/1957,1.2,8.1,4.7,2.82
2/19/1957,0.3,0,0,2.74
2/20/1957,0.2,4.1,6.4,2.66
2/21/1957,-0.5,0.3,0.2,2.58
2/22/1957,-1,8.2,9.8,2.5
2/23/1957,1.5,1.6,12.2,2.58
2/24/1957,5.1,47.5,33.1,7.43
2/25/1957,7.7,6,9.7,26.8
2/26/1957,6,8.3,4,18.3
2/27/1957,4.2,4.6,2.8,11.5
2/28/1957,2.2,0,0,8.44
3/1/1957,1.5,0,0,6.88
3/2/1957,1,0,0,6.28
3/3/1957,2.3,0,0,5.88
3/4/1957,4.2,0,0,5.75
3/5/1957,6,0.5,0,5.62
3/6/1957,7.1,5.8,5.1,5.5
3/7/1957,7.2,0.8,0.2,6.14
3/8/1957,7.6,5.8,5.5,6.28
3/9/1957,7.6,3.5,3.6,7.7
3/10/1957,6.4,0,0,7.88
3/11/1957,5.4,0,0,7.88
3/12/1957,6.9,0,0,7.88
3/13/1957,5.4,0,0,7.88
3/14/1957,9,0,0,8.06
3/15/1957,9.7,0,0,8.44
3/16/1957,9.7,0,0,8.84
3/17/1957,11,1.2,1,10.3
3/18/1957,10.9,0,0,11.4
3/19/1957,11.6,0,0,12.7
3/20/1957,12.1,0,0,12.5
3/21/1957,11.7,0.4,0,12
3/22/1957,8.1,0,0,11.2
3/23/1957,10.4,9.8,6.9,10.1
3/24/1957,8.1,5.8,2.1,10.8
3/25/1957,8.4,0,0,9.9
3/26/1957,9.7,0,0,8.84
3/27/1957,11.2,0,0,8.44
3/28/1957,12.6,0.3,0,9.46
3/29/1957,9.8,2.2,2.4,11
3/30/1957,8.5,0,0,11
3/31/1957,6.9,0,0,10.3
4/1/1957,8.2,5.6,7.8,9.9
4/2/1957,8.2,1.5,5.4,10.3
4/3/1957,4.6,7.2,8,9.9
4/4/1957,9,0,0,9.04
4/5/1957,11.4,0,0.6,9.9
4/6/1957,10.1,2.8,4.1,11
4/7/1957,7.1,8.8,2.2,11
4/8/1957,4.2,0,0.4,10.3
4/9/1957,5.2,0,0,9.46
4/10/1957,6.4,0.9,1.2,9.04
4/11/1957,4.4,9.1,6,8.25
4/12/1957,2.6,2.2,2.1,7.7
4/13/1957,1.9,0,0,6.88
4/14/1957,2.7,1.5,1,6.72
4/15/1957,3,0.8,0,6.57
4/16/1957,6.6,0,0,6.57
4/17/1957,9.8,0,0,7.7
4/18/1957,9.7,3.6,8.2,8.44
4/19/1957,10.1,0.7,1.7,10.3
4/20/1957,10.5,2.9,2.5,11.7
4/21/1957,10.9,0,0,12.9
4/22/1957,11.9,0,0,13.2
4/23/1957,13.7,1.7,3.3,14.1
4/24/1957,11.4,2.2,0.7,16.2
4/25/1957,10.9,2,2,15.4
4/26/1957,12,0,0,15.6
4/27/1957,13.1,0,0,15.1
4/28/1957,12.5,0,0,14.9
4/29/1957,15.4,0,0,15.6
4/30/1957,11.7,0,0,15.1
5/1/1957,9.7,0,0,13.6
5/2/1957,8.8,0,0,13.6
5/3/1957,9.9,0,0,13.4
5/4/1957,11.3,0,0,12.2
5/5/1957,8.4,0.5,1.5,12.2
5/6/1957,2.7,1.3,2.8,11.2
5/7/1957,2.7,1.1,0,9.9
5/8/1957,5.4,0,0,9.25
5/9/1957,10.8,0,0,9.68
5/10/1957,11.1,0,0,9.9
5/11/1957,12.7,7.4,3.3,10.5
5/12/1957,12.2,6.7,5.2,14.1
5/13/1957,11.6,0.8,3,16.2
5/14/1957,14.6,0,0,16.5
5/15/1957,16.5,0.9,2,18.5
5/16/1957,9.6,16.6,24.3,22.7
5/17/1957,10.1,0,0,21.6
5/18/1957,13.4,12.3,11.5,19.4
5/19/1957,7.6,35.4,38,27.4
5/20/1957,7.7,0.8,1.5,24.7
5/21/1957,12.6,1.9,4.8,21.6
5/22/1957,12.4,0,0,22.7
5/23/1957,12.1,9.4,7.6,21
5/24/1957,10.4,0.3,2.9,21.6
5/25/1957,13.6,0.5,0,20.2
5/26/1957,7.2,6.7,4,21.6
5/27/1957,7.2,0.4,1.4,20.8
5/28/1957,7.2,0.3,0,19.1
5/29/1957,9.8,0,0,19.6
5/30/1957,11.9,3.4,0.9,21
5/31/1957,12.2,9,7.2,20.5
6/1/1957,12.9,0,1.5,23.3
6/2/1957,16.2,0,0,22.4
6/3/1957,14.5,2.4,2.7,23.6
6/4/1957,13.8,10.4,12.8,28
6/5/1957,12.6,16,10.7,33.9
6/6/1957,16.1,0.6,0.6,36.9
6/7/1957,13.7,3.7,5.7,34.6
6/8/1957,15.1,10.8,7,33.3
6/9/1957,15.4,1,0,34.9
6/10/1957,15.6,2,4.5,31.7
6/11/1957,12.4,15.6,14.6,43
6/12/1957,9.1,25.3,30.9,56.5
6/13/1957,15.5,0,0.4,73.3
6/14/1957,18.8,0,0,72.9
6/15/1957,21.1,0,0,66.2
6/16/1957,18.7,3.2,11,66.9
6/17/1957,18.1,3.2,1.4,62
6/18/1957,19,0.3,6.4,54.1
6/19/1957,19.4,0.6,5.4,57.1
6/20/1957,19,4.7,5,56.4
6/21/1957,20.2,39.4,7.4,60.1
6/22/1957,17.2,0.1,0,66.2
6/23/1957,16.5,7.7,5.3,50.5
6/24/1957,13.9,8.4,5.3,56.4
6/25/1957,13.7,0.5,2.8,44.1
6/26/1957,13,5.2,4.1,32.1
6/27/1957,15.6,0,0,28.1
6/28/1957,20,0,0,32.7
6/29/1957,22,0,0,42
6/30/1957,22,0,0,49.5
7/1/1957,21.6,0.3,19,52
7/2/1957,22.1,1.3,0,53
7/3/1957,24.2,0,0,54.9
7/4/1957,25.3,0,0,56.8
7/5/1957,26,0,0,60.1
7/6/1957,26.7,0,0,63.1
7/7/1957,25,0,0,63.8
7/8/1957,22.3,23.6,18.9,63.1
7/9/1957,19.5,20.4,18.5,66.6
7/10/1957,15,19.8,17.7,61.9
7/11/1957,13.1,3.4,2.4,50.9
7/12/1957,17.8,4.1,0.5,37.8
7/13/1957,17.4,0.3,0,36.4
7/14/1957,15.8,19.8,4,34.7
7/15/1957,13.3,5.5,7.7,35
7/16/1957,14.9,2.6,1.9,29.9
7/17/1957,15.7,2,3.3,28.4
7/18/1957,16.4,7,9.1,28.4
7/19/1957,13.9,10.9,10.3,38.5
7/20/1957,13.9,9.9,5.6,33.4
7/21/1957,12.9,22.2,22.5,30.5
7/22/1957,11.4,5.4,5.9,39.2
7/23/1957,13.9,0.5,1,31.8
7/24/1957,16.1,2.2,1.8,28.1
7/25/1957,18.6,0,0.9,32.8
7/26/1957,18.4,0,0,31.8
7/27/1957,14.9,12.3,11,38.9
7/28/1957,14.1,0.8,1.2,36
7/29/1957,14,1.6,1.7,27.5
7/30/1957,16.8,0,0,26.3
7/31/1957,18.3,0,0,26.9
8/1/1957,20.3,0,0,28.7
8/2/1957,20,0,0,31.8
8/3/1957,20,0,0,30.5
8/4/1957,20.5,0,0,30.2
8/5/1957,21.4,0,0,31.2
8/6/1957,19.4,0.4,0,31.2
8/7/1957,22.2,6.3,2.5,34.7
8/8/1957,21.7,0.6,3.9,42.7
8/9/1957,19.4,18.3,10,45.9
8/10/1957,18.7,0,0,43.7
8/11/1957,18.2,29.9,31.7,43.5
8/12/1957,16.8,7.4,3.9,58.3
8/13/1957,15.1,11.3,16.3,54.5
8/14/1957,14.9,0.5,1.5,48.4
8/15/1957,15.1,6.1,10.3,41.3
8/16/1957,14.9,0,0.2,36.4
8/17/1957,15.6,0,0,27.5
8/18/1957,13.2,10.8,21.9,26
8/19/1957,11.6,8.6,4,30.5
8/20/1957,15,0,0,26
8/21/1957,17.7,6.6,8.2,29.6
8/22/1957,15,0.4,0.3,36.4
8/23/1957,15.2,0.9,2.7,28.7
8/24/1957,15.6,3.4,2,29.6
8/25/1957,15.1,1.8,1.9,26
8/26/1957,14.5,0,0,23.1
8/27/1957,12.4,5.5,4.3,20.5
8/28/1957,12.2,1.9,4.1,19.7
8/29/1957,13.4,0.6,1.4,18
8/30/1957,15.1,0,0,17.4
8/31/1957,14.6,0,0,17.4
9/1/1957,15.1,0,0,17.2
9/2/1957,14,20.3,11.7,17.5
9/3/1957,12.1,1.4,1.4,19.4
9/4/1957,13.4,0,0,16.4
9/5/1957,14.4,0,0,15.6
9/6/1957,15.9,0,0,16.4
9/7/1957,16.2,0,0,18
9/8/1957,18,0,0,20.5
9/9/1957,14,3.6,0.2,20.8
9/10/1957,15.2,0,0,18.3
9/11/1957,13.1,11.9,14.9,18.8
9/12/1957,14,0.2,1.5,25.7
9/13/1957,10.7,9.5,2,17.7
9/14/1957,8.7,20,15.6,15.1
9/15/1957,7.9,1.4,3.6,14.1
9/16/1957,8.5,0,0,12.5
9/17/1957,11.3,0,0,12.3
9/18/1957,12.9,0,0,12.7
9/19/1957,13.7,0,0,12.3
9/20/1957,14.3,0,0,12
9/21/1957,15.4,0.5,0.2,12.5
9/22/1957,16.3,7.4,5.6,14.4
9/23/1957,14.9,31.7,27,33.4
9/24/1957,14.9,28.8,20.5,74.4
9/25/1957,15.5,1.4,0.5,62.7
9/26/1957,13.5,8.4,13,41.3
9/27/1957,12.3,0,0.1,34.4
9/28/1957,10.8,0,0,25.4
9/29/1957,10.9,0.3,0.1,21.4
9/30/1957,7.2,5.9,4.2,18.8
10/1/1957,7.4,0.1,0,16.4
10/2/1957,8.8,0,0,14.4
10/3/1957,8.4,0,0,13.2
10/4/1957,9.5,0,0,12.3
10/5/1957,7.4,0,0,11.8
10/6/1957,7.6,0,0,11.2
10/7/1957,8.2,0,0,10.9
10/8/1957,9.8,0,0,11.2
10/9/1957,11.6,0,0,11.4
10/10/1957,12.6,0,0,11.2
10/11/1957,12.5,0,0,10.9
10/12/1957,12.9,0,0,10.5
10/13/1957,11.5,0,0,10.1
10/14/1957,10.5,0,0,9.87
10/15/1957,10.5,0,0,9.67
10/16/1957,11,0,0,9.47
10/17/1957,12.7,0,0,9.47
10/18/1957,12.1,0,0,9.27
10/19/1957,11.7,14.2,11.2,9.27
10/20/1957,8.5,1.6,2.5,10.9
10/21/1957,6.3,0,0,8.34
10/22/1957,4.9,8.4,10.3,7.64
10/23/1957,4.7,0,0,7.13
10/24/1957,4.7,0,0,6.64
10/25/1957,5,0,0,6.48
10/26/1957,6.4,0,0,6.17
10/27/1957,8,1.6,0,6.02
10/28/1957,7.9,0,0,5.87
10/29/1957,6.1,0,0,5.87
10/30/1957,7,0,0,5.73
10/31/1957,8,0,0,5.59
11/1/1957,8.1,0.4,0.3,5.32
11/2/1957,6.9,0,0,5.32
11/3/1957,5.6,0,0,5.06
11/4/1957,7.3,0,0,4.81
11/5/1957,10.4,1.5,2,4.81
11/6/1957,7.6,8.4,7.8,5.32
11/7/1957,6.6,4.5,5.5,6.48
11/8/1957,6.2,0,0,5.73
11/9/1957,6,0,0,5.19
11/10/1957,5.9,2.6,3,5.45
11/11/1957,5.8,3.1,2.4,5.32
11/12/1957,7.3,0,0,5.06
11/13/1957,5.5,0,0,4.81
11/14/1957,5.6,0,0,4.57
11/15/1957,5.3,0,0,4.45
11/16/1957,4.7,0,0,4.33
11/17/1957,5.6,0.4,3.3,4.21
11/18/1957,5.8,0,0,4.21
11/19/1957,4.9,0,0,3.99
11/20/1957,3.7,0,0,3.88
11/21/1957,2.9,0,0,3.77
11/22/1957,2.8,0,0,3.56
11/23/1957,2.2,0,0,3.46
11/24/1957,1.5,0,0,3.46
11/25/1957,1.3,0,0,3.46
11/26/1957,2.5,0,0,3.46
11/27/1957,3,0,0,3.36
11/28/1957,2.4,0,0,3.27
11/29/1957,2.7,0,0,3.27
11/30/1957,2.5,0,0,3.18
12/1/1957,-2.5,0,0,3.09
12/2/1957,-3.4,0,0,2.66
12/3/1957,-1.5,0,0,2.66
12/4/1957,-1,0,0,2.75
12/5/1957,-0.7,0,0,2.83
12/6/1957,-0.6,0,0,2.75
12/7/1957,0,17.8,20.9,2.75
12/8/1957,4.5,8,1.5,5.5
12/9/1957,6.4,0.9,3,4.57
12/10/1957,2.4,0,0,3.46
12/11/1957,2.9,0,0,3.36
12/12/1957,3.8,23.8,26.8,3.27
12/13/1957,1.8,17.8,22.2,4.81
12/14/1957,2.5,0,0,3.88
12/15/1957,2.9,0,0,3.46
12/16/1957,1.6,0,0,3.18
12/17/1957,0.1,0,0,3.09
12/18/1957,-1,0,0.4,2.92
12/19/1957,1.4,0,5.5,2.92
12/20/1957,-2,0,0,2.66
12/21/1957,-2.8,0,0,2.5
12/22/1957,-4.2,0,0,2.43
12/23/1957,-1.4,0,0,2.43
12/24/1957,0.9,0,0,2.58
12/25/1957,1.4,0,0,2.92
12/26/1957,0.6,0,0,2.75
12/27/1957,-1.1,0,0,2.66
12/28/1957,-2.7,0,0,2.5
12/29/1957,-2.2,0,0,2.43
12/30/1957,-0.6,0,0,2.43
12/31/1957,0.5,0,0,2.58
1/1/1958,-1.7,0,0,2.5
1/2/1958,-1.2,0,0,2.43
1/3/1958,0.1,0,0,2.43
1/4/1958,-0.9,0,0,2.43
1/5/1958,2,7,5.1,2.58
1/6/1958,2.7,28.8,20.9,3.27
1/7/1958,3.9,13.1,22.6,10.3
1/8/1958,1.1,2.2,0.4,4.81
1/9/1958,0.9,11.9,9.3,3.99
1/10/1958,0.6,0,0,3.67
1/11/1958,1.7,7.6,4.1,3.46
1/12/1958,-0.4,9,7.4,3.36
1/13/1958,0,0.4,0,3.18
1/14/1958,0,0,0,3.09
1/15/1958,-2.3,0,0,2.84
1/16/1958,-2.1,0,0,2.58
1/17/1958,-1.6,0,0,2.66
1/18/1958,0.5,0,0,2.84
1/19/1958,1.5,0.6,0.9,2.92
1/20/1958,-0.4,16.9,8.7,2.92
1/21/1958,-6.5,0,0,2.58
1/22/1958,-5.9,0,0,2.58
1/23/1958,-6.3,2.8,0.9,2.58
1/24/1958,-6.5,0.8,0.1,2.5
1/25/1958,-7.3,0,0,2.36
1/26/1958,-1.3,0,0,2.43
1/27/1958,1.1,0,0,2.5
1/28/1958,0.1,0.2,0,2.43
1/29/1958,-1.5,0,0,2.5
1/30/1958,-2.6,0,0,2.5
1/31/1958,-3.2,0,0,2.43
2/1/1958,-3.2,0.1,0,2.5
2/2/1958,-3.5,0,0,2.58
2/3/1958,-3.4,0.1,0,2.66
2/4/1958,-4.1,0,0,2.58
2/5/1958,1.4,1.2,1.2,2.58
2/6/1958,1.6,16.8,6.1,2.75
2/7/1958,2.8,10.3,5.3,2.75
2/8/1958,4.3,3.7,4.1,3.46
2/9/1958,4,0.1,0,4.57
2/10/1958,4.1,0,0,4.57
2/11/1958,4.4,6.9,4.4,4.45
2/12/1958,5.7,0.3,0,4.94
2/13/1958,5.6,0.3,0.1,4.69
2/14/1958,7.2,0,0,6.8
2/15/1958,7.8,3.1,3.5,7.98
2/16/1958,8.8,41.7,56.8,15.3
2/17/1958,6.4,48.5,36.6,75.1
2/18/1958,-3.9,7.9,3.6,34.7
2/19/1958,-3.1,0,0.2,18.4
2/20/1958,-2.5,17.7,8.5,14.3
2/21/1958,1.6,38.8,25.7,12
2/22/1958,0.7,7.9,8.1,10.3
2/23/1958,0.7,19.4,11.8,9.18
2/24/1958,2,4.1,0.6,9.61
2/25/1958,4,4.5,5.5,9.18
2/26/1958,-2,4.6,4.4,8.53
2/27/1958,-3.3,1.7,0,6.95
2/28/1958,-3.7,0,0,6.09
3/1/1958,-3.5,0,0,5.48
3/2/1958,-1,0.1,0.2,5.48
3/3/1958,0.8,0,0,5.1
3/4/1958,0.9,0,0,4.57
3/5/1958,-0.3,0,0,4.4
3/6/1958,3.2,10,4.8,4.4
3/7/1958,1.5,0.7,6.4,4.4
3/8/1958,-1.2,0,0,4.07
3/9/1958,-2.7,1.5,3,3.77
3/10/1958,-5,0.5,0,3.64
3/11/1958,-4.6,7.2,8.6,3.38
3/12/1958,-4.7,1.7,0.8,3.25
3/13/1958,-1,19,13.9,3.02
3/14/1958,2.5,5.8,3.6,3.38
3/15/1958,2.8,0,0,3.14
3/16/1958,1.7,0,0,3.02
3/17/1958,-0.2,12.4,7.5,2.91
3/18/1958,0.6,13,10.8,2.91
3/19/1958,1.9,4.4,0.7,2.7
3/20/1958,0.7,10.1,6.7,2.7
3/21/1958,-3,1.6,1.7,2.59
3/22/1958,-3.6,0,0,2.39
3/23/1958,-2.9,0,0,2.39
3/24/1958,-0.8,0,0,2.8
3/25/1958,4.1,0,0,3.25
3/26/1958,5.6,0,0,3.77
3/27/1958,3.7,3.1,2.8,4.4
3/28/1958,7.1,0.1,0,5.48
3/29/1958,7.4,0,0,8.3
3/30/1958,7.8,0.1,0,9.82
3/31/1958,7.3,0,0,11.3
4/1/1958,3.1,0.1,1.5,11.6
4/2/1958,5.9,0,0,11
4/3/1958,8.7,0,0,11
4/4/1958,7.4,0.3,0,12
4/5/1958,2.2,2.5,4,11.3
4/6/1958,3,2.3,0.9,9.18
4/7/1958,2.7,5.6,4.5,7.85
4/8/1958,2,3.9,1.8,6.95
4/9/1958,1.7,2,2.7,5.88
4/10/1958,1.2,7.8,4.3,5.48
4/11/1958,-1.3,6.6,0.9,4.92
4/12/1958,1.1,0,0,4.57
4/13/1958,2.1,0,0,4.74
4/14/1958,4.9,0,0,5.1
4/15/1958,5.8,21.7,24.3,6.3
4/16/1958,2.5,19.7,13.7,7.17
4/17/1958,0.6,2.5,0.5,6.3
4/18/1958,2.7,0,0,5.48
4/19/1958,5.9,0,0,6.52
4/20/1958,8.5,0,0,8.97
4/21/1958,11,0,0,12.8
4/22/1958,12.8,3.4,3.6,17
4/23/1958,7.8,0.2,0,19.6
4/24/1958,8.5,0,0,17.8
4/25/1958,8.1,1.6,4.8,18.4
4/26/1958,9.8,0,0,17
4/27/1958,6.8,6.1,8.2,16.5
4/28/1958,7.6,9.5,7.7,15.4
4/29/1958,7.9,3.9,0,15.4
4/30/1958,9.7,0.2,0,15.9
5/1/1958,10.8,0,0,19.3
5/2/1958,13,0,0,23.9
5/3/1958,15.2,0,0,26.5
5/4/1958,13.4,0,0,28.3
5/5/1958,15,1.8,1.7,29.5
5/6/1958,13.8,2.1,0.7,35.2
5/7/1958,13.7,0.1,0,37.5
5/8/1958,16.9,0,0,40.2
5/9/1958,17.5,0,0,49
5/10/1958,17.7,0,0,63
5/11/1958,19.5,0,0,68.1
5/12/1958,17.7,0,0,63
5/13/1958,16.2,0,0,58.8
5/14/1958,14.9,0,0.5,58
5/15/1958,10.4,9.1,6.1,58.4
5/16/1958,7.6,17.4,12.2,41.6
5/17/1958,8.2,0.6,0.2,30.8
5/18/1958,14,0,0,26.8
5/19/1958,15.4,0,0,28.9
5/20/1958,17,0,0,32.3
5/21/1958,10.9,9.2,7.6,35.2
5/22/1958,10,1.9,1.7,34.3
5/23/1958,14.5,0,0,33.3
5/24/1958,16.5,0,0,37.8
5/25/1958,19,0.3,0,42
5/26/1958,13.1,0,0.2,43
5/27/1958,13.7,17.6,12.8,42
5/28/1958,10.7,6.5,7.4,52
5/29/1958,12.7,0.3,0,37.5
5/30/1958,10.9,5.7,6.9,34.3
5/31/1958,13.1,0,0,30.8
6/1/1958,16.4,0,0,30.5
6/2/1958,17.4,0.3,0,33.6
6/3/1958,13.1,16.4,9.5,36.9
6/4/1958,15,0,0,33.3
6/5/1958,14.9,0,0,29.5
6/6/1958,15.1,0.4,0.4,29.2
6/7/1958,15,2.3,3.5,30.5
6/8/1958,16.8,0,0,34.3
6/9/1958,16.6,0.4,2.2,34.9
6/10/1958,12.2,26.2,28.1,38.2
6/11/1958,10,5.7,7.4,42.6
6/12/1958,12.9,0,0,32.3
6/13/1958,12.4,0,0.2,26.2
6/14/1958,14.1,0,0,23.6
6/15/1958,17.1,0,0,24.7
6/16/1958,19.4,0,0,27.4
6/17/1958,20.3,5,0.3,30.2
6/18/1958,19.2,1.3,0.4,35.9
6/19/1958,17.8,3.4,4.3,40.2
6/20/1958,16,8.5,7.4,40.6
6/21/1958,14.1,18.5,9,48.4
6/22/1958,12.9,5.7,6.3,41.6
6/23/1958,14.1,0.9,0,33.6
6/24/1958,12.4,11,7.5,29.5
6/25/1958,14.4,0.3,0,29.8
6/26/1958,15.1,6.4,8.8,29.2
6/27/1958,10.2,2.4,1.3,31.7
6/28/1958,13.7,0,0,23.6
6/29/1958,16.2,0,0.2,24.2
6/30/1958,17.7,3.2,0.3,29.2
7/1/1958,16.5,21.7,8.3,32.6
7/2/1958,14.7,19,12.4,37.2
7/3/1958,13.4,15.7,10.9,36.9
7/4/1958,13.2,4.9,7.9,37.5
7/5/1958,13.2,1.5,4.3,31.7
7/6/1958,16.7,0.3,0,28
7/7/1958,16.2,31.6,17.1,33.5
7/8/1958,17.5,0,0,38.2
7/9/1958,18.6,2.1,5.6,36.6
7/10/1958,20.9,0.2,1.7,38.9
7/11/1958,18.6,3.6,2.4,40.9
7/12/1958,19.6,0,0,45.8
7/13/1958,20.3,0.5,0.9,44
7/14/1958,19.1,2.2,0.9,49
7/15/1958,20.7,2,0,54.6
7/16/1958,17,10.6,9.3,62.6
7/17/1958,13.5,0.5,0.2,60.7
7/18/1958,16,0,0,43.4
7/19/1958,20.1,1.7,1.3,45.1
7/20/1958,18.6,1.3,6.7,47.6
7/21/1958,17.6,1.8,2.5,43
7/22/1958,14.2,9.6,12.7,42.3
7/23/1958,15.3,4,2.4,34.3
7/24/1958,12.8,19,14.5,33.8
7/25/1958,15.9,0,0,42.3
7/26/1958,17.3,3,2.4,35.9
7/27/1958,19.6,0.1,0.2,37.5
7/28/1958,21.5,0,0.1,43.7
7/29/1958,18.5,9.6,5,54.6
7/30/1958,21.5,0,0,59.9
7/31/1958,21.9,0,0,59.1
8/1/1958,22.7,1,0.7,61.4
8/2/1958,18.7,16.9,21.3,67.3
8/3/1958,14.4,0.5,1.2,59.9
8/4/1958,16.1,0,0,46.2
8/5/1958,18.9,0,0,40.6
8/6/1958,19.5,10.1,18.7,42.3
8/7/1958,14,24.9,17.9,56.9
8/8/1958,16,0.4,0.3,48
8/9/1958,19.2,0,0,44.4
8/10/1958,21.9,3,3.3,51.7
8/11/1958,19.6,22.7,13.6,55.8
8/12/1958,14.6,2.1,4.8,61.2
8/13/1958,16.3,0,0,46.9
8/14/1958,18.2,0,0,37.2
8/15/1958,19.9,0,0,43.4
8/16/1958,20.4,0,0.5,45.8
8/17/1958,20,0,0,39.6
8/18/1958,18.7,1.2,11.8,43
8/19/1958,15.6,27.8,36.9,61.1
8/20/1958,16,9,3.5,64.9
8/21/1958,14,0.2,0.1,43
8/22/1958,14,3.2,5.5,34.6
8/23/1958,13.5,3.6,6.8,32.3
8/24/1958,12.9,9.5,9.5,30.5
8/25/1958,14.9,7.5,3.4,33.6
8/26/1958,13.6,0.6,0.2,28.9
8/27/1958,13.5,0,0,26.2
8/28/1958,16.1,0,0,30.8
8/29/1958,18.1,0,0,38.2
8/30/1958,20.3,0,0,42.3
8/31/1958,19.1,7.1,28.7,46.2
9/1/1958,17.9,0,0,45.1
9/2/1958,17.5,0.3,0,35.2
9/3/1958,18,0.3,2.5,33.6
9/4/1958,17.6,0,0,33.3
9/5/1958,17.2,0,0,34
9/6/1958,19,0,0.9,34
9/7/1958,19.5,0,10,39.2
9/8/1958,17.5,0.4,7.6,35.9
9/9/1958,17.5,0.5,1.5,31.7
9/10/1958,16.6,7.1,14.3,34
9/11/1958,15.4,0.1,0,30.8
9/12/1958,13.3,0,0,23.9
9/13/1958,14.3,0,0,24.4
9/14/1958,14.7,0,0,25.6
9/15/1958,16.1,0,0,26.2
9/16/1958,16.4,17.2,19.1,29.8
9/17/1958,15.6,25.7,19.4,38.6
9/18/1958,14.5,6.3,7.5,39.9
9/19/1958,14.1,0.1,0,31.1
9/20/1958,14,0.4,0.1,25.3
9/21/1958,15.4,35.4,22.2,28.3
9/22/1958,11.8,11.1,15.7,63.4
9/23/1958,11.3,0.1,0,36.9
9/24/1958,12.6,0,0,27.1
9/25/1958,16.5,0,0,25.6
9/26/1958,11.8,0,0,22.7
9/27/1958,8.9,0,0,17.6
9/28/1958,8.9,0,0,15.9
9/29/1958,10.4,0,0,14.8
9/30/1958,14.8,0,0.7,15.4
10/1/1958,11.4,20.6,21.9,30.3
10/2/1958,12.2,2.2,5.4,23.9
10/3/1958,11.4,0,0,18.7
10/4/1958,12.4,2.4,2.5,17
10/5/1958,12.9,0.2,1.1,17.8
10/6/1958,9.8,1.5,1.8,16.8
10/7/1958,10,0.3,0,14.8
10/8/1958,10.2,0,0,13.3
10/9/1958,11,0,0,13
10/10/1958,11.8,1.8,0.2,14.3
10/11/1958,13.5,2.1,3.8,15.1
10/12/1958,11.3,23.9,15.3,20.5
10/13/1958,8.2,4,3.6,20.7
10/14/1958,8.5,11.6,9.2,25.3
10/15/1958,14.3,0.2,0,23.9
10/16/1958,8.9,14,22.8,19
10/17/1958,3.6,14.2,8,16.2
10/18/1958,4.9,1,2.2,15.1
10/19/1958,4,2.1,1.7,14
10/20/1958,4.8,23.2,18.8,15.4
10/21/1958,4.6,18.7,18.4,17.3
10/22/1958,3.3,0,0,16.5
10/23/1958,3.5,0,0,14
10/24/1958,2.3,0,0,13.6
10/25/1958,4.6,0,0,14.6
10/26/1958,4.7,0,0,15.1
10/27/1958,4,0,0,14.3
10/28/1958,3.2,0,0,13.6
10/29/1958,2.2,0,0,12.8
10/30/1958,3.7,0,0,12
10/31/1958,5.1,15.9,13.2,11.3
11/1/1958,4.5,0.7,1.9,12.3
11/2/1958,4.2,13.6,8,10.8
11/3/1958,6.2,30.4,24.4,20.1
11/4/1958,5.9,3.8,9.8,25.3
11/5/1958,4.2,0.1,0,18.4
11/6/1958,5.6,0.4,1.6,15.1
11/7/1958,4.3,0,0,13.3
11/8/1958,5.2,1.6,2.1,12
11/9/1958,6.9,4.5,9.7,11.3
11/10/1958,4.3,9.8,9.6,12
11/11/1958,3.5,5.4,5.9,11.3
11/12/1958,3,9,14.3,10.6
11/13/1958,3,0.4,2.2,10.3
11/14/1958,3.9,0,0,9.61
11/15/1958,4.1,0,0,9.18
11/16/1958,3.4,0,0,8.97
11/17/1958,2.1,0,0,8.53
11/18/1958,2.7,0.2,0,8.08
11/19/1958,0.1,0,0,7.62
11/20/1958,0.4,0,0,7.17
11/21/1958,1.1,0,0,6.95
11/22/1958,1.3,0,0,7.17
11/23/1958,2.3,0.1,0,7.4
11/24/1958,2.2,0.2,0,6.95
11/25/1958,3,0.1,0,6.73
11/26/1958,2.4,0,0,6.52
11/27/1958,1.7,0,0,6.3
11/28/1958,1.3,0,0,5.88
11/29/1958,0.5,0,0,5.68
11/30/1958,0.5,0,0,5.88
12/1/1958,1.9,0,0,5.48
12/2/1958,0.9,0,0,5.1
12/3/1958,-1.1,0,0,4.24
12/4/1958,-2.9,0,0,3.92
12/5/1958,-2.9,0,0,3.77
12/6/1958,-3.4,0,0,3.64
12/7/1958,-3.4,0,0,3.5
12/8/1958,-1.6,0,0,3.5
12/9/1958,2.6,0.3,0.8,3.77
12/10/1958,4.5,0.2,0,3.77
12/11/1958,2.3,14.1,5.1,3.5
12/12/1958,2.5,6,5.7,3.5
12/13/1958,4.8,4.1,6.2,4.07
12/14/1958,2.1,0.2,0,4.07
12/15/1958,1.9,0,0,3.5
12/16/1958,3.3,4.6,2.2,3.25
12/17/1958,3.1,0,0,3.25
12/18/1958,1.4,0,0,3.02
12/19/1958,10.5,0,0,2.91
12/20/1958,10.5,0,0,4.24
12/21/1958,4,4.8,7.5,3.5
12/22/1958,3.7,0.1,0,3.5
12/23/1958,2.3,4,4.8,3.14
12/24/1958,1.1,14,12.2,3.14
12/25/1958,2,0.7,0.2,3.02
12/26/1958,1.5,0,0,2.91
12/27/1958,0.5,10.4,7.6,2.8
12/28/1958,5.9,10.4,11.4,5.1
12/29/1958,5.2,0.1,0,8.3
12/30/1958,2.1,0.2,0,5.88
12/31/1958,-0.6,0,0,4.57
1/1/1959,1,0.4,0,4.85
1/2/1959,2.3,0.9,1.9,4.48
1/3/1959,0.2,8.4,8.7,4.26
1/4/1959,-2.2,4.4,6.2,4.16
1/5/1959,-5.1,1.6,0,3.87
1/6/1959,0.4,22,14.6,4.16
1/7/1959,3.3,5.7,8.5,4.73
1/8/1959,-0.5,6,15.9,4.48
1/9/1959,-1.2,1.9,4.1,4.16
1/10/1959,-2,0.3,2.5,4.16
1/11/1959,-3.7,0.2,0.1,4.06
1/12/1959,-4,1.3,2,3.87
1/13/1959,-2.8,2.6,1.8,3.78
1/14/1959,-0.2,8.1,6.1,3.78
1/15/1959,3.2,1.8,0.5,3.96
1/16/1959,-1.6,6,3.2,3.87
1/17/1959,-7.1,0,0,3.51
1/18/1959,-3.5,0,0,3.42
1/19/1959,-1,0,0,3.78
1/20/1959,5,1.2,1.2,3.69
1/21/1959,2.6,0.5,0,3.78
1/22/1959,3.1,0.4,0.7,3.78
1/23/1959,2.6,3.6,2.4,3.87
1/24/1959,1.1,12.6,8.2,4.26
1/25/1959,-1.7,0,0,3.96
1/26/1959,-3.7,0,0,3.6
1/27/1959,-2.8,0,0,3.6
1/28/1959,-1.5,0,0,3.6
1/29/1959,-2.5,0,0,3.42
1/30/1959,-2.4,0,0,3.6
1/31/1959,-2.2,0.3,0,3.6
2/1/1959,-0.8,0,0.2,3.69
2/2/1959,-1,0,0,3.51
2/3/1959,-1.5,0,0,3.42
2/4/1959,-2.5,0,0,3.42
2/5/1959,-0.5,0,0,3.42
2/6/1959,0,0,0,3.42
2/7/1959,0.1,0,0,3.42
2/8/1959,0.2,0,0,3.42
2/9/1959,0.5,0,0,3.42
2/10/1959,2.7,0,0,3.42
2/11/1959,0.1,0,0,3.42
2/12/1959,0,0,0,3.42
2/13/1959,-2.3,0,0,3.42
2/14/1959,-2,0,0,3.35
2/15/1959,-1.4,0,0,3.42
2/16/1959,-1.2,0,0,3.42
2/17/1959,-0.1,0,0,3.42
2/18/1959,0.5,0,0,3.51
2/19/1959,0.8,0,0,3.6
2/20/1959,1.9,0,0,3.69
2/21/1959,3.5,8.9,9.8,3.78
2/22/1959,2.5,8.9,2.6,3.87
2/23/1959,3.2,0,0,3.78
2/24/1959,3.2,0,0,3.78
2/25/1959,2.7,0,0,3.78
2/26/1959,3.2,0,0,3.78
2/27/1959,3.2,0,0,3.96
2/28/1959,4.1,0,0,4.26
3/1/1959,4.4,0,0,4.36
3/2/1959,4.8,0,0,4.48
3/3/1959,8,0,0,4.73
3/4/1959,8,0,0,4.85
3/5/1959,6.3,0,0,5.1
3/6/1959,8.8,6.1,0,5.47
3/7/1959,6.6,11.6,14.8,6.2
3/8/1959,5.3,0.1,0,6.5
3/9/1959,4.6,0,0,5.75
3/10/1959,7.3,0,0,5.1
3/11/1959,8.5,4.4,0,5.1
3/12/1959,4.8,12.7,12.4,5.6
3/13/1959,4.1,2.4,3.7,5.48
3/14/1959,4.1,0,0,5.1
3/15/1959,4.5,0,0,4.85
3/16/1959,2.8,2.4,2.5,4.85
3/17/1959,3.5,0,0,4.6
3/18/1959,5.8,0,0,4.6
3/19/1959,6.9,0,0,4.72
3/20/1959,8.2,0,0,5.1
3/21/1959,9.5,0,0,5.75
3/22/1959,9.2,1.3,1.3,6.2
3/23/1959,9.1,0,0,7.2
3/24/1959,10,0,0,8.47
3/25/1959,7.3,11.7,12.4,8.66
3/26/1959,6.4,0.1,0,8.85
3/27/1959,6.3,0.7,0.3,7.56
3/28/1959,7.2,8.1,7.9,7.2
3/29/1959,7.7,4,5,7.38
3/30/1959,5.9,3.3,4.6,7.56
3/31/1959,5.6,0.9,2.1,6.85
4/1/1959,7.9,0,0,6.35
4/2/1959,8,0,0,6.35
4/3/1959,8.5,0,0,7.2
4/4/1959,11.3,0,0,8.1
4/5/1959,11.8,0,0,9.64
4/6/1959,12.7,0.5,0.5,10.7
4/7/1959,7.2,3.5,4.7,11.5
4/8/1959,8.8,0,0,9.24
4/9/1959,4.8,8.2,8.4,9.64
4/10/1959,5,3.6,1.7,8.28
4/11/1959,7.8,0.1,0,7.2
4/12/1959,10.6,0,0,6.05
4/13/1959,12.9,0,0,7.56
4/14/1959,15.8,0,0,9.84
4/15/1959,12.9,0,0,12.4
4/16/1959,10.4,12.7,20.8,13.1
4/17/1959,7.4,1.1,1.9,13.1
4/18/1959,8.6,12.8,15.1,11.2
4/19/1959,6.1,6.8,6.8,15.4
4/20/1959,3.7,1,0,12.6
4/21/1959,4.1,0,0,10
4/22/1959,5.3,0,0,9.04
4/23/1959,6.9,0,0,9.24
4/24/1959,7.9,0,0,9.84
4/25/1959,10.1,0,0,10.7
4/26/1959,11.4,0.1,0.2,11.7
4/27/1959,12.2,0,0,11.7
4/28/1959,9.7,4.5,1.2,12.8
4/29/1959,12.3,5.5,8.6,12.6
4/30/1959,7.9,8.5,8.5,16
5/1/1959,5.6,20.1,27.5,14.4
5/2/1959,7.1,0.7,0.7,13.1
5/3/1959,8,0,0,11.4
5/4/1959,10.3,0,0,12.2
5/5/1959,12.4,0,0,14.1
5/6/1959,13.6,0,0,15.7
5/7/1959,15.1,0.2,0,17.9
5/8/1959,16.1,0,0,23.6
5/9/1959,17.3,0,0.2,24.8
5/10/1959,17.4,0,0,24.2
5/11/1959,16,0.4,0,27.6
5/12/1959,13.4,2.8,0,30.4
5/13/1959,12.4,0,0.7,26
5/14/1959,10.9,14.8,10.8,21.8
5/15/1959,8.7,1.8,6.5,20.1
5/16/1959,12.3,0,0,17.9
5/17/1959,13.8,0,0,17.6
5/18/1959,15.1,8.8,2.1,20.1
5/19/1959,13.9,1.6,1.5,22.7
5/20/1959,16.8,0,0,26.4
5/21/1959,16.8,0.3,0,29.1
5/22/1959,15,0,0.7,27.9
5/23/1959,16.4,0,0,31
5/24/1959,14.7,5.4,11.1,32.2
5/25/1959,13.4,0.3,0.9,29.5
5/26/1959,14.5,0,0,27.9
5/27/1959,15.7,0,0,26.7
5/28/1959,14.3,0,0.2,26
5/29/1959,11.1,9.4,7.9,25.1
5/30/1959,9.6,5.7,5.6,22.1
5/31/1959,8.3,3.5,0.9,18.7
6/1/1959,13.6,0,0,16.8
6/2/1959,13.5,0,0,16.5
6/3/1959,17,0,0,19.3
6/4/1959,18.8,0,0,27
6/5/1959,17.1,8.1,10.6,34.1
6/6/1959,16.8,5.9,12,36.1
6/7/1959,16.9,0.9,6.7,42.6
6/8/1959,14.3,0.3,2.9,41.5
6/9/1959,13.5,14.5,13.4,38.8
6/10/1959,10.4,1.6,0.7,41.5
6/11/1959,9.6,5.2,3.4,26.7
6/12/1959,10.2,0.2,0.2,21.8
6/13/1959,12.1,4.5,2.2,19.6
6/14/1959,15,0.1,0,23
6/15/1959,18.1,0,0,27.6
6/16/1959,17.5,0,1,31
6/17/1959,17.4,14.1,1.2,32.9
6/18/1959,16.5,2.1,0.7,36.4
6/19/1959,19.3,3.1,7.1,38.4
6/20/1959,17.4,0.2,0,49.4
6/21/1959,17.8,5.3,6,41.9
6/22/1959,17,0.7,0.7,41.1
6/23/1959,18.8,0.1,0,39.1
6/24/1959,19.7,0.1,1.4,39.1
6/25/1959,17.6,0.5,3.2,37.8
6/26/1959,16.8,13.5,12.4,38.8
6/27/1959,17,1.5,9,57.5
6/28/1959,17.7,15,9.7,45.8
6/29/1959,11,26.4,21.5,58.2
6/30/1959,10.9,7.7,10,49.4
7/1/1959,11,4,4.9,39.1
7/2/1959,16.4,0,0,36.7
7/3/1959,19,0,0,35.4
7/4/1959,20,0,0,35.4
7/5/1959,21,0,0,41.2
7/6/1959,17.1,7.8,0.6,48.4
7/7/1959,21.3,0,0,48
7/8/1959,22.5,0,0,50.2
7/9/1959,23.9,0,0,56
7/10/1959,23.9,0.7,19.4,59.8
7/11/1959,21.6,0,0.3,62.4
7/12/1959,19.3,28.3,8.6,58.6
7/13/1959,19.3,1.7,2.8,58.2
7/14/1959,18.7,29.5,21.3,52.7
7/15/1959,14.4,15.5,20.2,79.1
7/16/1959,15.7,0,0.7,57.9
7/17/1959,17.2,0,0,43.5
7/18/1959,18.5,0,0,40.9
7/19/1959,19,0,0,40.9
7/20/1959,20.9,0,0,40.9
7/21/1959,20.4,0,0,40.9
7/22/1959,20.3,0,0,40.9
7/23/1959,19.9,0,0,41.8
7/24/1959,18.5,0.1,1.8,40.5
7/25/1959,19,0,0,41.2
7/26/1959,18.9,0,0,38.7
7/27/1959,20.1,0,0,33.8
7/28/1959,20.8,6.8,14.1,42.4
7/29/1959,17,3.3,1.8,46.9
7/30/1959,14.9,6.4,9.4,38.4
7/31/1959,12.7,8.1,11.6,32.9
8/1/1959,14.5,0,0,25.2
8/2/1959,12.8,10.9,9.3,25.2
8/3/1959,14.4,0,0,25.2
8/4/1959,16.2,0,0,24
8/5/1959,17.5,0,0,24.6
8/6/1959,17.7,0,0,26.7
8/7/1959,18.5,0,0,30
8/8/1959,17.4,9.1,4.1,35.4
8/9/1959,18.5,2.8,0,36.4
8/10/1959,17.1,4.5,6.8,40.5
8/11/1959,16.6,12,16.8,36.8
8/12/1959,14.3,1.3,1.3,39.8
8/13/1959,17.5,0,0,30.3
8/14/1959,17.9,20.1,27.8,30.6
8/15/1959,16.2,4.6,6.9,54.5
8/16/1959,14.3,0,0,34.5
8/17/1959,15.3,0,0,28.2
8/18/1959,15.7,0,0,28.8
8/19/1959,15.9,0,0,31.3
8/20/1959,14.5,55.1,3.8,31.6
8/21/1959,14.7,0,0,27.6
8/22/1959,14.1,10.7,7.2,28.8
8/23/1959,16.2,1,0,31.9
8/24/1959,18.5,2,12.8,34.5
8/25/1959,19.2,0.1,0,37.8
8/26/1959,19.9,0,0,38.4
8/27/1959,20.5,14.1,0.2,39.8
8/28/1959,17.9,2.7,17.7,47.3
8/29/1959,17.7,0,0,35.8
8/30/1959,13.4,0,0,27.6
8/31/1959,12.6,0,0,24.6
9/1/1959,13,0,0,22.6
9/2/1959,14.3,0,0,20.8
9/3/1959,14.8,0,0,20.5
9/4/1959,14.6,0,0,21.7
9/5/1959,14.5,0,1,20.8
9/6/1959,13.1,0,0,19.9
9/7/1959,12.4,0,0,18.8
9/8/1959,12.6,0,0,17.9
9/9/1959,13.7,0,0,18.8
9/10/1959,15.1,0,0,20.8
9/11/1959,16.6,0,0,21.7
9/12/1959,16.3,0,0,22
9/13/1959,16.8,0,0,23.4
9/14/1959,16.9,0.3,0.8,24
9/15/1959,16.5,0,0,22.3
9/16/1959,17.2,17.9,6.9,21.1
9/17/1959,14.8,25.8,11.7,31.9
9/18/1959,15.9,0,0,22.8
9/19/1959,14.8,0,0,20.2
9/20/1959,14.4,0,0,19.4
9/21/1959,14.8,0,0,17.9
9/22/1959,15.2,0.1,0,19.4
9/23/1959,17.5,0,0,23.1
9/24/1959,17.9,0,0,22.8
9/25/1959,15.7,0.1,1.7,22.6
9/26/1959,16.1,24.2,15.5,21.4
9/27/1959,14.8,7.4,4,26.7
9/28/1959,14.6,0,0,22.3
9/29/1959,12.8,0,0,19.9
9/30/1959,12.2,0,0,17.1
10/1/1959,12.2,0,0,15.7
10/2/1959,12.4,0,0,14.4
10/3/1959,10.9,0,0,13.3
10/4/1959,9.5,0,0,11.3
10/5/1959,8.7,0,0,10.3
10/6/1959,9.7,0,0,9.19
10/7/1959,8.9,0,0,9.19
10/8/1959,8.3,0,0,8.52
10/9/1959,8.7,0,0,8.3
10/10/1959,10.4,11.3,11.6,7.72
10/11/1959,9.7,4.3,7.3,9.19
10/12/1959,9.8,0,0,7.72
10/13/1959,7.7,0,0,6.62
10/14/1959,6.7,0,0,5.98
10/15/1959,5.6,0,0,5.84
10/16/1959,5.4,0,0,5.69
10/17/1959,6.2,0,0,5.41
10/18/1959,10.2,0,0,4.98
10/19/1959,8.7,5.7,5.4,4.73
10/20/1959,7.6,4.5,7.8,5.55
10/21/1959,10.3,0,0,4.98
10/22/1959,10.5,0.5,0,5.41
10/23/1959,8.5,0,0,5.41
10/24/1959,6,0,0,4.63
10/25/1959,8.6,0,0,4.53
10/26/1959,9,0,0,4.32
10/27/1959,9,8.2,3.3,4.52
10/28/1959,2,43.6,61.2,5.27
10/29/1959,2,9.5,7.9,4.84
10/30/1959,2,1.5,0,4.52
10/31/1959,2.2,10.5,10.7,4.42
11/1/1959,3.4,0,1,4.74
11/2/1959,2.3,0,0,4.63
11/3/1959,1.6,0,0,4.52
11/4/1959,0.6,6.6,3.9,4.52
11/5/1959,1.9,7.4,3.7,4.63
11/6/1959,1.9,1.1,1.6,4.42
11/7/1959,2.8,0,0,4.32
11/8/1959,2.8,0,0,4.22
11/9/1959,1.5,0,0,4.22
11/10/1959,2.3,1.4,0.9,4.22
11/11/1959,3.2,0.2,0,4.11
11/12/1959,4,1.3,2.8,4.01
11/13/1959,2.9,0.1,0,4.01
11/14/1959,3.3,13.4,22.1,4.11
11/15/1959,3.2,9.9,7.2,4.53
11/16/1959,2.4,0,0.8,4.42
11/17/1959,4,0,0,4.22
11/18/1959,3.9,0,0,6.26
11/19/1959,2.8,0,0,5.55
11/20/1959,1.7,0,0,5.12
11/21/1959,0,0,0,4.84
11/22/1959,0.8,0,0,4.32
11/23/1959,-0.2,0,0,4.12
11/24/1959,-0.5,0,0,4.01
11/25/1959,-0.5,0,0,3.8
11/26/1959,0.3,0,0,3.8
11/27/1959,4.7,0,0,3.9
11/28/1959,2.7,0,0,3.8
11/29/1959,1.9,0,0,3.72
11/30/1959,2,0,4,3.65
12/1/1959,2.4,0,0,4.32
12/2/1959,2.4,0,0,4.22
12/3/1959,2.5,5.4,9.7,3.91
12/4/1959,2.6,1.3,2.7,3.8
12/5/1959,2.2,0,0,3.65
12/6/1959,-1.3,0,0,3.36
12/7/1959,0.4,0,0,3.43
12/8/1959,0.5,7,6.1,3.43
12/9/1959,0,0,0,3.28
12/10/1959,6.2,0,0,3.21
12/11/1959,2.8,0,0,3.36
12/12/1959,0.6,0,0,3.21
12/13/1959,1,0,0,3.14
12/14/1959,-0.3,0,0,3.01
12/15/1959,-3.5,0,0,2.88
12/16/1959,-3.4,0,0,2.83
12/17/1959,-2.1,0,0,2.83
12/18/1959,2.6,4.1,7.3,2.97
12/19/1959,2.1,0.2,0,2.97
12/20/1959,1.6,3.6,2.3,2.88
12/21/1959,3.4,13.7,13,2.93
12/22/1959,0.7,0.4,1.4,2.97
12/23/1959,2.8,25.5,15.1,3.01
12/24/1959,1.5,3.1,7.3,3.21
12/25/1959,2.5,2.7,1.7,3.14
12/26/1959,4.6,17.9,16.8,4.01
12/27/1959,6,2.1,3.3,6.62
12/28/1959,4,23.1,24.8,4.74
12/29/1959,3.6,6.7,7.6,4.42
12/30/1959,3.2,0.4,0,4.42
12/31/1959,1.6,0,0,4.32
1/1/1960,1.4,0.5,0,4.9
1/2/1960,1.7,12.1,8.2,4.7
1/3/1960,5.5,14.2,5.5,5.23
1/4/1960,3.2,0,0,5.76
1/5/1960,-0.1,2.2,3.4,5.12
1/6/1960,1.9,0,0.6,4.8
1/7/1960,-1.8,0,0,4.4
1/8/1960,-0.3,4,6.3,4.3
1/9/1960,-2,6.1,0.2,4.2
1/10/1960,-7.6,0,0,3.81
1/11/1960,-9.2,4.1,2,3.45
1/12/1960,-5.9,6,3.8,3.72
1/13/1960,-12.1,0.2,0,3.45
1/14/1960,-11.6,0.8,0.6,3.13
1/15/1960,-8.1,0,0,3.28
1/16/1960,-8.3,0,0,3.06
1/17/1960,-7.8,0,0,3.06
1/18/1960,-7.6,0,0,3.06
1/19/1960,-3.7,1.9,0,3.06
1/20/1960,2.9,2.4,4.1,3.13
1/21/1960,1.2,10,4.2,3.63
1/22/1960,1.7,0,0,3.63
1/23/1960,2.1,0,0,3.63
1/24/1960,3.7,0,1,3.63
1/25/1960,5.1,0.1,0,3.72
1/26/1960,2.9,0.1,0,3.63
1/27/1960,5.3,0,0,3.63
1/28/1960,6,8.2,8.5,4.5
1/29/1960,1.9,1.6,2.6,4.8
1/30/1960,-0.8,0,0,4.1
1/31/1960,-1,0,0,3.9
2/1/1960,2,2.5,2,3.72
2/2/1960,1.6,0,0,3.72
2/3/1960,0.3,0,0,3.54
2/4/1960,2.2,4.2,4.6,3.45
2/5/1960,2.6,0,0,3.45
2/6/1960,2.7,4.6,0,3.28
2/7/1960,-3.2,0,0.2,3.13
2/8/1960,-6.9,0,0,2.88
2/9/1960,-5.6,0,0,2.94
2/10/1960,-2.2,0,0,3.06
2/11/1960,0.1,0,0,3.13
2/12/1960,1.9,2.1,1.9,3.06
2/13/1960,-1,1.3,2.4,2.94
2/14/1960,1.4,0,0,2.88
2/15/1960,1.5,0,0,2.88
2/16/1960,2,4.2,3,2.82
2/17/1960,0.5,31.9,19.8,2.88
2/18/1960,2,6.5,5.9,2.94
2/19/1960,3.1,0.3,1.1,3.36
2/20/1960,1,0,0,3.36
2/21/1960,1.5,0,0,3.2
2/22/1960,3.5,4.9,2.3,3.2
2/23/1960,3.5,6.1,5,3.28
2/24/1960,3.7,0.1,0,3.13
2/25/1960,4.2,3.9,2.5,3.2
2/26/1960,6.5,0.1,0,3.9
2/27/1960,5.2,6,4.8,4.5
2/28/1960,4.8,0.1,0,5.12
2/29/1960,9.1,11.4,11,7.8
3/1/1960,7.4,4.2,2,12.3
3/2/1960,4.7,11.3,15,8.9
3/3/1960,5.5,37,29.5,7.45
3/4/1960,7.1,0.2,2.6,13.6
3/5/1960,3.4,0,0,9.9
3/6/1960,2.3,0,0,7.8
3/7/1960,2.7,6,6.3,6.6
3/8/1960,4.1,2.5,0,6.18
3/9/1960,4.2,0,0,5.62
3/10/1960,6.5,0,0,5.23
3/11/1960,7.7,0.2,0,5.23
3/12/1960,5.6,0,0,5.34
3/13/1960,5.4,0,0,5.34
3/14/1960,5.7,0,0,5.34
3/15/1960,6.4,0,0,5.34
3/16/1960,5.1,12.8,19.6,5.62
3/17/1960,5.7,0.1,0,6.32
3/18/1960,5.4,0,0,5.9
3/19/1960,4.1,0,0,5.62
3/20/1960,2.6,0,0,5.34
3/21/1960,2.6,0,0,5.23
3/22/1960,3.9,0,0,5.48
3/23/1960,4.7,0,0,6.18
3/24/1960,6.8,0,0,6.46
3/25/1960,11.1,0,0,6.32
3/26/1960,9.2,0,0,7.8
3/27/1960,9.9,0,0,9.5
3/28/1960,10.1,0.8,1,9.9
3/29/1960,8.1,10.9,12,9.9
3/30/1960,7.7,1.2,2.3,10.9
3/31/1960,7.9,0,0,9.5
4/1/1960,8,3.3,1.2,8.32
4/2/1960,8.4,0,0,8.32
4/3/1960,8.3,3.1,3.8,9.1
4/4/1960,7.1,2.2,0,9.1
4/5/1960,6.6,0,0,8.15
4/6/1960,8.3,0,0,8.7
4/7/1960,12.7,0,0,10.7
4/8/1960,11,0,0,12.8
4/9/1960,11.4,0.6,1.3,14.4
4/10/1960,12.3,0,0,17.1
4/11/1960,7.8,13.5,13.5,16.8
4/12/1960,3.8,0.3,0.1,14.6
4/13/1960,8.4,0,0,12
4/14/1960,8.5,6.4,1.4,12.3
4/15/1960,8.2,0.2,0.3,12.6
4/16/1960,5.6,7,3.3,11.1
4/17/1960,4.3,2.5,5.6,10.1
4/18/1960,6.4,0,0,9.3
4/19/1960,10.6,0,0,9.3
4/20/1960,12,0,0.3,10.9
4/21/1960,11.6,0,0,13
4/22/1960,12.2,0,0,14.9
4/23/1960,10.7,0,0,16.2
4/24/1960,10.4,0.8,1.4,16.8
4/25/1960,8.8,0,0,15.2
4/26/1960,3.4,9.7,11.5,13.3
4/27/1960,3.6,1.7,1.4,11.8
4/28/1960,4.2,2,2.2,10.5
4/29/1960,2.7,6.5,0.4,9.9
4/30/1960,6.1,0.5,0.1,9.1
5/1/1960,5.9,0,0,8.5
5/2/1960,8.1,0,0,8.5
5/3/1960,10.1,0,0,9.5
5/4/1960,13,0,1.2,10.7
5/5/1960,9.8,0,0,11.8
5/6/1960,12.3,0,0,13
5/7/1960,12.9,0,0,16.2
5/8/1960,13.6,0,0,20.8
5/9/1960,14.8,2.4,2.2,23.1
5/10/1960,14.3,0,0,28.8
5/11/1960,14.8,0.5,1.9,30.3
5/12/1960,14.6,0,0,34.5
5/13/1960,16.7,0,0,35.8
5/14/1960,17.2,0,0,38.4
5/15/1960,17.9,6.7,8.1,43.9
5/16/1960,14,0.2,1.9,47
5/17/1960,16.8,0,0,42.5
5/18/1960,15.9,5.1,7.2,42.2
5/19/1960,13.1,26.6,23.4,47.3
5/20/1960,12.7,0.8,0.2,42.2
5/21/1960,13.4,8,7.8,32.2
5/22/1960,10.9,4.6,4.2,31.9
5/23/1960,13.9,0.4,1,27.3
5/24/1960,15.6,18.8,21.8,27
5/25/1960,14.5,0,0.1,44
5/26/1960,14.8,0,0,34.2
5/27/1960,15,0,0,31.2
5/28/1960,14.4,4.1,2.3,31.2
5/29/1960,12.3,12.2,9.9,31.8
5/30/1960,14.2,0,0,27.7
5/31/1960,15.7,0,0,28
6/1/1960,15.1,4.7,3.5,31.2
6/2/1960,16.7,0.1,0,29.6
6/3/1960,16.8,0,1.6,29.9
6/4/1960,16.5,0.6,7.9,32.6
6/5/1960,15.8,0.2,0.8,34.6
6/6/1960,20,0,2,39.7
6/7/1960,16.6,2.4,4.6,45.2
6/8/1960,16.9,1.2,4.8,43.8
6/9/1960,16.4,5.1,5,43.1
6/10/1960,14.6,16.4,16,43.8
6/11/1960,15.4,0,0,42.5
6/12/1960,17.1,2.9,0,36
6/13/1960,17.5,11.2,16.8,39.4
6/14/1960,12.3,0,0.6,48.4
6/15/1960,15.4,0.2,0,37.6
6/16/1960,17.3,0,0,32.2
6/17/1960,17.9,0,0,33.8
6/18/1960,20.6,0,0,41.4
6/19/1960,20.8,12,11.6,48
6/20/1960,19.8,0,0,53.8
6/21/1960,19.1,0,0,45.6
6/22/1960,19.6,0,0,43.4
6/23/1960,20.2,0.8,1.2,44.8
6/24/1960,17.3,1.5,1.3,44.8
6/25/1960,16.1,15.9,15.1,43.1
6/26/1960,13.8,14.6,13.5,60.5
6/27/1960,16.2,1.6,4,56
6/28/1960,15.4,14.1,11.4,41.7
6/29/1960,12,0,0.1,48.5
6/30/1960,12.8,0,0,32.6
7/1/1960,13.5,0,0,28.3
7/2/1960,14.3,0,0,26.4
7/3/1960,15.5,0.2,0,24.6
7/4/1960,15.6,0,0,23.8
7/5/1960,15.9,0,0,22.3
7/6/1960,18.5,7.8,10.5,26.8
7/7/1960,17.4,5.2,3.3,38
7/8/1960,13.5,14.4,19.5,40.5
7/9/1960,14.1,0.2,0.5,33.8
7/10/1960,12.5,1.6,0.9,26.4
7/11/1960,14.9,18.3,20.4,33.4
7/12/1960,14.3,3.3,6,47.6
7/13/1960,16.2,0,0,36.9
7/14/1960,16.6,9.2,11,32.9
7/15/1960,14.3,15,14.8,45.6
7/16/1960,14,1,2,42.8
7/17/1960,16.5,0,0,34.6
7/18/1960,16.7,0.6,0,38.3
7/19/1960,16.1,15.6,9.3,46.2
7/20/1960,16,25.6,11.2,55.3
7/21/1960,15.7,0,0,65
7/22/1960,15.5,3.1,8.1,40.3
7/23/1960,12.2,3.1,4.8,36.6
7/24/1960,14.4,0,0,30.2
7/25/1960,15.3,0,0,27.1
7/26/1960,17.4,0.3,0,28.3
7/27/1960,13.7,7.5,6.8,31.5
7/28/1960,15.2,0.1,0,29.2
7/29/1960,17.9,0,0,29.9
7/30/1960,16.5,17,8,39
7/31/1960,17.7,26.1,16.5,45.2
8/1/1960,12.9,11.3,20.9,72.1
8/2/1960,12.8,0.8,4.1,52.6
8/3/1960,14.5,0,0,39.4
8/4/1960,16.9,20.1,4.1,33.2
8/5/1960,15.6,23.6,22,48.4
8/6/1960,15.8,0.4,7.3,55.6
8/7/1960,16.2,21.6,8.1,44.5
8/8/1960,14.2,22.8,20.2,58.4
8/9/1960,14.6,0.3,3.5,57.5
8/10/1960,15.5,0,0,43.8
8/11/1960,17.6,12.1,9.2,39.4
8/12/1960,13.6,35.4,35,58.8
8/13/1960,12.7,2.6,1.1,66.9
8/14/1960,15.7,0,0.2,44.5
8/15/1960,15.6,0.6,0.3,35.2
8/16/1960,15.1,0,0,30.2
8/17/1960,15,0.1,0,28.6
8/18/1960,15.7,46.5,37.3,40.8
8/19/1960,13.6,1.4,2.9,73.4
8/20/1960,14.9,0,0,41.4
8/21/1960,15.4,0,0,34.9
8/22/1960,18,0,0,34.2
8/23/1960,18.7,0,0,37.6
8/24/1960,19,0,0,43.1
8/25/1960,20.3,0,0,43.4
8/26/1960,19.9,0,0,44.5
8/27/1960,18.7,0.2,2.5,45.2
8/28/1960,17.4,25.7,20.7,62.1
8/29/1960,17.8,0.7,1.4,44.5
8/30/1960,14.2,2.4,6.1,37.2
8/31/1960,14.7,0.2,0,28.3
9/1/1960,13.7,0.2,0.7,23.5
9/2/1960,14.2,0,0,22.3
9/3/1960,15.3,7.7,5.5,23.2
9/4/1960,14.6,9.2,20,34.2
9/5/1960,10.7,20.4,20.1,40.3
9/6/1960,10.3,3.5,3,33.8
9/7/1960,11,10,12.1,29.6
9/8/1960,12.6,3.4,5.1,42.4
9/9/1960,11.1,0,0,32.6
9/10/1960,11.9,0,0,25.5
9/11/1960,13.3,0,0,22.9
9/12/1960,14.2,0,0,22
9/13/1960,14.3,10.4,0,20.8
9/14/1960,13.7,0,0,19.7
9/15/1960,13.2,0.2,0,19.4
9/16/1960,14.3,25.5,45.1,39.2
9/17/1960,10.3,2.7,2.4,70.2
9/18/1960,11.3,0.2,0.3,33.8
9/19/1960,9.9,13.1,15.3,30.2
9/20/1960,8.9,2.2,2.3,26.8
9/21/1960,8,0.1,0.2,23.5
9/22/1960,8.8,0,0,20.3
9/23/1960,9.9,0,0,17.8
9/24/1960,12.7,0,0,16.7
9/25/1960,13,0,0,15.7
9/26/1960,12.4,0,0,14.4
9/27/1960,9.4,2.1,0.4,13.5
9/28/1960,10.3,7.6,8.5,13.1
9/29/1960,7.7,10.4,7.4,15.7
9/30/1960,9.2,11.4,10.2,13.5
10/1/1960,10.6,0.1,0,17.5
10/2/1960,11.2,0.2,0.2,14.1
10/3/1960,13.4,0,0,14.1
10/4/1960,12.5,0,0.2,20.3
10/5/1960,11.5,0,0,19.4
10/6/1960,10.9,17.9,26.6,16.7
10/7/1960,9.2,4.5,4.3,24.6
10/8/1960,8.7,0,0,17.8
10/9/1960,6.4,12.6,10.6,17.2
10/10/1960,8.6,0.4,0.5,16.2
10/11/1960,7.9,18.4,10.3,14.8
10/12/1960,4.3,0.7,2.2,14.1
10/13/1960,3.7,0,0,12.8
10/14/1960,4.3,7.8,10.6,12.2
10/15/1960,1.4,19.5,18.8,12
10/16/1960,3,8.2,6.9,11.2
10/17/1960,4.2,0.9,1,10.8
10/18/1960,3.5,0,0,10.6
10/19/1960,5.4,0,0,11
10/20/1960,10.6,5,7,13.1
10/21/1960,6.7,1,2,16
10/22/1960,7.4,0,0,13.1
10/23/1960,9,0,0,19.2
10/24/1960,9.4,0,0,17
10/25/1960,8.6,9,10.1,14.1
10/26/1960,9.5,0.6,0.1,16.4
10/27/1960,6.4,0,0,13.3
10/28/1960,8.3,4.1,7,12.2
10/29/1960,10.5,1.2,3.7,21.9
10/30/1960,8.2,0,0,17.2
10/31/1960,7.1,0.2,0.2,13.8
11/1/1960,10,11.6,9.5,13.1
11/2/1960,8.1,0,0.1,20.3
11/3/1960,4.8,0,0,15.1
11/4/1960,8,17.7,15.7,13.1
11/5/1960,5.8,4.8,3.8,13.8
11/6/1960,5.4,2.8,1.5,12.2
11/7/1960,4.8,4.5,0.7,11.2
11/8/1960,3.5,0,0,10.3
11/9/1960,2.2,0,0,9.45
11/10/1960,2.5,0.3,0,8.84
11/11/1960,5.8,0,0.6,8.64
11/12/1960,5.4,2.4,2.7,8.26
11/13/1960,5,0.5,1.6,8.64
11/14/1960,4,0,0,7.88
11/15/1960,4.9,2.5,2.7,7.5
11/16/1960,5,6.3,7.5,8.26
11/17/1960,5,8.5,6.1,7.88
11/18/1960,6.2,6.1,5,9.45
11/19/1960,3.9,15.9,13.4,8.84
11/20/1960,2.9,0,0,8.26
11/21/1960,3,0,0,7.88
11/22/1960,7.8,0.3,1.2,8.64
11/23/1960,5.9,0.4,0.7,8.45
11/24/1960,5.9,0,0,7.69
11/25/1960,4.9,0.6,0.9,7.5
11/26/1960,4.8,0.2,0.1,7.88
11/27/1960,6.3,0,0.1,7.69
11/28/1960,4.4,23.5,21,7.5
11/29/1960,2.8,0,0,7.32
11/30/1960,1.2,0,0,6.63
12/1/1960,0.4,0,0,6.46
12/2/1960,1.9,0,0,6.12
12/3/1960,0.9,0,0,5.8
12/4/1960,2.9,0,0,5.65
12/5/1960,6.5,0.8,0,5.8
12/6/1960,4.9,19.2,20.2,5.8
12/7/1960,1,4.2,2.4,5.8
12/8/1960,0.6,0,0,5.36
12/9/1960,1,0.3,1.2,5.22
12/10/1960,0.9,0,0,5.08
12/11/1960,0.8,0.3,0.3,4.94
12/12/1960,0.7,0,0,4.81
12/13/1960,-1.2,0,0,4.44
12/14/1960,-2.8,0,0,4.22
12/15/1960,-1.2,0,0,4.44
12/16/1960,-0.7,0,0,4.33
12/17/1960,-1.2,0,0,4.33
12/18/1960,-0.6,2.5,0.4,4.33
12/19/1960,0.8,0.1,0,4.22
12/20/1960,0.9,15.2,14.7,4.22
12/21/1960,0.6,0,0,4
12/22/1960,-2.2,0.4,0,3.8
12/23/1960,-1.8,1.1,0,3.8
12/24/1960,-5.1,0,0,3.24
12/25/1960,-5.4,0,0,3.32
12/26/1960,-3.7,0,0,3.4
12/27/1960,0.2,6.7,5.7,3.6
12/28/1960,-0.6,0.8,0.2,3.6
12/29/1960,-3.9,0,0,3.4
12/30/1960,-7,0,0,3.32
12/31/1960,0.7,0.7,1.2,3.4
1/1/1961,1,6,7.4,3.6
1/2/1961,0.4,0.2,0,3.4
1/3/1961,2.7,13.7,12.2,3.5
1/4/1961,0.3,0.5,2.4,3.4
1/5/1961,-0.4,0.3,0.5,3.4
1/6/1961,-2.5,1.4,1.9,3.24
1/7/1961,-1.8,0,0,3.24
1/8/1961,-1.2,4.8,2.3,3.24
1/9/1961,0.9,1.3,0.1,3.18
1/10/1961,1.1,0,0,3.18
1/11/1961,0.9,0.1,0.4,3.18
1/12/1961,1.7,0,0,3.12
1/13/1961,-0.8,0,0,3.06
1/14/1961,-1.8,0,0,3
1/15/1961,-2.2,0,0,2.94
1/16/1961,-2.5,0,0,2.94
1/17/1961,-1.5,0,0,2.88
1/18/1961,-1.1,0,0,2.94
1/19/1961,-3.3,0,0,2.88
1/20/1961,-2.3,0,0,2.82
1/21/1961,-0.6,0,0,2.94
1/22/1961,-3,0,0,2.94
1/23/1961,0.4,6.5,6.6,2.94
1/24/1961,0.9,7.9,7.7,2.88
1/25/1961,1.6,1.7,5,2.88
1/26/1961,1,0.4,0.2,2.88
1/27/1961,-1.4,0,0,2.82
1/28/1961,-0.2,5.2,4.5,2.82
1/29/1961,1.6,0,0,2.94
1/30/1961,1.5,2.4,2,2.94
1/31/1961,3,15.7,13,4.11
2/1/1961,2.2,1.5,6.4,4.81
2/2/1961,2.7,20.4,23.5,4.11
2/3/1961,1.7,16.7,16.6,4
2/4/1961,3.5,5.1,15.9,3.7
2/5/1961,2.4,10.9,9.4,3.8
2/6/1961,2.7,3.3,2.7,4.33
2/7/1961,2.7,2.3,3.4,4.44
2/8/1961,3,0,0,4
2/9/1961,5.2,5.3,5.7,4
2/10/1961,3.6,0,0,4.33
2/11/1961,2.7,7.5,5.7,4
2/12/1961,4,25.1,19.2,5.36
2/13/1961,4.2,0,0,5.65
2/14/1961,2.7,0,0,5.8
2/15/1961,3.4,0,0,5.65
2/16/1961,3.1,0,0,5.8
2/17/1961,2.2,0,0,5.8
2/18/1961,3.2,0,0,5.8
2/19/1961,3.9,0,0,5.8
2/20/1961,1.3,0,0,5.8
2/21/1961,0.9,0,0,5.5
2/22/1961,3.7,0,0,5.22
2/23/1961,4.3,0,0,4.81
2/24/1961,5.9,0,0,4.81
2/25/1961,5.1,0,0,5.08
2/26/1961,6.1,0,0,5.22
2/27/1961,8.7,0,0,6.12
2/28/1961,4.9,13.1,12.4,8.26
3/1/1961,3,10,7.5,7.69
3/2/1961,3.1,0,0.2,6.46
3/3/1961,2.3,2.8,2.6,5.8
3/4/1961,2.3,0,0,5.5
3/5/1961,2.2,0,0,5.22
3/6/1961,3.6,0,0,5.5
3/7/1961,4.9,0,0,5.96
3/8/1961,5,0,0,6.63
3/9/1961,6.1,0,0,7.32
3/10/1961,5.8,0,0,7.88
3/11/1961,8.1,0,0,7.88
3/12/1961,6.7,0,0,8.64
3/13/1961,8.3,0,0,9.04
3/14/1961,8.2,0,0,8.64
3/15/1961,8.2,0,0,9.9
3/16/1961,5.8,0,0,10.3
3/17/1961,7.3,0,0,11
3/18/1961,8.5,14.4,14.5,11.7
3/19/1961,1.4,12.6,11.9,13.3
3/20/1961,1.6,0,0.1,10.3
3/21/1961,1,7.5,7,8.84
3/22/1961,0.4,0.3,0,7.88
3/23/1961,1.3,0,0,7.14
3/24/1961,4.1,0,0,6.97
3/25/1961,5.1,0,0,7.14
3/26/1961,8.1,0,0,7.69
3/27/1961,6.7,0,0,8.07
3/28/1961,4.9,0,0,7.69
3/29/1961,6.3,0,0,6.63
3/30/1961,8.6,7.1,4.6,6.63
3/31/1961,9.9,2.3,0,7.14
4/1/1961,10,1.1,1.7,7.88
4/2/1961,9.2,3.9,1.1,9.45
4/3/1961,8.5,0.4,0.1,10.1
4/4/1961,10.4,0,0,9.9
4/5/1961,13.3,0,0,11.2
4/6/1961,15.5,0,0,13.1
4/7/1961,14.6,0.2,0,16.4
4/8/1961,13.6,7.6,3.8,18.9
4/9/1961,12.6,0,0,24.3
4/10/1961,12.8,1.1,0.9,21.7
4/11/1961,10,1.6,5,21.1
4/12/1961,12.2,0,0,18.6
4/13/1961,13.8,0,0,18.9
4/14/1961,12.6,10.5,11.8,18.3
4/15/1961,5.3,8.4,16.3,19.4
4/16/1961,10.4,0.2,0.5,16
4/17/1961,11.3,11.2,4.9,14.6
4/18/1961,7.7,2.5,2.2,15.7
4/19/1961,10.4,0,0,14.6
4/20/1961,11,0,0,14.6
4/21/1961,10.3,1.9,1.9,14.1
4/22/1961,8.6,4.1,7.7,15.7
4/23/1961,6.5,22.3,30.5,16.7
4/24/1961,6.5,2.1,1.2,18
4/25/1961,10.5,3.6,4.2,17.2
4/26/1961,9.5,7.6,6.5,18.6
4/27/1961,9.7,0,0.2,17.2
4/28/1961,11,3.1,0,16.2
4/29/1961,8.8,6.9,8.5,16.4
4/30/1961,7.1,6.6,5.1,17.2
5/1/1961,8.8,0.5,0.1,15.7
5/2/1961,10.7,0.4,0.3,15.4
5/3/1961,11.5,0.9,0.8,15.7
5/4/1961,14.4,0,0,18.3
5/5/1961,16.1,1.2,1.7,22.3
5/6/1961,13.2,10.3,4.2,29.6
5/7/1961,14.4,0,0,29.6
5/8/1961,14.7,0,0,28
5/9/1961,11.2,8.9,13.5,25.8
5/10/1961,6.1,6.1,3.3,23.2
5/11/1961,7.1,2.9,3.9,20.3
5/12/1961,7.7,1.5,1.3,18
5/13/1961,13.6,0,0,17.8
5/14/1961,17.8,0.3,0,19.4
5/15/1961,15.4,1.6,0.2,24.3
5/16/1961,13.1,0,0,25.3
5/17/1961,13.5,0,0,24
5/18/1961,10.1,0.1,3.4,23.2
5/19/1961,11.4,0.3,0,20.3
5/20/1961,8.1,8.1,8.5,18.3
5/21/1961,6.1,5,5.4,17.2
5/22/1961,8.3,0.4,0.8,15.7
5/23/1961,8,5.1,9.7,15.7
5/24/1961,12.4,0,0,17.8
5/25/1961,14.4,0.5,0.4,19.7
5/26/1961,13.4,1.4,2.1,20.8
5/27/1961,10.1,15.4,16,25.2
5/28/1961,6.9,23.7,16.3,26.4
5/29/1961,4.2,6.2,4.5,24.3
5/30/1961,9.3,0,0,23.8
5/31/1961,15.4,0,0,24.9
6/1/1961,12.9,2.7,0.6,25.2
6/2/1961,11.6,2.6,9.3,24.6
6/3/1961,10.7,1.3,1.5,24.3
6/4/1961,12.1,4.4,1.1,22.6
6/5/1961,15.1,3.2,6.5,22
6/6/1961,14.7,2.1,2.2,26.8
6/7/1961,13.3,17.2,9.2,30.6
6/8/1961,14.7,0.1,0,33.2
6/9/1961,10.2,42.2,46.6,40
6/10/1961,10,1.9,1.5,43.1
6/11/1961,14.6,0,0,36.3
6/12/1961,14.4,0.4,0.4,33.5
6/13/1961,14.1,5,8.4,40.6
6/14/1961,15.5,0,0,42.4
6/15/1961,16.7,0,0,37.6
6/16/1961,16.4,0,0.1,36.6
6/17/1961,17.4,0,0,36.9
6/18/1961,20,0,0,40.3
6/19/1961,21.9,0,0,48
6/20/1961,21.3,0,0,57.2
6/21/1961,19.5,16,8.3,66.9
6/22/1961,18.3,1.1,0.6,62.1
6/23/1961,20.3,0,0,55.6
6/24/1961,22,0,0,52.3
6/25/1961,20.1,2.5,4.4,59
6/26/1961,20,7.6,4,63.7
6/27/1961,16.4,20.7,17.5,69.7
6/28/1961,17.3,0.1,0,66.1
6/29/1961,19.6,0,0,53
6/30/1961,22.5,0.3,0,52
7/1/1961,22.3,0,0.6,53
7/2/1961,23.5,0.2,5.9,59.4
7/3/1961,20.2,7.6,3.6,62.5
7/4/1961,17.9,21.7,7.3,61.8
7/5/1961,13.9,0,0,48.7
7/6/1961,15.9,0,0,38.6
7/7/1961,15.8,0,0,34.9
7/8/1961,16.8,2.7,2.4,33.2
7/9/1961,12.9,4.1,1.6,32.2
7/10/1961,19.1,0,0,30.9
7/11/1961,17.6,9.6,6.4,35.2
7/12/1961,19.5,14.2,15.5,44.5
7/13/1961,13.2,4.9,2.9,55.4
7/14/1961,13,4,1.6,34.2
7/15/1961,13,2.1,2,31.8
7/16/1961,15.1,2.3,2.1,25.5
7/17/1961,12.2,8,9.1,24
7/18/1961,14.1,0.9,0.7,23.2
7/19/1961,13.7,22.3,19.3,26.4
7/20/1961,15.9,0.5,1.7,39
7/21/1961,17,1.6,1.1,29.9
7/22/1961,14.8,1.5,2,25.8
7/23/1961,16.6,0,0.1,24
7/24/1961,15.3,4.1,17.8,26.4
7/25/1961,17.3,0,0,27.7
7/26/1961,19.1,0,0,28
7/27/1961,18,2,2.3,30.2
7/28/1961,16.4,24,25.4,36.3
7/29/1961,11.8,3,1.3,60.6
7/30/1961,14.2,0,0,34.2
7/31/1961,16.4,0,0,28.6
8/1/1961,18.5,8.4,9.8,29.6
8/2/1961,16,9.4,9.2,42.4
8/3/1961,15.4,0.1,0,45.2
8/4/1961,16,0,0,35.2
8/5/1961,18.8,0,0,39.4
8/6/1961,21.2,0.6,2.7,46.6
8/7/1961,16.7,2.2,3.2,45.2
8/8/1961,18.2,0.7,0.1,49.4
8/9/1961,18.3,13.7,15.7,59
8/10/1961,18.6,52.7,23.3,60.6
8/11/1961,17.8,25,21.8,88.5
8/12/1961,12.1,14.3,12.3,84.2
8/13/1961,14.8,0,0,54
8/14/1961,16.4,0,0,37.8
8/15/1961,15.4,5,5.6,31.3
8/16/1961,11.4,14.9,10.8,31.3
8/17/1961,10.9,13,21.7,36.8
8/18/1961,12.2,0,0,35.5
8/19/1961,15.4,11.9,9.7,30.3
8/20/1961,14.1,0,0,36.5
8/21/1961,14.8,0,0,27.5
8/22/1961,17.1,0,0.4,26
8/23/1961,15.5,0,0,24.8
8/24/1961,15.7,0,0,23
8/25/1961,15.4,0,0,22.4
8/26/1961,15.8,0,0,23
8/27/1961,17.2,0,0,26.9
8/28/1961,18.5,0,0,29.1
8/29/1961,18.3,0,0,29.4
8/30/1961,19,0,0,31.3
8/31/1961,18.7,0,0,31.3
9/1/1961,19.1,0,0,32.6
9/2/1961,19.4,2.3,0.7,33.9
9/3/1961,18.4,3.4,4.4,35.8
9/4/1961,18.7,0.3,0,34.8
9/5/1961,15.9,11.8,3.8,30.6
9/6/1961,15.4,0.5,1.7,27.8
9/7/1961,15.7,4.6,2.3,24.5
9/8/1961,13.2,1.5,2,20.9
9/9/1961,12.9,0,0,18.2
9/10/1961,12.4,0,0,16.3
9/11/1961,14,0,0,16
9/12/1961,16.2,0,0,16
9/13/1961,15.2,0,0,16.6
9/14/1961,17.6,4.5,0.9,19.3
9/15/1961,18.2,0,0,27.5
9/16/1961,17.9,0,0,26.9
9/17/1961,17.3,0,0,27.5
9/18/1961,18.3,0,0,25.1
9/19/1961,16.8,0,0,22.7
9/20/1961,18.8,0,0,22.1
9/21/1961,18.4,0,0,21.2
9/22/1961,16.4,0,0,20.1
9/23/1961,17,0,0,20.4
9/24/1961,15.5,0,0,20.6
9/25/1961,16,0,0,19.3
9/26/1961,13.9,0.9,0.4,17.7
9/27/1961,15.9,0,0,17.4
9/28/1961,15.7,0,0,20.1
9/29/1961,16.1,0,0,20.4
9/30/1961,17.6,0.2,0.1,25.4
10/1/1961,16,0,0.1,20.6
10/2/1961,15.9,0,0,17.7
10/3/1961,15.7,0,0,15.8
10/4/1961,14.9,0,0,14.5
10/5/1961,14.3,0,0,14
10/6/1961,15.1,15.6,14,14
10/7/1961,9,8.2,7.1,21.8
10/8/1961,8.2,0,0,12.2
10/9/1961,9.7,0,0,8.92
10/10/1961,9.6,0,0,8.3
10/11/1961,10.7,0,0,8.3
10/12/1961,11,0,0,7.7
10/13/1961,11.6,0,0,7.32
10/14/1961,11,0,0,7.32
10/15/1961,10.2,0,0,6.78
10/16/1961,11.6,1,0.4,6.6
10/17/1961,11.2,16,7,6.6
10/18/1961,3.2,2.8,3.1,6.45
10/19/1961,2,7.3,2.5,5.46
10/20/1961,4.5,0,0,5.33
10/21/1961,3.6,0,0,4.94
10/22/1961,4.7,0,0,4.7
10/23/1961,6.8,0,0,4.48
10/24/1961,7.6,0.1,0.2,4.48
10/25/1961,11.1,0,0,5.07
10/26/1961,9.2,0,0,6.16
10/27/1961,10,0.4,0.1,6.45
10/28/1961,7.6,5.4,6.2,6.3
10/29/1961,6.6,0,0,5.6
10/30/1961,5.6,0,0,4.82
10/31/1961,3.5,0,0,4.48
11/1/1961,2.8,0,0,4.28
11/2/1961,3,0,0,4.28
11/3/1961,5.5,9,9.1,4.28
11/4/1961,0.1,2.5,4.5,4.28
11/5/1961,0.1,2.5,2,4.28
11/6/1961,0.7,0,0.1,4.38
11/7/1961,1,0,0,4.28
11/8/1961,3.9,2.6,0.1,4.28
11/9/1961,4.9,11.5,12.4,4.38
11/10/1961,4.9,0,0,4.94
11/11/1961,4.5,0,0,4.28
11/12/1961,6.3,3.5,4.1,4.38
11/13/1961,6.9,0,0,4.48
11/14/1961,5.4,0,0,4.19
11/15/1961,3.3,0,0,3.96
11/16/1961,1.6,0,0,3.84
11/17/1961,1.7,0,0,3.78
11/18/1961,0.8,0,0,3.62
11/19/1961,1.7,0,0,3.62
11/20/1961,0.6,0,0,3.52
11/21/1961,0.2,0,0,3.52
11/22/1961,-1.5,0,0,3.47
11/23/1961,2,0,0,3.52
11/24/1961,5.5,0.1,0,3.47
11/25/1961,3.7,0,0,3.47
11/26/1961,6.6,0,0,3.42
11/27/1961,7.7,6.9,0.1,3.52
11/28/1961,6,0,0,3.52
11/29/1961,3.3,1.4,0.7,3.42
11/30/1961,4.5,0,0,3.42
12/1/1961,5.1,1.6,0.3,3.42
12/2/1961,5.3,6.6,5.4,3.42
12/3/1961,7.5,11.7,15.8,3.52
12/4/1961,7.4,3.1,2,8.86
12/5/1961,6.5,15.5,5.6,6.6
12/6/1961,1.1,2.3,4.1,5.74
12/7/1961,-1.3,0,0.1,4.59
12/8/1961,-2.7,0,0,3.9
12/9/1961,2.6,3.7,7,4.19
12/10/1961,3.8,16.2,14.6,4.82
12/11/1961,8.6,76.6,38.4,40.2
12/12/1961,10.5,16.9,7.9,52.6
12/13/1961,8.4,4,6.3,31.5
12/14/1961,5.6,0.4,1.8,19.8
12/15/1961,2.7,0,0,15
12/16/1961,-0.5,0,0,11.1
12/17/1961,-5.1,0,0,8.71
12/18/1961,-4.6,0,0,7.32
12/19/1961,-4.9,0,0,6.6
12/20/1961,-4.6,0,0,6.02
12/21/1961,-2.7,0,0,6.02
12/22/1961,-2.1,0,0,5.6
12/23/1961,-1.7,0,0,5.33
12/24/1961,-2.5,0,0,5.07
12/25/1961,-2.6,0,0,4.94
12/26/1961,1,2.5,0.5,4.7
12/27/1961,1.4,0.1,0,4.48
12/28/1961,-0.1,0,0,4.38
12/29/1961,-2.5,0,0,4.19
12/30/1961,1.7,0.2,0,4.1
12/31/1961,5.7,26.5,15.1,4.1
1/1/1962,0.3,15.2,9,4.65
1/2/1962,0,21.6,13.1,4.54
1/3/1962,-0.7,0,0,4.16
1/4/1962,0.6,0.7,0.6,4.25
1/5/1962,1.4,0.5,0,4.25
1/6/1962,1.6,0.6,0.4,4.16
1/7/1962,0.4,0,0,4
1/8/1962,-3.4,0,0,3.85
1/9/1962,-1.1,0,0,3.7
1/10/1962,2.7,0.7,0,3.78
1/11/1962,3.2,13.9,13.6,4.16
1/12/1962,2.4,9.8,7,4.25
1/13/1962,3,22.1,14.6,8.22
1/14/1962,1.2,0.3,0,6.76
1/15/1962,-0.6,0,0,4.87
1/16/1962,-1.5,0,0,4.54
1/17/1962,-0.2,0,0,4.16
1/18/1962,3.3,0.2,0,4
1/19/1962,2.6,0,0,4
1/20/1962,3,0,0,3.85
1/21/1962,0.7,0,0,3.78
1/22/1962,1.2,0.7,2.1,3.7
1/23/1962,1.8,0,0,3.63
1/24/1962,1.6,0.4,0.1,3.56
1/25/1962,3.6,19.5,15.9,3.7
1/26/1962,4,7.3,4.5,3.78
1/27/1962,4.7,15,11.6,4.98
1/28/1962,2,1.9,0.5,5.48
1/29/1962,-3.2,0,1.6,4.25
1/30/1962,-6.6,0,0,3.7
1/31/1962,-6.9,0,0,3.49
2/1/1962,-6.1,1,1.4,3.56
2/2/1962,-2.7,1.5,1.3,3.7
2/3/1962,-2.8,0.2,0.1,3.49
2/4/1962,0,7.5,9,3.42
2/5/1962,3.7,19.9,9.6,4
2/6/1962,3.7,0,0,3.85
2/7/1962,0.7,0,0,3.56
2/8/1962,1.6,2.5,2.2,3.49
2/9/1962,2.9,0,0,3.42
2/10/1962,0.3,0,0,3.29
2/11/1962,0.2,0,0,3.29
2/12/1962,5.6,8.1,6,3.29
2/13/1962,2.7,30.3,37.9,4.96
2/14/1962,-2.4,11.5,13,4.08
2/15/1962,-3.1,11.6,6.5,3.7
2/16/1962,2.1,5.5,4.2,3.7
2/17/1962,3.1,0.2,2.7,3.7
2/18/1962,0.6,0,0,3.56
2/19/1962,-0.5,0,0,3.49
2/20/1962,-0.1,0,0,3.56
2/21/1962,-0.9,0,0,3.63
2/22/1962,-0.3,0,0,3.63
2/23/1962,-1.1,0,0,3.49
2/24/1962,-2,0,0,3.42
2/25/1962,-2.9,0,0,3.36
2/26/1962,0.8,0,0,3.42
2/27/1962,0.9,0,0,3.36
2/28/1962,1.1,1.9,5.7,3.36
3/1/1962,0.9,1.7,0.3,3.42
3/2/1962,1.3,0.3,0,3.29
3/3/1962,0.2,0,0,3.29
3/4/1962,2.5,0,0,3.29
3/5/1962,2.8,6,4.5,3.49
3/6/1962,-1.8,3.5,0.4,3.42
3/7/1962,-1.1,0,0,3.36
3/8/1962,1.8,0,0,3.42
3/9/1962,5.1,0,0,3.56
3/10/1962,6.3,9.6,8.1,3.85
3/11/1962,4.4,1.6,2.8,4.54
3/12/1962,3.9,10.9,9.8,4.34
3/13/1962,-1.5,2.1,1.1,4.08
3/14/1962,-2.7,1.2,0.1,3.85
3/15/1962,-3.6,2.4,0.9,3.7
3/16/1962,-3.3,0,0,3.56
3/17/1962,-3.1,0,0,3.42
3/18/1962,-2.4,0,0,3.42
3/19/1962,-1.1,0,0,3.42
3/20/1962,0.6,0,0,3.42
3/21/1962,2.8,0,0,3.49
3/22/1962,1.9,0,0,3.56
3/23/1962,1.4,0,0,3.56
3/24/1962,1.5,0,0,3.49
3/25/1962,1.4,0,0,3.56
3/26/1962,2.9,7,6.3,3.56
3/27/1962,2.3,14.1,16.6,3.7
3/28/1962,5.3,5.6,2.5,3.85
3/29/1962,4.9,3.3,2.3,4
3/30/1962,7.8,5.9,6.2,5.1
3/31/1962,8.2,12,10,12.1
4/1/1962,5.5,1.4,2.7,12.8
4/2/1962,5.9,0,1.7,8.86
4/3/1962,8.8,3.1,1.3,7.64
4/4/1962,6.6,5,3.9,7.64
4/5/1962,2.8,18.6,23.7,7.09
4/6/1962,1.9,7.2,15,6.15
4/7/1962,3.7,0,0,5.61
4/8/1962,8.4,4.6,5.8,5.87
4/9/1962,5,5.6,6.1,6.92
4/10/1962,2.5,2.3,0.6,6.15
4/11/1962,3.8,0,0,5.74
4/12/1962,6.7,0,0,6
4/13/1962,4.1,5.8,9,6.3
4/14/1962,2,11.1,9.9,6
4/15/1962,4.2,0.3,0,5.61
4/16/1962,6.7,0,0,5.22
4/17/1962,14.1,0,0,8.61
4/18/1962,14.7,0,0,24.5
4/19/1962,11.9,0,0,22.7
4/20/1962,11.5,0,0,21
4/21/1962,12.3,0,0,20.4
4/22/1962,14.5,0,0,24.5
4/23/1962,13.9,0,0,26.8
4/24/1962,13.5,0,0,26.2
4/25/1962,14.8,0,0,28.2
4/26/1962,14.6,0.2,0,30.3
4/27/1962,11.8,0,0.1,30.3
4/28/1962,11.8,0,0,27.1
4/29/1962,8.7,0,0,23.3
4/30/1962,3.7,2.9,0.5,19.3
5/1/1962,6.2,0,0,15.7
5/2/1962,11.1,0,0,14.2
5/3/1962,12.3,0.8,0.4,14.7
5/4/1962,8.3,12.5,11.6,15.7
5/5/1962,13,5.2,5,15.2
5/6/1962,12.5,1.2,2.6,21.3
5/7/1962,16.2,0,0,29.1
5/8/1962,20.4,0,0,37.5
5/9/1962,13.4,6.9,9.3,39.2
5/10/1962,9.8,2.6,7.5,34.2
5/11/1962,9.7,3.5,0.2,25.6
5/12/1962,10.6,0,0.1,21.8
5/13/1962,6.8,23.7,27.5,19.6
5/14/1962,5.9,7.5,8.4,19.3
5/15/1962,5.7,17.7,16.5,17.7
5/16/1962,11.6,0,0,18.2
5/17/1962,12.9,7.2,1.4,19.3
5/18/1962,13.8,0,0,26.2
5/19/1962,10.6,19.5,17,27.9
5/20/1962,5.6,2.6,1.3,25.3
5/21/1962,10.9,0.1,0,20.2
5/22/1962,13.9,0,0,20.2
5/23/1962,15.6,0.2,0.5,22.7
5/24/1962,10.5,15.6,7.3,25.3
5/25/1962,6.4,8.6,2.6,24.2
5/26/1962,8.8,2.2,3.1,20.4
5/27/1962,9.8,3,1.2,19.3
5/28/1962,8.8,1.5,0.1,18.2
5/29/1962,8.6,3.6,3.7,17
5/30/1962,12,0,0,17.7
5/31/1962,14.8,6.8,2.6,21.3
6/1/1962,3.2,43.2,39.2,30
6/2/1962,4.9,0,0,26.5
6/3/1962,9,0,0,22.7
6/4/1962,9.7,0,0,22.1
6/5/1962,12.3,0,0,22.1
6/6/1962,12.4,0,0,22.1
6/7/1962,12.9,0,0,21.6
6/8/1962,13.1,0,0,21.6
6/9/1962,13.5,0,0,21
6/10/1962,15,0,0,21
6/11/1962,11.6,9.7,8.7,23.3
6/12/1962,13.5,0,0,23.3
6/13/1962,18.2,1.8,7.2,29.7
6/14/1962,18.6,5,4.6,43.8
6/15/1962,17.6,0,0.6,47
6/16/1962,17.7,0,0.1,47.8
6/17/1962,19.1,3.3,7.8,50.6
6/18/1962,19.9,0,0,57.6
6/19/1962,19.1,10.6,11.3,55
6/20/1962,16.7,0,0,57.2
6/21/1962,19.7,0,0,51.8
6/22/1962,21.4,0,0,55
6/23/1962,22.2,0,0,60.2
6/24/1962,23.5,1.7,0.8,65.1
6/25/1962,17.4,2.7,3.3,67.1
6/26/1962,18.4,0,0,54.8
6/27/1962,13.1,0,0,40.8
6/28/1962,15.1,0,0,32.6
6/29/1962,15.2,4.3,4,31
6/30/1962,11.7,0.9,1.5,29.1
7/1/1962,13.9,0,0,24.2
7/2/1962,16,0,0,22.4
7/3/1962,17.4,20.9,20,23.6
7/4/1962,10.2,4.6,4.5,32.6
7/5/1962,9.3,5.8,3.8,24.2
7/6/1962,9.2,4.6,1.5,21.5
7/7/1962,14.1,0,0,19.8
7/8/1962,16.9,0,0,21.2
7/9/1962,17.7,2.5,1.2,26
7/10/1962,21.1,8,16.5,34.4
7/11/1962,18.6,1.5,0.7,50.2
7/12/1962,18,0,0,43
7/13/1962,17.8,0,0,36.1
7/14/1962,14.9,11.6,16.2,34.1
7/15/1962,17,1.3,1.7,44.8
7/16/1962,14.2,2.2,8,38.4
7/17/1962,13.5,1.6,3.4,33.8
7/18/1962,14.6,1.1,1.1,27.9
7/19/1962,16.2,0,0,26.7
7/20/1962,19,0,0,30.4
7/21/1962,17.4,4.1,6.7,41.5
7/22/1962,18.4,0,0,41.5
7/23/1962,18.8,0,0,40.1
7/24/1962,20,0,0,40.1
7/25/1962,22.2,0,0,48
7/26/1962,21.4,0.6,0,54.2
7/27/1962,20.4,11.4,0.5,56
7/28/1962,17,48.5,28.3,58.6
7/29/1962,16.4,2.7,10.1,53.8
7/30/1962,17.9,0,0.2,43.7
7/31/1962,18.2,0,0,38.8
8/1/1962,18,0,0,38.1
8/2/1962,21.5,8.3,23.2,44.4
8/3/1962,20.1,0,0.6,58.2
8/4/1962,20,4.8,5.4,50.2
8/5/1962,19.7,2.1,1.2,54.5
8/6/1962,20.5,19.1,21,52.3
8/7/1962,12.8,10.6,12.5,76.3
8/8/1962,15.9,0.2,1.2,46.6
8/9/1962,16.4,0,0,36.1
8/10/1962,17.4,0,0,32.2
8/11/1962,17.4,0,0,33.5
8/12/1962,21,0,0,40.1
8/13/1962,20.4,0,0,45.1
8/14/1962,21.6,0.4,1,46.6
8/15/1962,17.7,3.8,2.3,48
8/16/1962,18.6,0,0,40.1
8/17/1962,17.4,9.1,9.6,34.1
8/18/1962,14.8,0,0.1,38.4
8/19/1962,16.6,0,0,32.9
8/20/1962,18.6,5.7,4,33.5
8/21/1962,15.5,23.5,17.8,38.8
8/22/1962,16.2,0.1,0,43.7
8/23/1962,15.9,0,0,31.3
8/24/1962,17.5,0,0,30.4
8/25/1962,16.9,0.2,0,30.4
8/26/1962,17.3,0,0,31
8/27/1962,18.3,0,0,34.1
8/28/1962,16.7,0,0,29.8
8/29/1962,17.3,0,0,30.4
8/30/1962,17.8,0,0,31
8/31/1962,17.9,0,0,29.8
9/1/1962,16.7,0,0,28.5
9/2/1962,17.8,0,0,28.5
9/3/1962,18.5,0,0.2,31.3
9/4/1962,16.5,6.1,5.3,32.9
9/5/1962,16.4,2.1,0.5,31
9/6/1962,19.4,0.2,0,35.4
9/7/1962,16.3,10.7,15.9,37.8
9/8/1962,16.1,0,0,31
9/9/1962,12.3,0,0,21.2
9/10/1962,16.9,0,0,20.7
9/11/1962,17.6,0,0,25.1
9/12/1962,21.5,0,0,27.9
9/13/1962,16.4,0,0,27
9/14/1962,12.4,0,0,20.1
9/15/1962,15.8,0,0,19.6
9/16/1962,13.5,20,17,21.8
9/17/1962,8.5,6.1,3.6,24.8
9/18/1962,7.2,0.9,2.2,16.8
9/19/1962,8.1,0,0,13.8
9/20/1962,8.7,2.6,0.7,12.2
9/21/1962,9.1,0,0,11.2
9/22/1962,9.1,0,0,10.1
9/23/1962,10,0,0,9.44
9/24/1962,12,0,0,8.85
9/25/1962,11.9,0,0,8.47
9/26/1962,10.9,0.6,0.8,8.28
9/27/1962,11.8,3.3,4.7,8.28
9/28/1962,12.5,1.6,3.8,9.84
9/29/1962,9.6,2.1,2,11.7
9/30/1962,11.1,0,0,9.84
10/1/1962,11.6,0,0,10.3
10/2/1962,12.9,0,0,11.7
10/3/1962,13.4,0,0,12.4
10/4/1962,15.8,0,0,12.6
10/5/1962,13.9,0,0,10.5
10/6/1962,12.6,0,0,9.04
10/7/1962,11.3,0,0,8.47
10/8/1962,9.6,0,0,7.92
10/9/1962,10.2,0,0,6.85
10/10/1962,9.5,0,0,6.5
10/11/1962,10.5,0,0,6.35
10/12/1962,10.6,0,0,6.2
10/13/1962,9.3,0.4,0.9,6.35
10/14/1962,11,0,0,6.2
10/15/1962,9.8,0,0,5.9
10/16/1962,9,0,0,6.05
10/17/1962,7.3,0,0,5.9
10/18/1962,6.1,0,0,5.6
10/19/1962,8.1,0,0,5.6
10/20/1962,10.2,0,0,5.35
10/21/1962,8.9,0,0,5.35
10/22/1962,6.9,0,0,5.22
10/23/1962,7.7,0,0,4.98
10/24/1962,8.3,0,0,4.6
10/25/1962,5.7,0,0,4.48
10/26/1962,4.6,0,0,4.36
10/27/1962,8.7,2.7,2,4.48
10/28/1962,6.5,15.6,10.3,4.48
10/29/1962,2.2,2.8,1.1,4.16
10/30/1962,4.2,0.9,0,3.87
10/31/1962,4.6,8,6,3.96
11/1/1962,2.8,0.3,1.3,3.78
11/2/1962,3.1,0,0,3.6
11/3/1962,3.6,0,0,3.6
11/4/1962,3.7,0,0,3.51
11/5/1962,9.6,0,0,3.69
11/6/1962,8.9,0,0,4.72
11/7/1962,7.6,0,2.9,4.6
11/8/1962,13.5,0,7.8,14.5
11/9/1962,4.4,0.1,0,8.1
11/10/1962,5.9,0,0,5.6
11/11/1962,4.7,0,0,4.6
11/12/1962,6.6,1.1,1.4,4.26
11/13/1962,4.7,2.3,1.3,3.96
11/14/1962,2.6,3.2,4.1,3.78
11/15/1962,2.7,5.5,10.4,3.6
11/16/1962,-0.1,0,0,3.36
11/17/1962,-0.4,0,0,3.29
11/18/1962,1.5,3,3.9,3.29
11/19/1962,0.3,1.6,0.3,3.22
11/20/1962,0.6,1,0.8,3.16
11/21/1962,-0.2,11.2,8.3,3.16
11/22/1962,-0.5,0,0.8,3.16
11/23/1962,-3,0,0,3.02
11/24/1962,-2.2,0,0,2.89
11/25/1962,-2.2,0,0,2.89
11/26/1962,-1,0,0,2.89
11/27/1962,0.2,0,0,2.82
11/28/1962,0.4,1.1,1.1,2.76
11/29/1962,-1.1,0,0,2.76
11/30/1962,-1.3,0,0,2.76
12/1/1962,-1.9,0,0,2.69
12/2/1962,-3.2,0,0,2.54
12/3/1962,-4,0,0,2.54
12/4/1962,-4.4,0,0,2.58
12/5/1962,-4.2,0,0,2.58
12/6/1962,-3.2,0,0,2.62
12/7/1962,-2.8,0,0,2.62
12/8/1962,-3.9,0,0,2.62
12/9/1962,1.6,10.3,13,2.66
12/10/1962,2.3,9.5,11.1,2.76
12/11/1962,0,0,0,2.66
12/12/1962,0.9,9.5,15.6,2.69
12/13/1962,1.5,7.2,7.5,2.69
12/14/1962,-2.2,0.5,1.2,2.69
12/15/1962,-0.2,58.5,49.5,2.76
12/16/1962,4,15.3,48.4,8.28
12/17/1962,-0.3,0.3,1.3,4.48
12/18/1962,1.7,13.6,28.5,3.78
12/19/1962,-0.3,6.5,12.5,3.42
12/20/1962,-3.3,6,5.9,3.22
12/21/1962,2.7,30.5,37.9,3.29
12/22/1962,-1.1,6.2,4.8,3.29
12/23/1962,-10.4,1.7,0.3,3.16
12/24/1962,-12.2,0.3,0,2.96
12/25/1962,-10.7,0,0,2.96
12/26/1962,-9.1,0,0.3,3.02
12/27/1962,-10.2,0,0,3.02
12/28/1962,-6.4,1.4,0.4,2.89
12/29/1962,-0.5,0.4,0,2.76
12/30/1962,1.7,0.8,0,2.76
12/31/1962,0.9,1,0.3,2.76
1/1/1963,1,1,1.1,2.76
1/2/1963,0.9,0.3,0,2.76
1/3/1963,0.6,0,0,2.89
1/4/1963,1.8,0,0,2.89
1/5/1963,2.3,0.5,0,2.89
1/6/1963,2.3,0,0,2.89
1/7/1963,1.4,6.3,9.9,2.89
1/8/1963,0.9,4.3,2,2.89
1/9/1963,1.4,9.5,9.5,2.83
1/10/1963,0.5,21.9,16.6,2.89
1/11/1963,-0.3,10.9,3.5,2.89
1/12/1963,-7.9,4.5,2.5,2.83
1/13/1963,-12.4,0.7,0.2,2.69
1/14/1963,-10.8,0.6,0,2.62
1/15/1963,-6.7,0.7,0,2.72
1/16/1963,-8.8,0,0,2.58
1/17/1963,-7.9,0.3,0.5,2.54
1/18/1963,-10.1,11.1,5.7,2.54
1/19/1963,-8.8,0,0,2.54
1/20/1963,-6.2,0,0,2.54
1/21/1963,-6.8,0,0,2.54
1/22/1963,-11.1,0,0,2.54
1/23/1963,-13.4,0,0,2.54
1/24/1963,-9.4,0,0,2.54
1/25/1963,-7.9,0,0,2.54
1/26/1963,-5.3,2.6,2.8,2.54
1/27/1963,-4.7,1.2,0,2.54
1/28/1963,-6.7,0.3,0,2.54
1/29/1963,-6.8,0,0,2.54
1/30/1963,-7.1,0.8,0,2.54
1/31/1963,-9.1,0.2,0,2.54
2/1/1963,-10.6,0,0,2.54
2/2/1963,-11.8,0,0,2.54
2/3/1963,-10.1,0.2,0,2.54
2/4/1963,-11.5,0,0,2.54
2/5/1963,-10.3,0,0,2.54
2/6/1963,-9.1,0,0,2.54
2/7/1963,-4.2,0,0,2.54
2/8/1963,-0.4,0,0,2.54
2/9/1963,-0.8,0,0,2.54
2/10/1963,-1.2,0,0,2.54
2/11/1963,0.6,3.9,5.5,2.54
2/12/1963,1.4,2.8,9.8,2.54
2/13/1963,-0.6,0.8,0,2.54
2/14/1963,-2.7,0,0,2.54
2/15/1963,-2.4,0,0,2.54
2/16/1963,0.3,6.2,1.7,2.54
2/17/1963,1.9,4.6,6.4,2.54
2/18/1963,1.2,10,2.5,2.54
2/19/1963,1.8,11.1,5.6,2.54
2/20/1963,3.3,4.9,4.4,2.51
2/21/1963,-2.3,4.5,4.8,2.54
2/22/1963,-4.6,0.3,0.6,2.51
2/23/1963,-3.3,0.1,0,2.47
2/24/1963,-5.7,0,0,2.47
2/25/1963,-6.7,0,0,2.51
2/26/1963,-7,0,0,2.51
2/27/1963,-7.8,0,0,2.54
2/28/1963,-5.5,0,0,2.54
3/1/1963,-5.8,0,0,2.54
3/2/1963,-5.8,0,0,2.54
3/3/1963,-4.5,0,0,2.54
3/4/1963,-2,0,0,2.54
3/5/1963,-2.3,0,0,2.62
3/6/1963,-1,0,0,2.62
3/7/1963,1.9,0,0,2.72
3/8/1963,1.2,3.6,2.3,2.89
3/9/1963,3.3,0.6,0,3.22
3/10/1963,4.1,1.7,3.8,3.42
3/11/1963,2.7,26.6,24.2,3.61
3/12/1963,3.9,6.6,9.7,4.36
3/13/1963,3.9,0.6,0.1,3.98
3/14/1963,2.3,0,0,3.61
3/15/1963,3.4,0,0,3.51
3/16/1963,4.1,6,5,3.42
3/17/1963,6,1.7,0.5,4.61
3/18/1963,4.8,15.7,10.1,5.48
3/19/1963,6.2,0,0,6.88
3/20/1963,5.1,7.6,11.1,6.72
3/21/1963,2.8,7.6,6.4,5.6
3/22/1963,2.3,3.6,2.5,4.86
3/23/1963,0.7,0,0.2,4.27
3/24/1963,0.7,0,0,3.98
3/25/1963,2.5,0,0,4.17
3/26/1963,3.3,9.5,5.6,4.86
3/27/1963,3.9,10.9,10,5.35
3/28/1963,3.3,0,0,5.6
3/29/1963,7.9,13.9,17.6,5.35
3/30/1963,2.5,13.8,13.8,5.92
3/31/1963,2.9,10.9,7.6,5.35
4/1/1963,3.7,1.2,1.1,4.98
4/2/1963,4.9,0,0,4.73
4/3/1963,6,0,0,4.73
4/4/1963,5.8,0.1,0,5.35
4/5/1963,7.2,0,0,5.48
4/6/1963,10.9,0.4,5.6,5.92
4/7/1963,5.3,6.7,7,6.4
4/8/1963,7.2,0,0,6.72
4/9/1963,7.6,0,0,7.94
4/10/1963,13.4,9.7,14.8,11.4
4/11/1963,5.9,15,10,20.1
4/12/1963,7.9,5.2,4.6,15.4
4/13/1963,7,2.1,0.5,13.6
4/14/1963,7.4,0.2,0.3,13.1
4/15/1963,9,0,0,12.2
4/16/1963,12,0,0,12.4
4/17/1963,11.9,7.1,4,17
4/18/1963,8,2.6,2.6,19
4/19/1963,10.2,0.6,0.2,16.5
4/20/1963,11.7,0,0,19
4/21/1963,10.8,0.8,3.1,20.1
4/22/1963,10.9,0,0,21.5
4/23/1963,10.6,8.6,6.9,21.2
4/24/1963,10,1.5,1.8,21
4/25/1963,11.1,0,0,19
4/26/1963,11.9,0,0,18.2
4/27/1963,11.7,0,0,20.7
4/28/1963,13.3,0,0,22.4
4/29/1963,14.1,0,0,25.4
4/30/1963,12,7.1,5.1,28.5
5/1/1963,12.9,0,0.2,30.7
5/2/1963,11,36.9,30.8,30.4
5/3/1963,5,1.7,3,29.5
5/4/1963,5.4,0.9,0.2,21.2
5/5/1963,8.4,0,0,17.9
5/6/1963,11.7,0,0,17.3
5/7/1963,13.6,0,0,19.6
5/8/1963,14.3,0,0,23.3
5/9/1963,11.2,9.6,10.7,26.7
5/10/1963,10.1,0.5,0.3,26.7
5/11/1963,8.7,2.5,1.8,23
5/12/1963,10.3,0,0,20.1
5/13/1963,13.4,7.2,9.2,19.8
5/14/1963,9.9,1.7,1.1,25.7
5/15/1963,7.3,18.6,17.1,21
5/16/1963,8.8,0.3,1,20.4
5/17/1963,11,0.9,0.2,18.4
5/18/1963,13.6,0,0,19.3
5/19/1963,9.1,7.5,3.2,20.4
5/20/1963,11.2,0,0,19.3
5/21/1963,12.7,0,0,19.6
5/22/1963,16.3,0.3,0,25
5/23/1963,10.1,2.8,3.4,28.5
5/24/1963,11.7,0.1,0,26
5/25/1963,14.6,0,0,27.9
5/26/1963,14.9,0.7,0,33.8
5/27/1963,15.9,5,0.4,37.1
5/28/1963,16.1,3.8,1.9,42.2
5/29/1963,16.9,0.8,2.5,48
5/30/1963,17.4,0,1.2,51.6
5/31/1963,16.8,0.2,0.5,49.4
6/1/1963,15.5,1.5,0.2,45.8
6/2/1963,14,3.6,0.8,42.2
6/3/1963,15.2,0,0,38.1
6/4/1963,16.2,0.6,3.8,37.7
6/5/1963,14.5,0,0,36.7
6/6/1963,14.7,27.1,11.9,34.4
6/7/1963,12,19.6,14,39.4
6/8/1963,11.7,7.8,4.7,43
6/9/1963,14.4,0.7,0.1,36.7
6/10/1963,15.7,11.5,3,36.1
6/11/1963,14.5,21.8,9.5,41.9
6/12/1963,17.5,0,0,48.7
6/13/1963,15.8,24.7,28.6,45.8
6/14/1963,10.4,3.8,11.7,59.8
6/15/1963,10.2,6.1,3.8,44
6/16/1963,13.5,0.3,0,33.8
6/17/1963,16.8,0,0,31.6
6/18/1963,17.3,19.5,15.9,38.2
6/19/1963,16,6.4,7.1,60.5
6/20/1963,14.5,0.8,0.8,71.7
6/21/1963,22.3,0,0,68.7
6/22/1963,19.9,3,6.7,70.2
6/23/1963,15.4,13.6,9.8,73.9
6/24/1963,18,1.1,2.2,58.6
6/25/1963,14.2,2.6,2.6,53.8
6/26/1963,17.6,0,0,49.8
6/27/1963,17.2,3.2,2.2,55.6
6/28/1963,13.8,0.8,0.5,75.1
6/29/1963,16.2,0,0,56.3
6/30/1963,15,0.9,0.2,46.2
7/1/1963,18.7,3.3,3.4,41.9
7/2/1963,17.6,0,1.1,43
7/3/1963,16.6,8.1,2.5,42.2
7/4/1963,16.8,2.5,0.7,41.2
7/5/1963,15.7,2.3,6.5,41.2
7/6/1963,19.4,0,0,36.7
7/7/1963,18.5,11.7,19.1,42.8
7/8/1963,17.8,1.7,4.8,59
7/9/1963,17.5,0.4,0.1,44.4
7/10/1963,15.8,6.4,5.3,39.4
7/11/1963,15.9,4.6,4.2,41.9
7/12/1963,17.1,0,0.2,38.4
7/13/1963,16.6,4.8,7.7,33.2
7/14/1963,15.4,0,0,36.1
7/15/1963,19.1,0,0,35.4
7/16/1963,20.1,0,0,43
7/17/1963,19.5,11.6,8.4,44
7/18/1963,18.7,0.9,3,48
7/19/1963,19.8,0,1.9,44
7/20/1963,21.2,0,0,46.2
7/21/1963,21,0.8,0.9,52.3
7/22/1963,21.4,3,14.4,56
7/23/1963,19.9,3.8,15,67
7/24/1963,22,0,0,61.3
7/25/1963,20.3,15.7,26.4,56.8
7/26/1963,14.7,5,6.2,65.9
7/27/1963,16.2,0,0,55.3
7/28/1963,17.1,0,0,48.7
7/29/1963,19,0,0,43.4
7/30/1963,18.5,0,0,41.6
7/31/1963,20.5,0,0,42.3
8/1/1963,20.2,0.3,0,43
8/2/1963,21.1,0,0,43
8/3/1963,21,6,3.1,49.4
8/4/1963,17,5.1,4.7,58.3
8/5/1963,19.7,0,0,47.9
8/6/1963,19.4,1.4,2.9,46.2
8/7/1963,16.9,13.3,9.1,45.1
8/8/1963,15.8,1.2,7.2,44.4
8/9/1963,15.6,0.3,0.2,35.4
8/10/1963,14.9,0,0,29.1
8/11/1963,18.1,3.4,7.9,30.4
8/12/1963,15.5,17,25.5,59.2
8/13/1963,16.9,4.6,2.7,45.1
8/14/1963,18.7,10.7,12.4,42.3
8/15/1963,15.1,6,12.6,54.5
8/16/1963,15.8,0,0,47.6
8/17/1963,12.2,18,12.3,39.5
8/18/1963,10.9,4.9,1,32.7
8/19/1963,14.3,0.3,0,25.3
8/20/1963,13.7,6.2,9.6,25.3
8/21/1963,12.1,2.9,2.4,26.8
8/22/1963,12.7,4,3.5,21.9
8/23/1963,16.1,0.5,0.9,28.4
8/24/1963,18,0,0,31.1
8/25/1963,17.9,0,0,30.7
8/26/1963,19.3,0,0,34.7
8/27/1963,14.8,14.5,15.2,40
8/28/1963,10.8,3.5,4.1,35.4
8/29/1963,11.6,1.1,1.6,24.7
8/30/1963,12.1,0,0.2,21.3
8/31/1963,13.9,1.1,1.1,19.2
9/1/1963,15,1.5,2.5,21.3
9/2/1963,14.8,0,0.1,25
9/3/1963,15.2,0,0.8,21.9
9/4/1963,13.7,8.1,11,20.1
9/5/1963,11.1,6.3,8,27
9/6/1963,10.3,19.5,19.2,22.2
9/7/1963,8.1,1,0.2,24.3
9/8/1963,11.4,0,0,21.6
9/9/1963,14.7,0,0,20.7
9/10/1963,13.4,0,0,19.5
9/11/1963,14.6,0,0,19.2
9/12/1963,15.1,0,0,19.2
9/13/1963,15.4,0,0,18.4
9/14/1963,15.2,0,0,20.1
9/15/1963,14.5,0,0,23.4
9/16/1963,18,0,0,26.2
9/17/1963,15.6,0,0,23.7
9/18/1963,17,0.5,1,22.5
9/19/1963,17,0.3,0.4,24
9/20/1963,15.7,2.9,2.1,26.1
9/21/1963,16.1,1.3,2.1,25
9/22/1963,17.2,0,0,23.7
9/23/1963,15.6,0,0,21.3
9/24/1963,15,10.6,9.9,21.6
9/25/1963,9.4,6.9,3.3,26.2
9/26/1963,6.8,0,0,16.9
9/27/1963,13,0.5,0.3,16.9
9/28/1963,12.3,0,0,16.1
9/29/1963,9.6,0,0,13
9/30/1963,13.8,0,0,12.5
10/1/1963,12.7,0,0,12
10/2/1963,9.5,18.8,18.8,11.3
10/3/1963,9.3,0,0,11.8
10/4/1963,12.1,12,10.2,10.6
10/5/1963,9.8,0.8,0,13.3
10/6/1963,9.3,11.7,11.4,10.2
10/7/1963,10.9,32.9,28.5,28.6
10/8/1963,9.6,0,0,26.2
10/9/1963,8.4,0,0,16.7
10/10/1963,8.8,0,0,13.8
10/11/1963,8.4,0,0,12
10/12/1963,8.7,0,0,11
10/13/1963,9.4,0,0,10.4
10/14/1963,10.8,0,0,9.39
10/15/1963,7,0,0,8.62
10/16/1963,7.3,0,0,8.25
10/17/1963,12.4,0,0,8.07
10/18/1963,9.2,0,0,7.72
10/19/1963,7.2,0,0,7.37
10/20/1963,7.9,0,0,7.2
10/21/1963,8.7,0,0,6.86
10/22/1963,8.6,0,0,6.7
10/23/1963,8.4,0,0,6.53
10/24/1963,9.1,0,0,6.21
10/25/1963,11.1,0,0,6.06
10/26/1963,8.6,0,0,5.6
10/27/1963,6.7,0,0,5.31
10/28/1963,4.1,0,0,5.03
10/29/1963,2.3,0,0,4.76
10/30/1963,3.2,0,0,4.63
10/31/1963,10.1,0,0,4.63
11/1/1963,7.1,0.2,0.4,4.63
11/2/1963,8.8,0.3,0,4.37
11/3/1963,7.7,0,0,4.24
11/4/1963,7.8,0,0,4.37
11/5/1963,8.4,7.1,9.2,4.37
11/6/1963,8.1,6.8,9.1,7.29
11/7/1963,6.6,1.3,0.6,6.86
11/8/1963,7.2,0,0,5.17
11/9/1963,5,0,0,4.5
11/10/1963,8.1,4.4,2.8,4.37
11/11/1963,8.7,0.3,0,5.31
11/12/1963,7.3,11.9,7.5,5.94
11/13/1963,7,0,0,5.31
11/14/1963,5,0,0,4.76
11/15/1963,10.7,26.5,16.1,4.76
11/16/1963,4.6,18.4,15.1,10.4
11/17/1963,4,0.5,0.2,7.72
11/18/1963,5.4,0.2,0,6.53
11/19/1963,6.6,4.2,4.8,8.09
11/20/1963,8.7,20,22.2,14.5
11/21/1963,2.5,0,0,13.5
11/22/1963,3.1,0,0,10
11/23/1963,2.7,0,0,8.44
11/24/1963,2.9,0,0,7.54
11/25/1963,7.6,5.9,4.6,6.86
11/26/1963,2.7,0.3,3.5,6.7
11/27/1963,1.7,6.9,8.6,6.06
11/28/1963,2.4,0.7,0,5.9
11/29/1963,2.1,0,0,5.46
11/30/1963,1.2,0,0,5.03
12/1/1963,0,0,0,4.76
12/2/1963,0.5,0,0,4.5
12/3/1963,3.6,0,0,4.63
12/4/1963,4.6,3.7,4.6,4.9
12/5/1963,4.7,3.4,1.3,5.17
12/6/1963,3.1,0,0,4.9
12/7/1963,0.3,0,0,4.37
12/8/1963,0.1,0,0,4
12/9/1963,-1.3,0,0,3.77
12/10/1963,-1.6,0,0,3.55
12/11/1963,-3,0,0,3.45
12/12/1963,-1.5,1.2,0.4,3.34
12/13/1963,-2.5,1.5,0.1,3.24
12/14/1963,-6.2,0.2,0,2.94
12/15/1963,-7.6,0,0,2.75
12/16/1963,-6.5,0,0,2.75
12/17/1963,-8.6,0,0,2.75
12/18/1963,-7.1,0,0,2.75
12/19/1963,-2.8,0,0,2.75
12/20/1963,-2.2,1.7,2.8,2.85
12/21/1963,-2.5,0,0,2.75
12/22/1963,-4.9,0.1,0.1,2.66
12/23/1963,-6.5,0,0,2.57
12/24/1963,-5.4,0,0,2.57
12/25/1963,-3,0,0,2.75
12/26/1963,-1.5,0,0,2.57
12/27/1963,-1.7,0,0,2.66
12/28/1963,-3,0,0,2.48
12/29/1963,-2.3,0,0,2.57
12/30/1963,0,0,0,2.75
12/31/1963,-0.8,0,0,2.57
1/1/1964,-0.2,0,0,2.57
1/2/1964,-2.3,0,0,2.57
1/3/1964,-2.4,0,0,2.49
1/4/1964,-3.3,0,0,2.42
1/5/1964,-4.3,0,0,2.42
1/6/1964,-4.4,0,0,2.26
1/7/1964,-4.9,0,0,2.19
1/8/1964,-5.9,0,0,2.19
1/9/1964,-1.4,0,0,2.19
1/10/1964,0.1,1.8,1.5,2.34
1/11/1964,-1.3,0,0,2.26
1/12/1964,-3.5,0,0,2.19
1/13/1964,-1,0,0.1,2.19
1/14/1964,1.4,2.2,1.8,2.26
1/15/1964,0.2,0.5,0,2.19
1/16/1964,0,0,0,2.11
1/17/1964,-3.6,0,0,2.11
1/18/1964,-3.3,0,0,1.95
1/19/1964,-4.2,0,0,1.95
1/20/1964,-5.4,0,0,1.95
1/21/1964,-4.8,0,0,1.88
1/22/1964,-4.5,0,0,1.88
1/23/1964,-4.1,0,0,1.8
1/24/1964,-4.5,0,0,1.95
1/25/1964,-3.9,0,0,1.88
1/26/1964,-3.8,0,0,1.88
1/27/1964,-3.7,0,0,1.8
1/28/1964,-4.4,0.9,0,1.8
1/29/1964,0.2,0,0,1.88
1/30/1964,-1.1,5.5,6.2,1.88
1/31/1964,1.4,0,0.7,1.95
2/1/1964,1.1,0,0,1.95
2/2/1964,1.2,0,0,1.95
2/3/1964,0.5,0,0,1.88
2/4/1964,0.9,0,0,1.88
2/5/1964,0,1.7,0.2,1.88
2/6/1964,-3.5,0,0,1.8
2/7/1964,-3,0.8,0,1.8
2/8/1964,-2.8,0,0,1.75
2/9/1964,1.1,0,0,1.75
2/10/1964,1.6,0,0,1.8
2/11/1964,0.7,0,0,1.8
2/12/1964,0.8,0.6,1,1.75
2/13/1964,0.9,0,0,1.69
2/14/1964,0.7,0,0,1.75
2/15/1964,1.2,0,0,1.75
2/16/1964,2.6,0,0,1.69
2/17/1964,3.1,0.8,0.3,1.69
2/18/1964,2.5,0.5,0,1.69
2/19/1964,0.8,0.3,0.1,1.69
2/20/1964,1.5,0.6,0,1.69
2/21/1964,0.5,0,0,1.69
2/22/1964,0.1,0,0,1.69
2/23/1964,2.1,0,0,1.69
2/24/1964,6.1,0,0,1.75
2/25/1964,6.7,0,0,1.95
2/26/1964,6.6,0,0,2.11
2/27/1964,5.1,9.6,9.5,2.19
2/28/1964,6.3,0,0,2.77
2/29/1964,5,15.2,12.4,2.42
3/1/1964,4.5,1.6,1.4,3.16
3/2/1964,4.4,0,0,2.42
3/3/1964,1.4,0,0,2.26
3/4/1964,4.6,2.4,5.3,2.19
3/5/1964,-0.8,26.5,9.5,2.26
3/6/1964,-3.8,1,0.5,2.03
3/7/1964,-4.3,0.4,0,1.95
3/8/1964,-2.9,0,0,1.8
3/9/1964,-2.8,0,0,1.88
3/10/1964,0.8,0,0,1.88
3/11/1964,0.1,1.2,1.4,1.95
3/12/1964,3.2,0,0,1.8
3/13/1964,2.8,1.8,0.9,1.95
3/14/1964,6.3,0,0,2.19
3/15/1964,5.9,7.7,7.1,2.57
3/16/1964,2.9,8.6,3.5,2.96
3/17/1964,3.3,3.2,4.3,2.26
3/18/1964,1.5,2.2,1.7,2.19
3/19/1964,5.2,8.4,4.9,2.55
3/20/1964,7.5,12.7,14,7.28
3/21/1964,6.6,1,0,7.55
3/22/1964,3.4,2.1,1.5,5.34
3/23/1964,3.5,6.6,5.2,4.16
3/24/1964,6.8,0.3,0,3.67
3/25/1964,7.7,13.5,11.8,4.03
3/26/1964,3.1,21.2,16.5,5.49
3/27/1964,2.6,2.5,3.9,4.64
3/28/1964,3.6,1.9,1.3,3.91
3/29/1964,3,0,0,3.55
3/30/1964,5.7,0,0,3.55
3/31/1964,5.8,0,0,3.67
4/1/1964,7.2,0,0,4.28
4/2/1964,6.7,0,0,4.91
4/3/1964,8.9,0.2,0,5.2
4/4/1964,7,6.2,7.5,5.34
4/5/1964,5.1,2.1,1.1,4.76
4/6/1964,4.1,6.5,5.2,4.4
4/7/1964,4.2,2.6,1.6,4.16
4/8/1964,5.6,0,0,3.91
4/9/1964,7.4,0,0,4.67
4/10/1964,11.1,0,0,6.93
4/11/1964,11.1,0.6,0,8.27
4/12/1964,11.4,0,2.7,9.41
4/13/1964,10.7,1.9,2.6,10.7
4/14/1964,8.8,1.8,1.5,9.79
4/15/1964,8.7,0,0,8.65
4/16/1964,13.8,0,0,9.79
4/17/1964,15.3,0,0,11.8
4/18/1964,16.2,0,0,14.2
4/19/1964,11.4,17.2,18.7,19.2
4/20/1964,7.4,6.4,5.2,17.2
4/21/1964,8.5,0.8,2.2,12.5
4/22/1964,10.2,0.9,0.6,11.1
4/23/1964,8.5,16,12,10.7
4/24/1964,7.3,11.2,14.5,11.3
4/25/1964,7.6,0.8,0.6,11.1
4/26/1964,7.7,0,0,11.3
4/27/1964,12.7,0,0,12.8
4/28/1964,14.1,10.3,6,13.8
4/29/1964,12.6,11.7,8.3,19.8
4/30/1964,10.1,1.2,2.3,19.8
5/1/1964,12.4,0,0,16.4
5/2/1964,11.8,0,0,14.8
5/3/1964,12.4,8.1,5.2,14.5
5/4/1964,12.1,21.3,16,21.6
5/5/1964,10.5,4.8,5.2,28.5
5/6/1964,13.9,0,0,21.3
5/7/1964,14.1,1.5,0,21.6
5/8/1964,13.4,10,5.7,30.1
5/9/1964,11.7,7.7,9.2,35.8
5/10/1964,13.2,0,0,34.4
5/11/1964,14.7,0,0,28.8
5/12/1964,18.1,0,0,30.8
5/13/1964,20.3,0.8,0.6,35.4
5/14/1964,14.3,25.9,25.1,47.3
5/15/1964,12.1,0.3,0,50.9
5/16/1964,13,0,0,34.2
5/17/1964,15.2,0,0,28.8
5/18/1964,18.9,4.5,8,28.8
5/19/1964,15.3,34.5,30.2,41.6
5/20/1964,10.9,10,7.8,70.5
5/21/1964,13.3,0,0,42.3
5/22/1964,14.1,0,0,31.4
5/23/1964,15.6,0,0,27.8
5/24/1964,17,0,0,27.5
5/25/1964,12.9,9.2,15.2,26.5
5/26/1964,13.9,2.9,0,25.6
5/27/1964,13.5,0.9,3.2,21.9
5/28/1964,11.7,0.4,2,21.3
5/29/1964,15.4,0,0,19.8
5/30/1964,17.6,2.7,0.7,21
5/31/1964,16.8,0.7,2.7,26.2
6/1/1964,17.9,9.2,9.3,27.8
6/2/1964,16,10.8,2,34.7
6/3/1964,13.4,1.5,0,27.5
6/4/1964,18.4,0,0,25.6
6/5/1964,18.5,0.5,0,30.1
6/6/1964,20.2,0,0.9,36.1
6/7/1964,20.2,3.5,10.9,35.4
6/8/1964,15.6,0,0,48.2
6/9/1964,15.9,0,0,29.5
6/10/1964,18.7,0,0,29.8
6/11/1964,19.9,0,0,30.4
6/12/1964,21.5,0,0,34.7
6/13/1964,22.4,0.7,0,40.2
6/14/1964,14.6,48.4,44.4,43.8
6/15/1964,12.4,0.4,0.9,54.6
6/16/1964,14.6,0,0,34.1
6/17/1964,17.7,0,0,30.1
6/18/1964,16.3,6.5,1.5,31.4
6/19/1964,16.1,4.9,9.1,34.4
6/20/1964,15.3,3,7.2,32.4
6/21/1964,16.4,0,1.2,33
6/22/1964,15.8,0,0,30.1
6/23/1964,16.8,0,0,28.8
6/24/1964,17.3,0,0,29.8
6/25/1964,16.6,5.4,6.2,30.1
6/26/1964,16.4,0,0,29.8
6/27/1964,16.2,0.6,1.5,32.1
6/28/1964,18.3,0.9,0,35.8
6/29/1964,17.4,0.6,4,38.1
6/30/1964,16.2,0,0,36.8
7/1/1964,16.9,0,0,30.8
7/2/1964,19,0,0,31.7
7/3/1964,19,0,0,32.4
7/4/1964,17.5,4.5,7,33.7
7/5/1964,15,10,8.4,32.7
7/6/1964,17,0,0,28.8
7/7/1964,17,0,0,28.2
7/8/1964,20,0,0,29.1
7/9/1964,17.2,5.4,7.8,30.8
7/10/1964,11,5.5,5.3,30.1
7/11/1964,14.7,0,0,21.3
7/12/1964,19,0,0,22.9
7/13/1964,17.7,17.5,0.6,27.5
7/14/1964,19.5,0,0,29.5
7/15/1964,21.4,0,0,32.1
7/16/1964,21.7,0,0,36.1
7/17/1964,24,0,0,43.4
7/18/1964,24.2,0,0,47.2
7/19/1964,22.3,2,1.7,49.4
7/20/1964,20,5.5,2.4,48.7
7/21/1964,21.7,0,0,47.6
7/22/1964,19.4,33.2,31.6,46.5
7/23/1964,18.2,5,1.3,55.3
7/24/1964,18.9,0,0,39.5
7/25/1964,19.1,0,0,37.8
7/26/1964,19.7,0,0,40.9
7/27/1964,19,4.5,6.5,46.2
7/28/1964,17.1,1.9,6.3,39.9
7/29/1964,20.1,0,0,36.8
7/30/1964,21,0,0,38.1
7/31/1964,20.9,0,2.4,40.2
8/1/1964,21.2,0,0,40.2
8/2/1964,17.8,3.4,2.8,40.9
8/3/1964,16.7,0,0,55.3
8/4/1964,18.5,0,0,41.6
8/5/1964,20.1,0,0,37.5
8/6/1964,20.4,0,0,38.8
8/7/1964,19.4,10,9.7,40.2
8/8/1964,14.6,0.4,1.1,40.2
8/9/1964,15.3,14.8,12.3,29.5
8/10/1964,12.2,14.4,9.2,31.1
8/11/1964,14.6,17.5,24.1,25
8/12/1964,10.6,1.4,1.8,33.7
8/13/1964,13.7,1.8,2.9,24.4
8/14/1964,15.9,0,0,23.8
8/15/1964,15.6,2.5,0.3,23.2
8/16/1964,17.5,0,0,23.2
8/17/1964,18.7,0,0,25.3
8/18/1964,13.9,15.5,7,31.1
8/19/1964,15.6,0,0,23.5
8/20/1964,15.2,0,0,20.1
8/21/1964,13.4,4.5,3.2,18.7
8/22/1964,14.2,8.2,16.5,24.4
8/23/1964,14.1,0,0,24.1
8/24/1964,15.7,0,0,21.3
8/25/1964,16.8,0,0,22.9
8/26/1964,18.1,0,0,29.5
8/27/1964,19.9,0,0,33.4
8/28/1964,22.4,0,0,34.7
8/29/1964,17,32.8,32,40.4
8/30/1964,13.2,0,0,45.8
8/31/1964,12.6,0,0,25.6
9/1/1964,12.4,0,0,21.9
9/2/1964,12.2,0,0,20.1
9/3/1964,16,0,0,19.5
9/4/1964,17.5,0,0,21
9/5/1964,17.2,0,1.5,23.8
9/6/1964,14.3,7.5,17.3,23.2
9/7/1964,13.1,0.3,1.7,22.2
9/8/1964,14.6,0,0,15.6
9/9/1964,16.2,0,0,15.6
9/10/1964,15.4,0,0,16.4
9/11/1964,15.5,0.6,0.1,18.7
9/12/1964,17.6,2.1,0,23.2
9/13/1964,16.9,0,0,25
9/14/1964,17,0,0,25
9/15/1964,17.1,0.3,0,25.6
9/16/1964,17.8,23.7,25.5,28.2
9/17/1964,14.2,0.5,0,45.2
9/18/1964,14.1,0.3,0,21.3
9/19/1964,14.3,0,0,16.7
9/20/1964,11.4,24,22.8,15.6
9/21/1964,7.4,6.7,5.5,16.9
9/22/1964,9,0,0,14
9/23/1964,8.9,0,0,14.3
9/24/1964,11.5,0,0,14
9/25/1964,11.3,0,0,12.8
9/26/1964,12.9,0,0,12.5
9/27/1964,12.4,5.4,6.2,13.5
9/28/1964,14.6,0,0,15
9/29/1964,13.7,0,0,13
9/30/1964,15,1.5,1.6,12.3
10/1/1964,15.1,0,0,12.3
10/2/1964,13.4,0.3,0.4,12.5
10/3/1964,14.1,0,1.7,11.6
10/4/1964,14.7,0.8,2.8,11.1
10/5/1964,13.8,0,0,10.9
10/6/1964,12.6,0,0,9.6
10/7/1964,13.4,8,5.6,8.84
10/8/1964,7.8,19.5,23.5,12.8
10/9/1964,8.3,3.8,2.2,10.7
10/10/1964,9.1,8.1,5.3,9.6
10/11/1964,6.3,2.1,1,10.5
10/12/1964,7,1.3,6.6,9.22
10/13/1964,5.1,0.3,0,9.22
10/14/1964,4.9,0,0,8.46
10/15/1964,6.9,3.3,2,8.08
10/16/1964,8,1,0,7.39
10/17/1964,7.6,9.9,10.1,7.05
10/18/1964,5.9,2.7,2.6,7.05
10/19/1964,6.6,0,0,6.88
10/20/1964,5.8,0,0,6.55
10/21/1964,6.3,0,0,6.38
10/22/1964,6.7,0,0.2,6.38
10/23/1964,4.3,10.7,6.2,6.21
10/24/1964,2.4,2.1,1.2,6.21
10/25/1964,3.2,0,0.1,5.63
10/26/1964,4.1,0,0,5.78
10/27/1964,5.3,0,0,5.49
10/28/1964,4.8,0,0,5.63
10/29/1964,5.8,0,0,5.92
10/30/1964,5.1,0,0,5.63
10/31/1964,5.1,0,0,5.49
11/1/1964,4.4,0,0,5.49
11/2/1964,4.1,0.1,0,5.05
11/3/1964,4.6,1.4,0.5,5.05
11/4/1964,3.3,0,0,4.76
11/5/1964,4.2,0,0,4.52
11/6/1964,1.7,0,0,4.4
11/7/1964,1.5,0,0,4.28
11/8/1964,2.3,0,0,4.28
11/9/1964,3.7,0,0,4.16
11/10/1964,4.6,0.2,0,4.16
11/11/1964,5.5,0,0,4.03
11/12/1964,5.8,6.7,4.1,3.91
11/13/1964,6.1,14.8,9.8,4.03
11/14/1964,6.3,4.5,3.2,9.03
11/15/1964,7.6,3.2,3.3,8.27
11/16/1964,6.6,32.2,22.7,8.08
11/17/1964,10.5,14.8,9,16.6
11/18/1964,9.1,16.6,14.9,19
11/19/1964,8.6,0,0,24.7
11/20/1964,8.7,0,0,15
11/21/1964,5,0,0,12
11/22/1964,3.6,0,0,10
11/23/1964,3.2,0,0,9.03
11/24/1964,2.8,0,0,7.89
11/25/1964,2.4,0.3,0,7.22
11/26/1964,3,0,0,6.71
11/27/1964,4.1,0.4,0,6.38
11/28/1964,3.7,10.9,13.5,6.07
11/29/1964,0.4,16,21.5,6.07
11/30/1964,0.8,0,0.5,5.34
12/1/1964,-2.3,0,0,4.91
12/2/1964,-2.3,0,0,4.52
12/3/1964,-1.4,9.6,15.6,4.4
12/4/1964,-3.5,14.1,12.5,4.4
12/5/1964,-2.4,4.9,6.9,4.52
12/6/1964,-0.3,21.1,13.2,4.28
12/7/1964,0.8,0.3,0,4.16
12/8/1964,-0.1,0.3,0,4.03
12/9/1964,-1.8,0.5,0,3.91
12/10/1964,-1.5,0,0,4.03
12/11/1964,-0.9,0,0,3.91
12/12/1964,-1,0,0,3.79
12/13/1964,-1.2,0.5,0,3.67
12/14/1964,-0.4,0,0,3.67
12/15/1964,1.5,0,0,3.55
12/16/1964,1.5,0,0,3.55
12/17/1964,-0.1,0,0,3.55
12/18/1964,0.6,0,0,3.55
12/19/1964,1.2,0.1,1.2,3.35
12/20/1964,1.5,2.5,2.2,3.35
12/21/1964,0.3,1,0,3.35
12/22/1964,-0.4,0,0,3.26
12/23/1964,-1.5,0,0,3.06
12/24/1964,-2.1,0,0,3.16
12/25/1964,0.4,5.2,2.3,3.16
12/26/1964,-3.5,4.1,1.4,3.16
12/27/1964,-7.8,0.3,0,2.96
12/28/1964,-5.1,1.9,1.6,2.96
12/29/1964,-5.9,0.6,0.5,2.96
12/30/1964,-4.9,0,0,2.86
12/31/1964,-3.5,0,0,2.86
1/1/1965,0.4,2.7,2.3,3.22
1/2/1965,0.9,7,4.9,3.22
1/3/1965,-0.6,5.3,5,3.12
1/4/1965,-1.8,0.6,0,3.12
1/5/1965,-6.7,0,0,2.93
1/6/1965,-4.5,0,0,3.02
1/7/1965,-0.4,1.6,0.7,3.02
1/8/1965,1.1,4.3,5,3.12
1/9/1965,3.5,0.8,3.9,3.22
1/10/1965,3.2,0,0,3.02
1/11/1965,-1.3,0,0,3.02
1/12/1965,-0.8,0,0,3.02
1/13/1965,1.9,0.6,0.2,2.93
1/14/1965,-1.1,2.6,1.9,2.93
1/15/1965,-3.2,1.8,4.1,2.83
1/16/1965,-1.1,7.1,5,2.83
1/17/1965,4.8,17.2,13.5,3.32
1/18/1965,-0.2,7.1,2.1,3.61
1/19/1965,-0.6,6.4,5.3,3.22
1/20/1965,-5.2,0,0,3.12
1/21/1965,-2,0.1,0,3.12
1/22/1965,-0.9,6.1,4.3,3.12
1/23/1965,0.1,3.2,2.1,3.02
1/24/1965,-1.6,0.2,0,3.02
1/25/1965,-0.6,0,0,3.02
1/26/1965,1.1,1.5,1,3.02
1/27/1965,-0.6,1.4,0.8,3.02
1/28/1965,0.8,0,0,2.93
1/29/1965,1.4,0.2,0,2.93
1/30/1965,3.1,0,0,2.93
1/31/1965,4.9,14.6,13.9,3.12
2/1/1965,3.2,5.8,3.3,4.65
2/2/1965,-0.1,0,0,4.17
2/3/1965,-1.2,0,0,3.61
2/4/1965,-0.6,0,0,3.51
2/5/1965,-1.5,11.3,7.9,3.41
2/6/1965,1,0.2,0.3,3.22
2/7/1965,-1,0.1,0.3,3.22
2/8/1965,-4.1,3,4.8,3.12
2/9/1965,-5.5,0,0,2.93
2/10/1965,-8.3,0,0,2.83
2/11/1965,-4.3,0.1,0,2.83
2/12/1965,-5.2,0,0,2.83
2/13/1965,-1,9.1,6.5,2.83
2/14/1965,-0.8,10,8.7,2.93
2/15/1965,-2.4,11.9,8.3,2.93
2/16/1965,-3.8,0.4,0.2,2.83
2/17/1965,-7.9,1.3,0,2.83
2/18/1965,-7.9,0,0,2.68
2/19/1965,-6.1,0,0,2.68
2/20/1965,-2.5,0.4,0,2.47
2/21/1965,-4.9,0,0,2.39
2/22/1965,-5.7,0,0,2.25
2/23/1965,-5.7,0,0,2.1
2/24/1965,-4.2,0,0,2
2/25/1965,-4.6,0,0,2
2/26/1965,-5.6,0,0,2
2/27/1965,-2,0,0,2
2/28/1965,-1.1,0,0,2
3/1/1965,1,0.2,0,2
3/2/1965,-0.1,8.2,10.2,2
3/3/1965,-3.9,0.4,0.1,2
3/4/1965,-5.6,0,0,2
3/5/1965,-1.1,0.3,0,2
3/6/1965,0.1,9.5,4.4,2
3/7/1965,-0.5,0,0,2
3/8/1965,-0.2,0,0,2.1
3/9/1965,-2.1,0,0,2.1
3/10/1965,-2.7,0,0,2.25
3/11/1965,-1.2,0,0,2.61
3/12/1965,-0.6,0,0,2.61
3/13/1965,3.1,0,0,2.83
3/14/1965,4.2,0,0,3.12
3/15/1965,5.5,0.2,0,3.61
3/16/1965,3.7,6.3,5.3,4.41
3/17/1965,4.9,0,0,4.17
3/18/1965,5.3,2.5,4.9,4.41
3/19/1965,4.2,2.3,2.5,4.65
3/20/1965,6.4,2.6,1.1,4.41
3/21/1965,5.8,18.8,14.5,5.31
3/22/1965,8.4,0,0,10
3/23/1965,4.8,16.8,11.1,9.8
3/24/1965,5.4,22.9,12.7,9.01
3/25/1965,4,3.6,5.3,8.81
3/26/1965,5.7,26.8,25.5,8.21
3/27/1965,7.6,0.8,0.7,12
3/28/1965,9.6,0,0,11.4
3/29/1965,8.7,0,0,12
3/30/1965,9.7,0,0,12
3/31/1965,8.2,0,0,12.5
4/1/1965,7.4,0,0,12.5
4/2/1965,8.8,0,0,12.5
4/3/1965,9.7,0,0,13.3
4/4/1965,9.8,0,0,13.8
4/5/1965,11.4,0,0,13.8
4/6/1965,10.5,6.9,3.5,12.8
4/7/1965,9.3,7.7,11.5,13.3
4/8/1965,6.2,6.8,9.4,15.1
4/9/1965,5.9,8,1.9,13.3
4/10/1965,8.9,0,0,11.6
4/11/1965,5.7,4,2.7,11.6
4/12/1965,7.7,4.1,3.1,10.4
4/13/1965,5.7,1.9,2.2,9.8
4/14/1965,4.8,0.3,0,8.81
4/15/1965,4.6,21.1,18.5,8.04
4/16/1965,5.3,25.5,26.5,13.7
4/17/1965,6.6,5.5,3.8,14.6
4/18/1965,5.5,6,9.2,12.8
4/19/1965,5.6,6.1,17.5,11.6
4/20/1965,0.6,10.4,5.9,9.8
4/21/1965,2.3,4.5,1.9,8.81
4/22/1965,4.9,1.6,0.5,8.21
4/23/1965,5.9,1.5,1.5,8.04
4/24/1965,6.2,2.6,0.7,7.69
4/25/1965,7.6,1.8,1.6,7.52
4/26/1965,8.5,19,8.3,7.86
4/27/1965,4.7,3.2,1.5,9.6
4/28/1965,5.8,0.2,0,8.21
4/29/1965,6.8,0.1,0,7.17
4/30/1965,7.8,0,0,6.83
5/1/1965,11.6,0,0,8.04
5/2/1965,10.9,0,0,11.6
5/3/1965,11.6,2,0.9,14.1
5/4/1965,11.3,18.5,19.7,19.6
5/5/1965,6.8,25.6,28.1,22
5/6/1965,7.5,1.3,0.7,18
5/7/1965,9.9,1.5,0.6,14.3
5/8/1965,14.1,0,0,15.7
5/9/1965,14.7,0.5,0.3,19.2
5/10/1965,12.9,0,0,23.3
5/11/1965,10.7,0,0,20.6
5/12/1965,13.1,0,0,20.6
5/13/1965,13.8,0,0,23
5/14/1965,17,0,0,29.3
5/15/1965,19.5,1.5,4.2,36.6
5/16/1965,17.6,6.5,0.4,55.6
5/17/1965,16.6,5.1,3.7,60.9
5/18/1965,14.3,25.2,24.1,55.9
5/19/1965,8.4,18.6,15.9,72.6
5/20/1965,9.1,0,0,46.7
5/21/1965,10.2,0,0,34.2
5/22/1965,12.7,0,0,29.9
5/23/1965,14.8,1.5,1.5,30.3
5/24/1965,13.7,0,1.5,32.5
5/25/1965,12.5,4.6,5.3,33.9
5/26/1965,13.6,1.3,4.3,35.2
5/27/1965,11,9.9,5.4,34.2
5/28/1965,9,1,0.5,31.2
5/29/1965,9.4,1.6,1,25.5
5/30/1965,11.9,4.1,4.1,23.3
5/31/1965,8.8,7.6,11.1,24.3
6/1/1965,9.3,0.1,0.2,23.3
6/2/1965,12.9,0.8,2.2,20.6
6/3/1965,11.8,1.2,0.6,20.3
6/4/1965,11.1,6.6,5.3,21.2
6/5/1965,11.5,19.2,11,24.6
6/6/1965,12,2,4.4,34.2
6/7/1965,12.8,8.4,2,30.3
6/8/1965,9,21.5,15.8,34.9
6/9/1965,9.2,11.7,11.1,31.2
6/10/1965,8.3,18.6,21.3,36.3
6/11/1965,13.4,0,0,41.1
6/12/1965,14.7,0,0,37
6/13/1965,15.4,0.2,0.5,37.3
6/14/1965,15.8,0,0,43.2
6/15/1965,17.2,0,0.2,45.7
6/16/1965,17.7,9.5,7.7,55.3
6/17/1965,14.2,0.6,1.1,66.3
6/18/1965,16.4,0,0,46.4
6/19/1965,21.2,0.6,2,50.4
6/20/1965,17.5,4,2.7,75.8
6/21/1965,18.6,3.6,0.5,88.2
6/22/1965,19.5,2.9,0.3,88.2
6/23/1965,20.2,0,0.3,75.4
6/24/1965,20.8,0,0,74.2
6/25/1965,20.3,17.8,0.5,80.7
6/26/1965,21.4,0,0,89.9
6/27/1965,18.5,47,10,90.8
6/28/1965,18,0,0,89.1
6/29/1965,20.4,0,0,75.4
6/30/1965,20.6,5.6,11,79.9
7/1/1965,15.6,15.1,12.6,88.2
7/2/1965,19.5,0.4,0.1,75.8
7/3/1965,18,13,5,68.6
7/4/1965,13,36.1,30.5,75.8
7/5/1965,10.4,0.9,2.6,66.7
7/6/1965,13.5,0,0,43.2
7/7/1965,18.2,29.5,22.5,38.3
7/8/1965,11.6,9.5,9,63.2
7/9/1965,11.4,5.7,3.2,45.4
7/10/1965,13.5,0.3,0,35.6
7/11/1965,15.5,0,0,31.6
7/12/1965,18.5,0,0,34.9
7/13/1965,20.1,0,0,41.5
7/14/1965,19.3,9,9.7,49
7/15/1965,17.7,16.8,12.1,60.5
7/16/1965,14.6,4.1,9.2,66.3
7/17/1965,14.9,0.2,0.4,48.6
7/18/1965,16.8,0,0,40.8
7/19/1965,18,6.3,0,41.1
7/20/1965,15.8,10.5,8.3,44
7/21/1965,16.1,0,0.8,43.6
7/22/1965,14.7,18,12.3,40.4
7/23/1965,15.8,6.7,5.5,40.4
7/24/1965,17.2,26.6,25.1,50.8
7/25/1965,15.4,5.8,12.2,88.6
7/26/1965,12.6,5.7,5.1,74
7/27/1965,15,0.3,0,49
7/28/1965,15.6,0,0,40.4
7/29/1965,14.5,0.5,1.6,36.6
7/30/1965,14.1,14.5,10,36.3
7/31/1965,15.6,0.1,0,48.2
8/1/1965,10.8,27.1,9.7,39
8/2/1965,13.9,3.3,6,34.9
8/3/1965,16.2,2.7,2.7,35.9
8/4/1965,16.8,0,0,33.2
8/5/1965,18.9,0,0,34.2
8/6/1965,19.9,0,0,42.5
8/7/1965,22,0,0,55.6
8/8/1965,15.2,2,13.2,59.4
8/9/1965,14.4,0.2,0,51.9
8/10/1965,15.9,5.4,10.9,44
8/11/1965,15.2,0.2,0,38
8/12/1965,15.7,0,0,30.9
8/13/1965,17.4,7,28.7,35.2
8/14/1965,14.7,14.2,12.1,61.1
8/15/1965,17.1,0,0,46.8
8/16/1965,16.4,8.3,10,41.1
8/17/1965,16.1,4.4,5.7,39.7
8/18/1965,16.8,0,0.6,36.6
8/19/1965,17.6,0,0,34.2
8/20/1965,16.9,8.1,8.1,37
8/21/1965,18.4,6.1,9.6,37.3
8/22/1965,12.3,42.6,47.7,81.1
8/23/1965,12.1,11,11.9,68.2
8/24/1965,10.9,7.6,6,49.3
8/25/1965,12.3,2.1,3,40.4
8/26/1965,12,0.5,0.4,33.4
8/27/1965,11.2,6.6,11.1,31.7
8/28/1965,14.2,0.7,0,37.6
8/29/1965,15.2,0,1.7,30.4
8/30/1965,15.4,0,0,27.3
8/31/1965,14,6,9.1,25.1
9/1/1965,9.5,13.6,18,29.8
9/2/1965,10.6,26.6,43.2,50.3
9/3/1965,10,0,0,49.4
9/4/1965,11.7,0,0,32.7
9/5/1965,9.5,6.2,7.9,28.2
9/6/1965,9.5,4,1.3,26
9/7/1965,13.6,0,0,20.7
9/8/1965,13.6,0.7,0.1,19
9/9/1965,13,8.9,6.4,22.5
9/10/1965,8.8,18.1,14.5,27.9
9/11/1965,9,0.6,1.1,26.7
9/12/1965,9.2,2.6,2.4,21.9
9/13/1965,8.4,6.3,4.1,21
9/14/1965,13.6,0.2,0,21.3
9/15/1965,14.2,0,0,19.5
9/16/1965,15.4,0,0,18.7
9/17/1965,15.6,0,0,18.7
9/18/1965,14.1,17.2,19,19
9/19/1965,10.6,0.2,0.4,30.3
9/20/1965,10.3,0,0,20.3
9/21/1965,9.9,0,0,18
9/22/1965,12,0,0,16.8
9/23/1965,11.5,0,0,16
9/24/1965,12,0,0,15.1
9/25/1965,15.5,0,0.5,14.3
9/26/1965,9.8,20.9,21.2,22.8
9/27/1965,9.3,0.5,0.6,19.7
9/28/1965,6.5,12.2,14.9,19.2
9/29/1965,8.7,0.1,0.1,17.4
9/30/1965,12.2,0,0,20.3
10/1/1965,12.7,0,0,23.3
10/2/1965,11.6,0,0,19.2
10/3/1965,10.1,0,0,15.7
10/4/1965,8.8,0,0,14.1
10/5/1965,9.5,0,0,13
10/6/1965,10.4,0,0,13.3
10/7/1965,10.5,0,0,12.3
10/8/1965,11.1,0,0,11.6
10/9/1965,10.7,0,0,10.9
10/10/1965,9.5,0,0,10
10/11/1965,8.9,0,0,9.6
10/12/1965,8.4,0,0,9.4
10/13/1965,7.9,0,0,8.81
10/14/1965,8,0,0,8.41
10/15/1965,6.7,0,0,7.86
10/16/1965,10.3,10.5,8.8,7.69
10/17/1965,9.4,0,0,8.21
10/18/1965,10,0,0,8.21
10/19/1965,9.2,0,0,7.86
10/20/1965,8.3,0,0,7.52
10/21/1965,8,0,0,7
10/22/1965,6.8,0,0,6.48
10/23/1965,4.9,0,0,6.33
10/24/1965,4.7,0,0,5.9
10/25/1965,4.3,0,0,5.75
10/26/1965,5.1,0,0,5.6
10/27/1965,8.8,0,0,5.31
10/28/1965,6.9,0,0,5.31
10/29/1965,7.6,6.4,4.2,5.6
10/30/1965,6.7,0,0,5.46
10/31/1965,7.3,0,0,4.9
11/1/1965,12.5,1.7,1.2,4.78
11/2/1965,10.9,0,0,5.02
11/3/1965,6.8,4.5,0.1,4.65
11/4/1965,5.1,3.6,2.1,4.53
11/5/1965,5.1,0,0.2,4.41
11/6/1965,6.6,0,0.1,4.65
11/7/1965,7.8,1.5,0.3,5.46
11/8/1965,8.2,0,0,5.46
11/9/1965,8,2.1,4.4,4.53
11/10/1965,5.8,9.8,14.1,4.9
11/11/1965,5.4,0.2,0,4.9
11/12/1965,4.5,6.4,3.2,4.53
11/13/1965,0.7,9,7.8,4.41
11/14/1965,-1.4,3.7,2.3,3.92
11/15/1965,0.8,6,4,4.04
11/16/1965,-0.1,0,0,3.92
11/17/1965,2.2,3.6,3.7,4.04
11/18/1965,3.2,0,0,4.04
11/19/1965,3.5,5.9,5.1,4.04
11/20/1965,4.2,14.5,11,3.92
11/21/1965,5.6,17.2,7.6,4.9
11/22/1965,0.8,7.5,4,4.78
11/23/1965,-4.5,5.1,0.8,4.17
11/24/1965,-2.5,20,15.9,3.8
11/25/1965,1,3,0.1,4.04
11/26/1965,1.8,4.1,4,4.04
11/27/1965,3,4.7,18.5,5.92
11/28/1965,0.8,6.1,5.2,6.65
11/29/1965,3.5,8.2,3,5.31
11/30/1965,1.1,3.6,1.8,5.02
12/1/1965,0.7,0.6,0.3,4.53
12/2/1965,-0.5,18.9,10.2,4.29
12/3/1965,3.5,4.5,4.8,5.31
12/4/1965,1.5,6.6,8.6,5.02
12/5/1965,2.7,14.7,12.2,5.17
12/6/1965,5.1,1.9,0.8,10.4
12/7/1965,1.8,15.1,17.9,7.86
12/8/1965,0.6,3.7,0.7,6.48
12/9/1965,-2,2.4,0.9,5.46
12/10/1965,2,15.6,17,5.9
12/11/1965,1.7,9.2,9.4,5.46
12/12/1965,2.4,30.6,27.1,5.6
12/13/1965,6.2,0.7,0,9.21
12/14/1965,4.2,0,0,7.52
12/15/1965,-1.8,0,0,6.19
12/16/1965,0.8,0.6,0.2,5.9
12/17/1965,3.3,17.7,15,5.9
12/18/1965,4.7,0.1,0,8.21
12/19/1965,1.4,0,0,7.52
12/20/1965,3.2,0.1,0,6.83
12/21/1965,2.1,10,6.6,6.48
12/22/1965,-0.4,0,0,5.9
12/23/1965,0.3,6.3,9.2,5.6
12/24/1965,1.1,4.7,3.5,5.31
12/25/1965,2.6,3.2,2.6,5.02
12/26/1965,3,1.8,0.7,5.02
12/27/1965,0.8,13.9,17,4.78
12/28/1965,2.1,4.1,2.8,4.65
12/29/1965,-1.2,0.3,0.3,4.41
12/30/1965,0.8,5.7,5.5,4.29
12/31/1965,2.2,12,11.6,4.17
1/1/1966,5.4,1,2.6,4.9
1/2/1966,4.7,19.2,10.9,5.31
1/3/1966,3.1,8.9,11.1,5.17
1/4/1966,1.2,0.4,1.4,4.78
1/5/1966,-2.8,0,0,4.04
1/6/1966,-3.8,0,0,4.04
1/7/1966,-3,0,0,3.92
1/8/1966,-3.2,0,0,3.92
1/9/1966,-1.1,0,0,3.61
1/10/1966,-1.8,1.6,0.5,3.51
1/11/1966,0.1,3.6,0.9,3.61
1/12/1966,-5.2,5.2,5.5,3.61
1/13/1966,-10.6,0.3,0,3.22
1/14/1966,-11,0.2,0,3.22
1/15/1966,-12.4,0,0,3.22
1/16/1966,-10.4,0,0,3.02
1/17/1966,-8.5,0.3,0,2.93
1/18/1966,-8.7,0.3,0,2.54
1/19/1966,-9.2,0,0,2.39
1/20/1966,-4,0,0,2.47
1/21/1966,-0.9,0.1,0,2.47
1/22/1966,1.7,3.1,2.2,2.54
1/23/1966,2.7,23.6,11.8,3.02
1/24/1966,1.9,0.6,0.2,3.02
1/25/1966,-0.2,2.8,2.5,2.93
1/26/1966,1.6,3.3,1.5,2.83
1/27/1966,4.2,1.5,0.9,2.93
1/28/1966,2.1,0,0,2.83
1/29/1966,2.2,0.1,0,2.83
1/30/1966,5.4,0,0,3.22
1/31/1966,5.6,0.1,0.1,3.7
2/1/1966,3.6,0,0,4.04
2/2/1966,2.1,0.7,0.8,3.8
2/3/1966,4.2,10,9.2,4.29
2/4/1966,4.4,0,0,5.9
2/5/1966,3.6,0,0,5.31
2/6/1966,2.5,6.7,5.6,4.78
2/7/1966,5.3,8.5,6.2,5.75
2/8/1966,4.4,27.1,29.4,7.3
2/9/1966,4.6,28,19.7,22.1
2/10/1966,3.4,0,0,15.2
2/11/1966,4,7.8,10.5,10.6
2/12/1966,2.3,0.8,3.7,9.08
2/13/1966,3,11.9,7.5,7.98
2/14/1966,2.8,1,1.3,7.15
2/15/1966,1.4,0,0,6.33
2/16/1966,1.9,0,0,6.04
2/17/1966,3.7,0.9,0.3,5.75
2/18/1966,5.5,0,0,5.46
2/19/1966,4.6,0,0,5.31
2/20/1966,10.6,0,0,5.31
2/21/1966,10.1,12.6,16.7,7.32
2/22/1966,6.8,8.2,6.2,9.45
2/23/1966,3.7,3.5,4.5,7.98
2/24/1966,2,0,0,6.81
2/25/1966,7,0.2,0.1,6.33
2/26/1966,5.3,6,1.6,6.81
2/27/1966,7,0,0,7.15
2/28/1966,6.5,11.6,7.8,7.82
3/1/1966,3.8,0.5,0.2,8.15
3/2/1966,2.3,0,0,6.81
3/3/1966,3,0,0,6.48
3/4/1966,4,0.7,4,6.19
3/5/1966,3.8,1.1,1,5.75
3/6/1966,4.8,0,0,5.31
3/7/1966,3.2,0,0,5.02
3/8/1966,3.6,0,0,5.02
3/9/1966,7.8,0.7,0.7,5.31
3/10/1966,7.2,3.5,2.2,6.04
3/11/1966,5.2,14.2,12.6,6.81
3/12/1966,0.7,14.8,20.7,6.81
3/13/1966,1.5,5.9,8.4,6.19
3/14/1966,-0.4,1.4,0.9,5.6
3/15/1966,-0.2,14.6,15.6,5.17
3/16/1966,2,0,0,5.17
3/17/1966,1.6,0,0,5.31
3/18/1966,1.4,5.1,9.7,5.6
3/19/1966,3.8,0,0,5.31
3/20/1966,2.2,0,0,5.31
3/21/1966,2.5,0,0,5.6
3/22/1966,4.1,0,0,6.19
3/23/1966,6.7,0.2,0,6.65
3/24/1966,4.8,2.4,0.8,6.98
3/25/1966,-0.6,4.5,4,6.33
3/26/1966,1.2,2.2,2.3,5.6
3/27/1966,10.6,13.5,13,5.9
3/28/1966,5.3,2.7,8.2,9.08
3/29/1966,0.8,5,8.4,7.48
3/30/1966,1,0,0,6.48
3/31/1966,3.1,0,0,6.19
4/1/1966,6,0,0,6.33
4/2/1966,8.6,0,0.2,7.32
4/3/1966,8.8,0.9,1.1,7.98
4/4/1966,9.1,0,0,8.71
4/5/1966,7.9,0,0,9.63
4/6/1966,10.4,0,0,10
4/7/1966,11.3,0,0.2,11
4/8/1966,8.3,1.2,0.4,11.8
4/9/1966,9.6,10,8.5,12
4/10/1966,7.3,4.6,2.9,14.2
4/11/1966,7.4,8.1,6.3,13.1
4/12/1966,8.4,0,0,13.3
4/13/1966,10.5,1.6,0.3,13.5
4/14/1966,11.8,11.9,5.7,15.2
4/15/1966,11.6,1.3,0.4,19.1
4/16/1966,8.7,2.9,3.1,17.6
4/17/1966,9.6,0.2,0,13.8
4/18/1966,10.8,0.6,0,12.9
4/19/1966,11.6,12.7,8,15.8
4/20/1966,7.7,26.6,26.5,17.6
4/21/1966,4.6,3.8,3.7,17.6
4/22/1966,6.3,0,0,14.2
4/23/1966,11.3,0,0,14.2
4/24/1966,12.8,11.1,12.7,17.1
4/25/1966,7,6.9,12,20.6
4/26/1966,9.5,0,0,17.3
4/27/1966,11.6,2.6,0.4,17.6
4/28/1966,11.5,2.9,2.5,19.7
4/29/1966,11.8,0,0,20.6
4/30/1966,13.3,0,0,22.9
5/1/1966,14.6,0,0,28.1
5/2/1966,15.4,0,0,31.6
5/3/1966,16.2,0,0,34.9
5/4/1966,18.2,0,0,38.2
5/5/1966,13.7,3.6,3.5,37.9
5/6/1966,6.7,24,26.6,36.2
5/7/1966,6.8,12.6,9.7,27.8
5/8/1966,7.4,0.3,2.3,22.4
5/9/1966,7.8,7.1,8.3,19.1
5/10/1966,7.8,0.9,0.5,17.6
5/11/1966,10.6,0,0,16.8
5/12/1966,15,0,0,18.1
5/13/1966,16.2,0,0,21.2
5/14/1966,18,0,0,28.8
5/15/1966,17.8,0,0,34.2
5/16/1966,18.1,0,0,37.2
5/17/1966,15.7,0.9,1.5,44.4
5/18/1966,13.6,18.5,10.4,42.3
5/19/1966,12.5,0.5,1.5,45.5
5/20/1966,12,2,1.4,36.2
5/21/1966,13.8,1,1.4,34.6
5/22/1966,16.5,0.7,0,38.2
5/23/1966,11.6,11.9,8.5,43.7
5/24/1966,15,0,0,42.7
5/25/1966,11.1,1.8,1.9,37.5
5/26/1966,14.1,0.1,0.1,34.2
5/27/1966,9.6,0.9,2.2,32.3
5/28/1966,10.6,0,0,25
5/29/1966,10.7,0,0,22.4
5/30/1966,12.3,0,0,22.4
5/31/1966,12.9,0,0,23.2
6/1/1966,13.8,0,0,23.5
6/2/1966,14.8,0,0,24.4
6/3/1966,17.4,0,0,27.8
6/4/1966,17.5,2.5,0.9,34.2
6/5/1966,16.6,1.6,0.4,42.7
6/6/1966,15.6,0,0,43
6/7/1966,19.2,0,0,43.7
6/8/1966,18.1,0,0.8,48.3
6/9/1966,19.7,0,0,50.4
6/10/1966,22.1,0,0,56.3
6/11/1966,23.3,0,0,61.1
6/12/1966,19.2,0,0,59.6
6/13/1966,18.2,6.2,11.4,56.6
6/14/1966,18.1,0,5.3,54.1
6/15/1966,18.3,1.2,0,51.1
6/16/1966,20.8,0,0.1,52.2
6/17/1966,22.5,0,0.9,56.6
6/18/1966,17.9,28.9,15.4,62.6
6/19/1966,11,14.6,8.5,67.6
6/20/1966,11.8,6.6,4.7,42
6/21/1966,14.4,0.1,0,33.9
6/22/1966,17.8,0,0,32.3
6/23/1966,17.4,46.9,18.8,38.9
6/24/1966,14,7.2,12.4,54.1
6/25/1966,16.4,0,0,45.1
6/26/1966,13.6,5.6,7,36.2
6/27/1966,15.8,1,0.7,37.5
6/28/1966,15.7,1.8,13,38.9
6/29/1966,11.6,0.4,1.6,37.2
6/30/1966,15.1,0,0,27.8
7/1/1966,16.7,0,0,27.5
7/2/1966,18.1,0,0,31.3
7/3/1966,20.5,4.3,6,36.2
7/4/1966,20.6,2,0.2,49
7/5/1966,17.3,10.6,13.9,52.9
7/6/1966,14.1,9.5,15,60.7
7/7/1966,12.7,17.6,7.6,48.7
7/8/1966,14.4,1.1,1.1,38.9
7/9/1966,17.1,0,0,32.6
7/10/1966,18.6,0,0,31.6
7/11/1966,15.6,5.1,5.6,34.6
7/12/1966,18.8,0,0,37.9
7/13/1966,20.7,0.4,0.1,43.7
7/14/1966,17.1,23.3,19.5,50.1
7/15/1966,15.3,0.2,0.2,57.8
7/16/1966,15.9,1.9,4.3,37.9
7/17/1966,12,20.3,23.4,38.6
7/18/1966,10.7,1.6,6.1,42.7
7/19/1966,12.2,4.2,6,33.6
7/20/1966,13.6,0,0.4,27.8
7/21/1966,13.5,2.3,1.3,25.3
7/22/1966,13,0.6,0.8,23.2
7/23/1966,14.6,0.1,0.1,22.9
7/24/1966,17.5,0,0,24.7
7/25/1966,15.3,1.6,2.1,27.8
7/26/1966,16.6,0,0,29.1
7/27/1966,15.4,30,25.3,30.3
7/28/1966,13.5,0.8,0.7,43.7
7/29/1966,16.7,0,0,30.3
7/30/1966,17.2,0.3,0,27.8
7/31/1966,14.6,0,0,26.9
8/1/1966,16.7,0,0,26.3
8/2/1966,14.4,11.4,12.2,26.9
8/3/1966,18.5,11.5,4.5,40.3
8/4/1966,15.5,19.7,14.6,63.3
8/5/1966,16.4,3.6,2.1,45.8
8/6/1966,15.9,0.1,0,38.2
8/7/1966,16.2,0.1,1.3,30.3
8/8/1966,14,25,24.2,37.3
8/9/1966,14.1,0,0,42
8/10/1966,15.5,0,0,33.3
8/11/1966,20.4,0,0,38.9
8/12/1966,20.9,0,0,44.1
8/13/1966,20.8,0,0,47.6
8/14/1966,21.5,0,0,51.9
8/15/1966,14.9,25.9,25.4,59.3
8/16/1966,10.8,0.2,2,52.1
8/17/1966,11.5,0.1,0,34.9
8/18/1966,13.7,0,1,30.3
8/19/1966,15.1,0.1,0.2,25
8/20/1966,14.4,3.5,1.9,25
8/21/1966,14.9,17.9,11.4,30.7
8/22/1966,14.4,6,5.2,45.2
8/23/1966,15.2,0,1.3,34.6
8/24/1966,12.8,12.4,11.4,29.7
8/25/1966,11,8.2,1.1,31.6
8/26/1966,10.5,0,0,26.6
8/27/1966,12.3,0,0,22.4
8/28/1966,14.1,0,0.3,20.9
8/29/1966,15.6,7.1,4.9,20.6
8/30/1966,13.2,26.6,24,32
8/31/1966,13,4.4,5.7,31.6
9/1/1966,15.1,0.3,0.3,27.8
9/2/1966,15.9,1.5,2.3,28.1
9/3/1966,15.5,0.1,0.2,27.2
9/4/1966,16,0.9,0.6,25
9/5/1966,17.9,0.6,0.8,25.3
9/6/1966,16.6,0,0,25
9/7/1966,16.9,0,0,26.6
9/8/1966,17.4,0,0,28.5
9/9/1966,17.2,0,0,30
9/10/1966,19.1,0,0,26.9
9/11/1966,17.4,0,0,24.7
9/12/1966,18.2,4.1,1.3,25.6
9/13/1966,14.4,19.1,10.7,30
9/14/1966,13.4,0,0,25.6
9/15/1966,15.6,8.6,8.5,20.3
9/16/1966,9.4,2.6,2.2,21.5
9/17/1966,11,0,0,18.4
9/18/1966,11.9,0,0,17.6
9/19/1966,13.1,0,0,16.5
9/20/1966,12.4,0,0,16
9/21/1966,13.1,0,0,16.8
9/22/1966,15.3,0,0,16
9/23/1966,14.5,0,0,15
9/24/1966,13.3,0,0,14.2
9/25/1966,12.3,0,0,13.8
9/26/1966,14.8,0,0,14.5
9/27/1966,14.7,0,0,14.5
9/28/1966,14.3,0,0,13.8
9/29/1966,13.2,0,0.2,14
9/30/1966,12.7,3.3,2.4,13.3
10/1/1966,13.9,6.5,2.3,13.3
10/2/1966,13.5,0,0,12.4
10/3/1966,17,0,0,12.4
10/4/1966,16.8,0,0,14
10/5/1966,14.9,0,0,14
10/6/1966,14.6,0,0,13.1
10/7/1966,13,0,0,12.9
10/8/1966,13,0.1,0,12.2
10/9/1966,15.3,0,0.2,14.7
10/10/1966,15.3,0,0.3,14.5
10/11/1966,14.7,0,0.7,14.2
10/12/1966,13.6,7.1,7.3,17.1
10/13/1966,13,0,0,15
10/14/1966,11.8,0,0,11.8
10/15/1966,10.5,1.9,4.3,11.8
10/16/1966,12.1,0.8,0.8,17.3
10/17/1966,11.6,0,0,12.7
10/18/1966,10.3,0,0,9.82
10/19/1966,7.4,11.9,13.7,9.82
10/20/1966,8.7,0.5,0.3,8.89
10/21/1966,10,0,0,7.48
10/22/1966,9.2,0,0,6.81
10/23/1966,10.5,0.1,0,6.81
10/24/1966,12.2,1.6,0.9,7.48
10/25/1966,11.7,0.1,0.3,7.82
10/26/1966,9,28.4,34.4,8.75
10/27/1966,5.8,4.2,4.1,10.6
10/28/1966,5.9,8,11.6,8.34
10/29/1966,4.4,4.5,7.1,8.34
10/30/1966,3.2,0.2,0.2,7.48
10/31/1966,2.4,0.4,0,6.65
11/1/1966,1.2,0,0,6.19
11/2/1966,2.3,0,0,5.6
11/3/1966,2.9,0.5,8.5,5.6
11/4/1966,0.7,17.2,31.2,5.75
11/5/1966,1.3,1.4,0,5.6
11/6/1966,8.7,0,0,7.98
11/7/1966,7,0,0,9.08
11/8/1966,5.2,0.1,0,7.48
11/9/1966,7.2,0,0,7.65
11/10/1966,5.9,4.7,2.7,7.48
11/11/1966,3.2,1,0.3,6.48
11/12/1966,2.1,0.6,0.1,5.9
11/13/1966,2.4,0,0,5.31
11/14/1966,3.1,13.3,14.1,5.02
11/15/1966,2,7.1,7,5.02
11/16/1966,2.3,12.3,18.8,4.9
11/17/1966,0.8,3.8,3.5,4.78
11/18/1966,1.5,2.5,2.4,4.53
11/19/1966,0.3,0.4,0,4.41
11/20/1966,-1.2,0,0,4.17
11/21/1966,-0.1,0,0,4.04
11/22/1966,-1.8,0,0,3.92
11/23/1966,-0.4,4.4,4.2,3.92
11/24/1966,0.3,1.4,4.3,3.92
11/25/1966,-1.6,0,0,3.8
11/26/1966,-3.3,0,0,3.61
11/27/1966,1.1,0,0,3.8
11/28/1966,2.5,5.6,12.9,3.7
11/29/1966,0.1,1.1,3.7,3.8
11/30/1966,-0.6,5,6.3,3.7
12/1/1966,3.8,0.3,0,4.53
12/2/1966,2.8,22.8,20.2,4.9
12/3/1966,1,5.6,5.9,4.65
12/4/1966,-0.7,1.2,2,4.29
12/5/1966,-1.6,0.3,0,4.04
12/6/1966,-5.2,0,0,3.7
12/7/1966,-3.9,0,0,3.61
12/8/1966,-4.1,0.6,0.1,3.61
12/9/1966,1.5,2.9,2,3.61
12/10/1966,1.2,10.2,10.7,3.61
12/11/1966,2.5,7.1,6.2,4.17
12/12/1966,4.3,8.4,8.2,4.04
12/13/1966,1.5,8.7,17.4,4.04
12/14/1966,1.4,0.9,2.5,4.04
12/15/1966,0.1,1.5,2.7,3.8
12/16/1966,-3.6,0,0,3.61
12/17/1966,-0.8,0,0,3.61
12/18/1966,1.2,0,0,3.61
12/19/1966,1.6,0,0,3.51
12/20/1966,2.7,7.1,11.9,3.61
12/21/1966,0.9,2.6,3.1,3.51
12/22/1966,-1.4,9.6,10,3.61
12/23/1966,2.8,5.9,4,3.51
12/24/1966,5.1,16.8,7,3.61
12/25/1966,2.8,8.9,5.3,4.53
12/26/1966,-1.5,0,0,4.04
12/27/1966,-0.9,2.9,1.9,4.04
12/28/1966,0.5,3,4.6,3.8
12/29/1966,1.3,12.4,5.8,3.8
12/30/1966,5.6,2.6,3.6,4.78
12/31/1966,1.3,1.8,1.7,4.53
1/1/1967,5.1,9.6,3.8,4.68
1/2/1967,2,37.9,36.6,6.08
1/3/1967,-2.3,0,0,5.68
1/4/1967,-5.6,0,0,4.91
1/5/1967,-3.8,1,0.4,4.59
1/6/1967,-5.6,6.1,1.6,4.5
1/7/1967,-6.7,0.4,0.3,4.31
1/8/1967,-10.4,0,0,3.94
1/9/1967,-9.1,0,0,3.79
1/10/1967,-9.2,0,0,3.56
1/11/1967,-5.7,0,0,3.51
1/12/1967,-1,0.4,0.4,3.6
1/13/1967,0.5,0,0,3.69
1/14/1967,1,0.2,0,3.69
1/15/1967,-1.2,0,0,3.51
1/16/1967,-3.7,0,0,3.42
1/17/1967,-2.6,0,0,3.33
1/18/1967,-3.3,0,0,3.26
1/19/1967,-2.8,0,0,3.18
1/20/1967,-1.3,0,0,3.26
1/21/1967,0.7,0,0,3.26
1/22/1967,0.7,7.1,5.5,3.42
1/23/1967,0,3.5,1.6,3.33
1/24/1967,1.6,8.8,5.2,3.33
1/25/1967,2.8,0.3,1,3.26
1/26/1967,1.7,26.6,10.2,3.33
1/27/1967,2.7,0,0,4.24
1/28/1967,0.9,0,0,4.06
1/29/1967,3.2,0,0,3.97
1/30/1967,1.5,0,0,4.15
1/31/1967,1,0,0,4.24
2/1/1967,0.3,0,0,4.06
2/2/1967,2.7,0,0,4.06
2/3/1967,2.7,0,0,3.97
2/4/1967,4.7,5.8,4.1,4.06
2/5/1967,2,0,0,4.24
2/6/1967,-1.5,0,0,4.06
2/7/1967,-1.3,0,0,3.88
2/8/1967,-1,0,0,3.88
2/9/1967,-0.2,0,0,3.79
2/10/1967,-2.5,0,0,3.6
2/11/1967,-3.2,0,0,3.33
2/12/1967,-2.4,0,0,3.33
2/13/1967,-4.2,0,0,3.18
2/14/1967,-5,0,0,3.18
2/15/1967,1.7,0,0,3.18
2/16/1967,5.2,0,0,3.26
2/17/1967,1,0,0,3.18
2/18/1967,1,2.1,2.1,3.18
2/19/1967,3.1,19.6,9.1,3.18
2/20/1967,4.5,14.8,15.2,3.88
2/21/1967,11.7,0.5,3.8,14.6
2/22/1967,6.3,0,0,12
2/23/1967,3.6,2.2,6,8.6
2/24/1967,1.6,0,0,7.28
2/25/1967,4.2,0,0,6.67
2/26/1967,6.6,0.6,0,6.54
2/27/1967,3.4,5.2,5,6.27
2/28/1967,8.9,6.1,5.5,6.41
3/1/1967,4.4,16.6,16.5,10
3/2/1967,5.8,0,0,10
3/3/1967,4.4,0,0,8.2
3/4/1967,4.3,0,0,7.74
3/5/1967,7.1,1.2,0.7,8.05
3/6/1967,7.9,0.1,0.1,10.6
3/7/1967,9.5,0,0,11.8
3/8/1967,9,0,0,12
3/9/1967,10.6,0,0,12.4
3/10/1967,7.9,3.8,2.9,12.6
3/11/1967,7.4,3.7,6.9,12.6
3/12/1967,7.4,0,0.4,11.8
3/13/1967,2.8,16,13.7,10
3/14/1967,1.7,0.2,0,8.6
3/15/1967,2.4,0,0,7.89
3/16/1967,2.3,4.4,12.2,7.89
3/17/1967,5.2,1.2,2.3,7.28
3/18/1967,3.3,14.4,15.5,6.98
3/19/1967,1,7.4,5,6.54
3/20/1967,1.7,40.3,31.8,6.27
3/21/1967,5.4,0,0,6.27
3/22/1967,6,0,0,6.98
3/23/1967,6.1,0.4,1.5,7.59
3/24/1967,4.4,0,0,7.28
3/25/1967,4.2,0,0,7.44
3/26/1967,5.1,3.8,3,7.74
3/27/1967,7.7,9.8,4.9,7.74
3/28/1967,3.6,9.6,6.1,8.2
3/29/1967,2.7,1.5,0.5,7.59
3/30/1967,2.4,0.3,0.7,6.67
3/31/1967,2.8,9.2,4.5,6.27
4/1/1967,3.9,1,0.9,6.01
4/2/1967,5.3,0,0,6.01
4/3/1967,5.4,15.2,16.4,6.41
4/4/1967,5.7,2.4,2,6.82
4/5/1967,9.2,0.3,0.4,6.67
4/6/1967,4.7,7.5,4.5,7.44
4/7/1967,1.6,1.5,1,6.98
4/8/1967,4.7,0,0,6.41
4/9/1967,8.5,3.1,0.8,6.98
4/10/1967,5.5,1.2,0.9,8.2
4/11/1967,5.8,0,0,7.89
4/12/1967,7,0,0,7.89
4/13/1967,9.7,0,0,9.6
4/14/1967,10.5,0,0,12
4/15/1967,11.7,0,0,13.5
4/16/1967,10.1,0,0,16.4
4/17/1967,11.6,0,0,19.2
4/18/1967,12.6,0,3.9,21
4/19/1967,7.7,0,0,22.2
4/20/1967,12.8,0,0,22.2
4/21/1967,4.8,12.5,17.9,21.9
4/22/1967,1.1,3.3,2,16.7
4/23/1967,3.2,20.7,15.5,13.5
4/24/1967,1.9,1.6,0.9,12.2
4/25/1967,3.7,0,0,10.8
4/26/1967,4.7,0.4,0,10.2
4/27/1967,5.2,0.3,0,9.8
4/28/1967,6.1,0,0,9.4
4/29/1967,9.2,0,0,11
4/30/1967,12.1,0,0,13.5
5/1/1967,10.6,2.1,2.8,15.4
5/2/1967,7.5,12.4,15.3,16.4
5/3/1967,2.3,9.1,4,14.7
5/4/1967,6.7,0,0,12.6
5/5/1967,12.2,0,0,13.3
5/6/1967,7.8,3.7,3,15.7
5/7/1967,10.7,0,0,15.9
5/8/1967,12.6,0,0,18.1
5/9/1967,13.9,0,0,22.2
5/10/1967,15.6,0,0,28.5
5/11/1967,16.5,0,0,32.3
5/12/1967,18.4,0,0,36.6
5/13/1967,17.6,0,0,41.3
5/14/1967,18.5,0.3,0.5,45.5
5/15/1967,14,3,2.9,55.8
5/16/1967,12.6,4,1.8,49
5/17/1967,11.6,11.8,14.5,41.7
5/18/1967,10.1,4.1,4.5,38.9
5/19/1967,12.5,0,0,31.3
5/20/1967,10.2,0.2,0.5,26.2
5/21/1967,12.1,0,0,24.1
5/22/1967,15.2,15.5,8.7,25.3
5/23/1967,6.7,14.5,13.5,27.8
5/24/1967,12,5.3,3.5,23.5
5/25/1967,10.6,12.7,7.3,24.1
5/26/1967,12.6,0,0,28.8
5/27/1967,16.2,0,0,29.1
5/28/1967,20.4,1.1,0,42.6
5/29/1967,12,3.8,6.6,46.9
5/30/1967,10.3,19.7,19.8,40.6
5/31/1967,6.6,10.1,13.9,35.6
6/1/1967,9.9,0.1,0.1,28.1
6/2/1967,12.6,0,0,25.3
6/3/1967,13.9,0,0,26.5
6/4/1967,15,0,0,30.1
6/5/1967,17,0,0,34.3
6/6/1967,18.6,5.7,4.3,41.7
6/7/1967,17.3,30.2,6.4,55.1
6/8/1967,11.3,22.2,24.9,67
6/9/1967,8.9,5.8,5,49.4
6/10/1967,8.6,2.6,2,35.3
6/11/1967,9.6,0.4,0,28.5
6/12/1967,10.6,0,0.6,24.1
6/13/1967,12.4,0,0,21.6
6/14/1967,11.1,2.1,5.5,20.4
6/15/1967,8.7,11.5,15.4,21.6
6/16/1967,11.5,0,0,20.4
6/17/1967,14.4,0,0,21
6/18/1967,15.8,0,0.9,24.7
6/19/1967,14.6,7.5,6.5,28.5
6/20/1967,13.2,1.2,0.2,28.5
6/21/1967,15.4,0,0,26.2
6/22/1967,18.8,0,0,32.6
6/23/1967,21,0,0,45.1
6/24/1967,22,0,0,56.6
6/25/1967,20.5,2.3,0.6,62.1
6/26/1967,20.4,2.1,1.9,64
6/27/1967,14.8,7.1,6.5,67.7
6/28/1967,16,0,0,53.6
6/29/1967,18,0,0,45.8
6/30/1967,19.8,0,0,45.5
7/1/1967,21.8,0.1,0,52.2
7/2/1967,21.7,1.5,0.8,56.9
7/3/1967,17.4,2.1,15.5,55.8
7/4/1967,18.8,0,0,57.3
7/5/1967,19.6,0,0,50.4
7/6/1967,18.1,1.5,3,47.2
7/7/1967,15.6,6.6,12.2,51.1
7/8/1967,17.5,8.5,17.5,50.1
7/9/1967,15.7,0,0,63.2
7/10/1967,15.6,0,0,44.1
7/11/1967,17.6,0,0,41.7
7/12/1967,21,0,0,44.4
7/13/1967,21.9,0,0,50.8
7/14/1967,19.4,0.1,0,51.5
7/15/1967,17.9,2.9,5.4,47.2
7/16/1967,19.2,0,0,47.2
7/17/1967,21.3,0,0,47.9
7/18/1967,22,0,0,51.8
7/19/1967,23.7,0,0,57.3
7/20/1967,22.5,0,0,56.6
7/21/1967,23,0.6,0.1,57.7
7/22/1967,22.7,5.4,4,62.8
7/23/1967,20.7,2.1,0.8,68.9
7/24/1967,18.4,5.6,6.4,64.7
7/25/1967,16.4,13.8,4.4,64.7
7/26/1967,17.4,0,0,55.8
7/27/1967,19.3,0,0,45.8
7/28/1967,18.4,0.6,0.2,40.6
7/29/1967,20.2,0,1.9,40.3
7/30/1967,20.4,0,0,41.3
7/31/1967,19.6,2.1,4.2,45.8
8/1/1967,21.9,0,0,49.7
8/2/1967,20,17.7,14.3,57.7
8/3/1967,18,5.6,9.8,69.3
8/4/1967,16.7,11.6,13.9,62.5
8/5/1967,14.5,0.8,1,59.1
8/6/1967,12.9,0,0,40.6
8/7/1967,15.4,0,0,34.9
8/8/1967,18,0,0,34.6
8/9/1967,21,6.7,5.3,40.3
8/10/1967,15.9,14.6,10.5,49.7
8/11/1967,16.6,0,0,38.9
8/12/1967,15.1,11.3,8.8,33.6
8/13/1967,13.4,0.4,2.2,31
8/14/1967,13.4,7.1,8.8,24.7
8/15/1967,17.1,0,0,42.4
8/16/1967,18.4,18.3,13.9,44.4
8/17/1967,17.1,3.5,0.4,63.2
8/18/1967,18.5,0,0,43
8/19/1967,18.8,2.3,5.4,37.9
8/20/1967,15,0.2,0.1,38.6
8/21/1967,16,0,0,30.4
8/22/1967,17.1,0,0,33
8/23/1967,16.9,20.6,13.5,31
8/24/1967,15.5,4.2,1.2,34
8/25/1967,16.8,0,0,28.8
8/26/1967,18.2,4.6,0,28.1
8/27/1967,18.1,0,0,28.5
8/28/1967,18,0,0,28.1
8/29/1967,18,0,0,28.8
8/30/1967,16.6,0.2,7,29.1
8/31/1967,17.6,0,0,27.2
9/1/1967,17.3,0.5,0.6,25.3
9/2/1967,17.5,0.1,0.1,28.1
9/3/1967,16.6,6.4,1.2,29.7
9/4/1967,10.7,29.7,19.3,36.1
9/5/1967,11.5,0,0,25
9/6/1967,10.9,6.3,5.3,22.9
9/7/1967,10.6,6.1,6.5,20.1
9/8/1967,10.3,5,6.2,18.4
9/9/1967,8.9,10.6,10,19.8
9/10/1967,7.8,17.8,16.3,21.9
9/11/1967,9.5,1.7,1.1,20.1
9/12/1967,9.7,0,0,17.5
9/13/1967,9.4,3.6,3.5,15.9
9/14/1967,9.2,6.8,3.4,16.4
9/15/1967,10.9,14.9,14.7,16.4
9/16/1967,10.7,3.6,1.4,21.3
9/17/1967,12.5,0,0,17.8
9/18/1967,10.8,0.1,0,15.9
9/19/1967,13.5,8.6,3.3,14.4
9/20/1967,12.2,0.8,0.1,14.9
9/21/1967,15.3,4.5,3.5,15.9
9/22/1967,12.2,0.1,0.1,22.9
9/23/1967,11.8,0,0,17.8
9/24/1967,12.6,0,0,16.4
9/25/1967,13.6,0,0,17.5
9/26/1967,14,0,0,19.2
9/27/1967,16,0,0,18.6
9/28/1967,15.4,0,0,18.4
9/29/1967,16.4,0,0,17.8
9/30/1967,15.5,2.6,1.7,17.5
10/1/1967,15.7,0,0,16.4
10/2/1967,15.4,10.7,8,15.7
10/3/1967,13.4,1,0,17.2
10/4/1967,11.1,7.7,7,13.5
10/5/1967,9.6,0.8,0,11.4
10/6/1967,8.3,1,3,9.4
10/7/1967,13.7,0,0,13.5
10/8/1967,12.4,0,0,12.2
10/9/1967,11.4,0,0,11.8
10/10/1967,11.6,0,0,11.4
10/11/1967,10.6,0,0,10.6
10/12/1967,10.8,0,0,10.2
10/13/1967,9.7,0,0,9.6
10/14/1967,11.7,0,0,9.4
10/15/1967,13.2,0,0,10.4
10/16/1967,13.6,0,0,11.2
10/17/1967,16,24.7,16.2,11
10/18/1967,9.6,0,0,15.2
10/19/1967,5.4,0,0,9.4
10/20/1967,6.6,0,0,8.2
10/21/1967,7.1,0,0,7.74
10/22/1967,8.6,0,0,7.44
10/23/1967,8.7,0,0,7.13
10/24/1967,8.8,0,0,6.98
10/25/1967,9.4,0,0,6.82
10/26/1967,9.3,0,0,6.41
10/27/1967,9.7,0.1,0,6.27
10/28/1967,9.8,4.2,4.1,6.27
10/29/1967,4.7,1.5,2.2,6.14
10/30/1967,5.5,0,0,5.48
10/31/1967,3.2,5.7,5.1,5.24
11/1/1967,7,1.1,0.2,5.02
11/2/1967,6.7,8.7,9.7,5.02
11/3/1967,4.7,0,0,5.24
11/4/1967,4.7,6,7,4.68
11/5/1967,7.5,0.5,0,5.02
11/6/1967,3.1,0,0,4.68
11/7/1967,3.9,0,0,4.46
11/8/1967,3.7,0,0,4.24
11/9/1967,3.8,0.9,1.5,4.15
11/10/1967,6.4,2.6,0.2,4.15
11/11/1967,5.5,1,0.6,4.24
11/12/1967,6.5,0,0,4.24
11/13/1967,5.2,0,0,4.06
11/14/1967,3.2,0,0,4.06
11/15/1967,8.6,0.3,0,4.06
11/16/1967,7.3,8.1,7.8,4.15
11/17/1967,6.9,1.7,1.1,6.96
11/18/1967,6.7,0.5,0,6.14
11/19/1967,4.9,0,0,5.24
11/20/1967,4.1,0,0,4.68
11/21/1967,3.7,0,0,4.46
11/22/1967,3.7,0,0,4.15
11/23/1967,2.2,0,0,4.06
11/24/1967,1.4,0,0,3.88
11/25/1967,1,0,0,3.69
11/26/1967,3,1.7,2.6,3.69
11/27/1967,1.5,6.6,8,3.69
11/28/1967,-0.1,0,0,3.51
11/29/1967,3.9,0.9,0.4,3.51
11/30/1967,4.1,0,0.1,3.42
12/1/1967,3.5,0,0,3.33
12/2/1967,3,0,0,3.26
12/3/1967,1.6,0,0,3.26
12/4/1967,2.4,0,0.2,3.18
12/5/1967,1,0,0,3.11
12/6/1967,1.2,8.3,9.8,3.03
12/7/1967,0.2,1.2,7,3.11
12/8/1967,-4.2,0.6,0.1,2.96
12/9/1967,-9.6,0,0,2.88
12/10/1967,-8.6,0,0,2.73
12/11/1967,-6,0.1,0,2.58
12/12/1967,-7.6,0,0,2.46
12/13/1967,-5.6,0,0,2.52
12/14/1967,-4,0,0,2.58
12/15/1967,-3.4,0,0,2.58
12/16/1967,-1.5,5.1,2.3,2.73
12/17/1967,-0.2,0,0,2.73
12/18/1967,-2.3,0,0,2.66
12/19/1967,-2.3,15.1,15.5,2.58
12/20/1967,-5,0.3,0,2.73
12/21/1967,-6.1,0,0,2.96
12/22/1967,1.7,2.5,0.7,3.18
12/23/1967,2.3,12.1,8.5,3.42
12/24/1967,5,0.8,0.1,5.39
12/25/1967,1.7,1.1,0,3.11
12/26/1967,2.2,0.5,1.6,3.03
12/27/1967,2,0,0,3.03
12/28/1967,0.6,2.7,0,3.03
12/29/1967,0.2,10.8,6.5,3.03
12/30/1967,-1.5,0.4,0.2,3.03
12/31/1967,-2.7,3,4.5,3.03
1/1/1968,-1.1,12.9,12,2.83
1/2/1968,-0.7,2.7,4,2.69
1/3/1968,-3.1,9.8,7.5,2.69
1/4/1968,2.3,0.3,3,2.83
1/5/1968,1.2,11.8,6.5,2.76
1/6/1968,2,10.8,21.7,2.9
1/7/1968,-0.3,20,29.3,2.97
1/8/1968,-2.9,0.3,1.5,3.04
1/9/1968,-1.7,14.1,9.7,3.11
1/10/1968,-7.8,8.7,8.1,2.76
1/11/1968,-4.3,4.5,14.8,2.69
1/12/1968,-7.9,0.3,0.5,2.62
1/13/1968,-12.1,4.1,4.6,2.97
1/14/1968,-0.9,41.2,33.9,5.16
1/15/1968,0.2,0,0,5.68
1/16/1968,-2.8,0,0,4.11
1/17/1968,1.2,7.6,9,3.63
1/18/1968,2,16.1,21.5,3.54
1/19/1968,0.7,9.5,14.3,3.35
1/20/1968,0.7,0,0,3.18
1/21/1968,-1.9,0,0,3.11
1/22/1968,-2.3,0,0,3.04
1/23/1968,-2.5,0,0,3.04
1/24/1968,-1.6,8.6,14.8,2.97
1/25/1968,-1.5,21.2,24.6,2.97
1/26/1968,2.1,53.7,66.5,3.11
1/27/1968,1.2,7.8,5.5,3.11
1/28/1968,1.7,0,0,3.11
1/29/1968,-1.5,0,0,2.97
1/30/1968,-3.2,0,0,2.97
1/31/1968,-2.4,0,0,2.9
2/1/1968,-1,0,0,2.9
2/2/1968,1.2,8.1,9,2.9
2/3/1968,1.6,6.6,8.8,2.9
2/4/1968,-0.8,1.8,1,2.9
2/5/1968,-3.3,0,0,2.83
2/6/1968,0.4,1.9,1.6,2.83
2/7/1968,-1.1,0,0,2.83
2/8/1968,-3.2,0,0,2.76
2/9/1968,0.4,19.4,14.7,2.76
2/10/1968,1.6,1.2,0,2.83
2/11/1968,1.1,0,0,2.76
2/12/1968,1.7,2,2.1,2.83
2/13/1968,2,1.6,0.7,2.83
2/14/1968,3.2,0.9,0.7,2.97
2/15/1968,3.7,9.1,6.2,3.35
2/16/1968,1.1,3,2.9,3.44
2/17/1968,-0.7,0.9,0.2,3.25
2/18/1968,-3.1,0,0,3.11
2/19/1968,-2.4,1.5,0.9,3.04
2/20/1968,1.7,4.2,1.9,3.11
2/21/1968,2.8,0,0,3.11
2/22/1968,2.6,1.4,0,3.18
2/23/1968,3.7,0.9,0,3.25
2/24/1968,4.9,1.2,1.8,3.54
2/25/1968,3.5,0,0,4.01
2/26/1968,1.6,0,0,4.01
2/27/1968,1.2,0,0,3.82
2/28/1968,-0.4,0,0,3.63
2/29/1968,-1.5,0,0,3.63
3/1/1968,-0.9,0,0,3.63
3/2/1968,1.1,0,0,3.63
3/3/1968,2.2,0,0,3.63
3/4/1968,1.4,0.1,0,3.35
3/5/1968,1.5,0,0.1,3.18
3/6/1968,1.7,11,14.9,3.18
3/7/1968,-1.2,1.2,1,3.11
3/8/1968,1.2,0,0,3.04
3/9/1968,0.2,0,0,3.04
3/10/1968,3.4,16.3,24.5,3.11
3/11/1968,1.3,20,21.5,3.25
3/12/1968,0.8,0.4,0,3.11
3/13/1968,-1.7,0,0,3.04
3/14/1968,-0.5,0.3,0,3.11
3/15/1968,2.2,5.9,4.6,3.04
3/16/1968,2.2,0.8,0,3.11
3/17/1968,4.1,0.1,0,3.11
3/18/1968,8.6,0,0,3.44
3/19/1968,5.5,0,0,4.01
3/20/1968,6.5,0,0,4.32
3/21/1968,3.1,7.7,6.7,4.44
3/22/1968,4.1,0.1,0.7,4.44
3/23/1968,6.4,0.2,0,4.32
3/24/1968,7.4,0,0,5.68
3/25/1968,7.5,0,0,7.48
3/26/1968,7.6,0,0,8.9
3/27/1968,7.9,0,0,10.5
3/28/1968,8.7,0,0,13.4
3/29/1968,10.1,0,0,16.2
3/30/1968,10.8,0,0,17.7
3/31/1968,9.1,0,0,17.7
4/1/1968,9.6,0,0,18.2
4/2/1968,9.9,0.1,0,18.7
4/3/1968,2.9,7.8,4.3,17.2
4/4/1968,4.3,0,0,13.3
4/5/1968,7.7,0,0,11.7
4/6/1968,7.8,1.5,3.2,13.3
4/7/1968,5.2,14.4,12.4,15.5
4/8/1968,3,1.9,0,13
4/9/1968,3.8,0,0,11
4/10/1968,3.9,0,0,10.1
4/11/1968,6.5,0,0,10.3
4/12/1968,1.8,8.6,4.2,10.3
4/13/1968,2.5,1.2,0,9.3
4/14/1968,7.7,0,0,8.5
4/15/1968,10.4,0,0,10.3
4/16/1968,12.4,0,0,15.3
4/17/1968,12.3,0,0,20.5
4/18/1968,13.4,0,0,24.5
4/19/1968,14.4,0,0,27.4
4/20/1968,14.9,0,0,32.3
4/21/1968,16,0,0,35.3
4/22/1968,15.9,0,0,39.2
4/23/1968,16.5,0,0,41.3
4/24/1968,9.4,20.3,17.3,40.6
4/25/1968,8.1,1.5,0.9,32
4/26/1968,9.8,0.1,0,23.9
4/27/1968,11,11.1,10,21.7
4/28/1968,11.5,1,3.3,26.4
4/29/1968,7.6,9.9,7,26.7
4/30/1968,10.3,0.4,0.5,22
5/1/1968,11.2,0,0,19.6
5/2/1968,11.7,3.4,4,20.4
5/3/1968,12.8,0,0,23.4
5/4/1968,16.4,0,0,25.9
5/5/1968,13,0.2,0.6,33.2
5/6/1968,8.8,23.3,28.2,34.5
5/7/1968,5.1,2.5,2.4,30.5
5/8/1968,9.6,0,0,23.4
5/9/1968,13,0.4,0.1,21.2
5/10/1968,11.9,0,0,20.7
5/11/1968,14.6,5.9,0,22.6
5/12/1968,5.6,17.5,18.6,29
5/13/1968,9.1,0,0,24.2
5/14/1968,12.6,0,0,22.3
5/15/1968,15,0,0,23.9
5/16/1968,14.8,13.8,4.6,27.6
5/17/1968,9.3,4.8,2.2,32.6
5/18/1968,8.8,1.5,1.3,25
5/19/1968,9,0.6,0.5,20.9
5/20/1968,8.5,0,0,18.9
5/21/1968,9,9.1,12.5,18.4
5/22/1968,7.2,2.2,5,19.9
5/23/1968,11.4,0,0,18.9
5/24/1968,16.2,0,0,20.2
5/25/1968,14.3,8.8,6.2,24.2
5/26/1968,13.9,1.7,1.9,30.2
5/27/1968,15.3,0.1,1.7,30.2
5/28/1968,17.5,0,0,36.8
5/29/1968,18.7,20.7,8,44.2
5/30/1968,13.5,1.4,1.8,51.4
5/31/1968,14.2,0,0,41.3
6/1/1968,13.1,0,0,35.8
6/2/1968,14.2,0,0,31.7
6/3/1968,15.6,0,0,31.7
6/4/1968,12.9,0.2,0,29.9
6/5/1968,16.6,0,0,31.7
6/6/1968,16.4,24.1,14.5,42.4
6/7/1968,16.4,0.4,2.1,54.3
6/8/1968,15.1,4.3,11,46.2
6/9/1968,12.2,1.1,2,46.8
6/10/1968,13.7,0,0,36.8
6/11/1968,13.2,0,0,30.5
6/12/1968,13.3,0,0,26.1
6/13/1968,13.9,0.2,3.3,23.6
6/14/1968,15.1,0.5,0.4,26.7
6/15/1968,14.1,4.9,2.4,27.3
6/16/1968,13.7,9,5,28.2
6/17/1968,14.9,0.8,0,29.3
6/18/1968,17,0,0,31.7
6/19/1968,16,2.6,9.8,34.2
6/20/1968,13.6,24.5,21,41.1
6/21/1968,12.5,1.5,0,47.7
6/22/1968,15,0,0,33.6
6/23/1968,14.4,12.8,16.5,34.8
6/24/1968,14.5,0.7,0,37.7
6/25/1968,18.3,0,0,33.9
6/26/1968,16.9,3.5,5,41
6/27/1968,20.3,0,1.1,43.6
6/28/1968,22.2,0,0,49.5
6/29/1968,25.2,0,0,60.9
6/30/1968,22.4,0,0,60.9
7/1/1968,23.1,0,0,53.9
7/2/1968,24,1,14.8,57.2
7/3/1968,16.9,0.2,0,60.2
7/4/1968,17.9,0.2,2.7,53.9
7/5/1968,20.7,0.8,0,50.5
7/6/1968,16.4,13.5,13.8,53.2
7/7/1968,20.1,0,0,47.2
7/8/1968,22.4,0,0,51.4
7/9/1968,21.8,0,0,55.4
7/10/1968,21.4,3.6,3.9,59
7/11/1968,18,14.3,14.4,74.2
7/12/1968,17.1,0,0,52.8
7/13/1968,17.1,1,0,39.7
7/14/1968,17.6,10.5,7,37.1
7/15/1968,16.2,3.2,0.8,43.2
7/16/1968,11.9,8.1,9.9,30.5
7/17/1968,10.7,15.1,8.9,27.9
7/18/1968,11.8,4.2,2.6,25.6
7/19/1968,13.1,4.7,4,22.6
7/20/1968,15.4,8.4,5.1,22.8
7/21/1968,12,3.1,5.9,29.3
7/22/1968,13.4,0,0,24.2
7/23/1968,14.8,19.3,14.3,22.3
7/24/1968,12.8,5,3.6,32.6
7/25/1968,15.6,0,0,25
7/26/1968,14.8,0,0,23.9
7/27/1968,16.6,0,0,22.8
7/28/1968,16.1,0,0,22
7/29/1968,17.5,0,0,22.3
7/30/1968,18.6,0,0.5,23.1
7/31/1968,19.9,0.9,0.8,26.4
8/1/1968,18.5,4.4,7.2,32.3
8/2/1968,16.2,23.7,34,36.4
8/3/1968,12.7,5.2,5.6,60.9
8/4/1968,15.8,0,0,41
8/5/1968,17,2.1,1,35.2
8/6/1968,16.3,4.6,10.7,37.1
8/7/1968,15.3,0.4,3.1,39.7
8/8/1968,15.2,22.3,16.5,31.4
8/9/1968,14,1.3,1.9,47.2
8/10/1968,13.7,11.9,7.9,41.2
8/11/1968,15.2,8.3,13.2,39.7
8/12/1968,13.8,4.2,4.1,45.8
8/13/1968,14.5,7.4,10.7,35.2
8/14/1968,12.1,32.1,32.1,59.2
8/15/1968,15.4,0.3,0,58.3
8/16/1968,15.8,0,0,39.3
8/17/1968,12.6,9.6,7,37.7
8/18/1968,11.2,13.6,8.5,32
8/19/1968,11.8,0,0,28.4
8/20/1968,13.9,0,0,25.9
8/21/1968,17,0,0,29.6
8/22/1968,18.3,0,0,31.7
8/23/1968,15.4,0.1,0,28.4
8/24/1968,14.6,0,0,24.7
8/25/1968,16.6,0,1.6,24.5
8/26/1968,17.2,0.3,0.5,25.6
8/27/1968,15,14.6,6.4,25.6
8/28/1968,15.2,2.7,0.9,26.1
8/29/1968,16.5,5.4,5.8,29.3
8/30/1968,14.7,26.2,21.8,34.2
8/31/1968,12.2,1.3,2,41
9/1/1968,14.8,0,0,29
9/2/1968,15.9,0,0,24.7
9/3/1968,15.2,20.4,12,25
9/4/1968,10.8,10.5,12.9,39.7
9/5/1968,12.2,0,0,30.2
9/6/1968,13.7,0,0,25
9/7/1968,15.5,0,0,23.4
9/8/1968,14.4,0,0,22.3
9/9/1968,14,0,0,21.2
9/10/1968,16,0,0,20.7
9/11/1968,12.8,9.9,13.9,25.8
9/12/1968,11.9,0,0,22.8
9/13/1968,12.9,0.3,0.1,18.1
9/14/1968,14.1,7.9,4.3,17.9
9/15/1968,13.8,5.4,6.5,24.2
9/16/1968,12.4,2.8,0.6,29
9/17/1968,13,4.6,5.8,20.9
9/18/1968,12.7,9,9,21.5
9/19/1968,10.9,4.8,0.1,21.2
9/20/1968,11.6,2.3,0.3,17.6
9/21/1968,12.3,45.1,35.2,25.7
9/22/1968,13.5,0,0,60.1
9/23/1968,12.6,6.5,11.4,33.2
9/24/1968,10.5,2,0.8,36.3
9/25/1968,10.2,0,0,24.5
9/26/1968,11.3,0,0.5,20.9
9/27/1968,13.3,0,0,21.2
9/28/1968,9.7,14.6,9.5,20.2
9/29/1968,8.4,3.5,3.7,17.6
9/30/1968,10.2,2.2,1.1,14.8
10/1/1968,12.1,0.4,0.7,13.8
10/2/1968,11.2,0.1,0.1,15.7
10/3/1968,12.1,0,0,15.5
10/4/1968,10.2,0,0,14.5
10/5/1968,10,0,0,12.7
10/6/1968,11.7,0,0,12.5
10/7/1968,12.1,0,0,12
10/8/1968,11.4,9.3,11.6,12.3
10/9/1968,10.1,1.1,1.2,15
10/10/1968,12.3,0.2,0.1,12.7
10/11/1968,14.2,0,0,13.4
10/12/1968,12,0,0,12.9
10/13/1968,13,0,0,13.8
10/14/1968,14.6,5.7,7,14.5
10/15/1968,11.5,5.8,4.1,15.7
10/16/1968,9.9,5.2,3.2,15
10/17/1968,8.9,0,0,12.7
10/18/1968,9.1,0.9,0.3,10.4
10/19/1968,8.8,0.2,0.2,9.76
10/20/1968,7.6,0,0,8.79
10/21/1968,5.8,0,0,8.22
10/22/1968,7.1,0,0,7.65
10/23/1968,8.5,0,0,7.33
10/24/1968,8.1,0,0,7.33
10/25/1968,8.4,0,0,7.33
10/26/1968,10.1,0,0,6.85
10/27/1968,6.5,0,0,6.21
10/28/1968,7.3,0.2,0.4,5.92
10/29/1968,8.7,1.3,1.5,6.37
10/30/1968,10.3,0.1,0,6.69
10/31/1968,15.2,0,0,7.33
11/1/1968,17.2,0.8,2.5,8.22
11/2/1968,10.6,83.1,100.7,44.8
11/3/1968,8.7,9.2,18.1,95.5
11/4/1968,6.7,3,6.3,36.9
11/5/1968,7.3,0,0,25
11/6/1968,4.5,0,0,20.3
11/7/1968,5.3,0,0,17.2
11/8/1968,3.7,0,0,15.2
11/9/1968,7.2,0,0,13.8
11/10/1968,6.5,0,0,12.3
11/11/1968,7.2,0,0,11.2
11/12/1968,4.8,0,0,10.5
11/13/1968,3.1,0,0,9.5
11/14/1968,5.1,0,0.2,8.9
11/15/1968,0.8,7.5,10.3,8.5
11/16/1968,-0.8,7.6,7.8,8.16
11/17/1968,-0.6,0.6,2.2,7.65
11/18/1968,-1.1,0,0,7.31
11/19/1968,-1.6,0,0,6.8
11/20/1968,-0.7,0,0,6.52
11/21/1968,-0.9,0,0,6.38
11/22/1968,-0.5,0,0,6.24
11/23/1968,2,0.2,1.4,6.1
11/24/1968,6.5,10.5,7.9,10.1
11/25/1968,4.4,0,0,9.7
11/26/1968,3.6,0.3,0,7.99
11/27/1968,2.5,0.5,0,7.14
11/28/1968,1.1,0.3,0,6.8
11/29/1968,0.6,0.1,0,6.38
11/30/1968,1,0,0,6.24
12/1/1968,1,0,0,5.96
12/2/1968,0.4,0,0,5.68
12/3/1968,-0.1,0,0,5.4
12/4/1968,-0.3,0,0,5.16
12/5/1968,-1.1,0,0,4.92
12/6/1968,-0.4,0,0,4.8
12/7/1968,0.8,0,0,4.8
12/8/1968,0.9,0,0,4.68
12/9/1968,0.1,0,0,4.56
12/10/1968,0.6,0,0,4.44
12/11/1968,0,0,0,4.2
12/12/1968,-2,0,0,4.11
12/13/1968,-3.2,0,0,3.82
12/14/1968,-2.2,0,0,3.82
12/15/1968,-1.4,0,0,3.82
12/16/1968,0,4.4,3,3.82
12/17/1968,0.3,2.2,0.7,3.82
12/18/1968,0,0,0,3.73
12/19/1968,0.8,7.5,8.5,3.82
12/20/1968,0.4,0.1,0,3.73
12/21/1968,3,2.5,3,3.44
12/22/1968,2.4,9.4,10.2,3.35
12/23/1968,4.3,26.1,19,4.01
12/24/1968,1.9,20.3,17.8,4.2
12/25/1968,2.1,52.9,36.5,4.56
12/26/1968,0.2,3.7,4.8,6.8
12/27/1968,-3,3.2,2,4.68
12/28/1968,-4.5,5,3.4,4.2
12/29/1968,-5.9,0.2,0,4.2
12/30/1968,-7.2,0,0,3.82
12/31/1968,-8.2,0,0,3.73
1/1/1969,-4.3,0.6,0.2,3.16
1/2/1969,-1.6,4.8,5.7,3.16
1/3/1969,0.9,0.5,0.6,3.16
1/4/1969,-1,0,0,2.99
1/5/1969,-5.7,0,0,2.81
1/6/1969,-4,0,0,2.81
1/7/1969,-2.9,0,0,2.9
1/8/1969,0.1,1.2,1,2.81
1/9/1969,-2.6,0,0,2.81
1/10/1969,-4.3,0,0,2.63
1/11/1969,-1.2,0,0,2.72
1/12/1969,-0.4,0,0,2.63
1/13/1969,2.7,0,0,2.63
1/14/1969,1.5,3.6,3,2.63
1/15/1969,1.6,1.5,2.5,2.72
1/16/1969,1,2.7,2.5,2.63
1/17/1969,-2,0,0,2.57
1/18/1969,1.4,4.8,6,2.5
1/19/1969,2.5,0.5,0,2.5
1/20/1969,-1.2,0,0,2.44
1/21/1969,-0.3,0,0,2.5
1/22/1969,1,0.2,0,2.44
1/23/1969,2.1,6,6.4,2.72
1/24/1969,2.8,0.3,0,2.9
1/25/1969,0.4,0,0,2.81
1/26/1969,-0.7,0,0,2.63
1/27/1969,-1.2,0,0,2.63
1/28/1969,0.3,8.7,7.9,2.63
1/29/1969,2.2,4.1,3.8,2.63
1/30/1969,2.3,0.4,0,2.63
1/31/1969,0.2,0,0,2.57
2/1/1969,-0.6,0,0,2.5
2/2/1969,0.1,8.5,4,2.57
2/3/1969,-3.8,0,0,2.57
2/4/1969,-2.7,0,0.1,2.38
2/5/1969,-2.5,0,0,2.38
2/6/1969,-5.5,0,0,2.38
2/7/1969,-3.7,1.9,3.3,2.25
2/8/1969,-2.1,0.6,4.7,2.5
2/9/1969,-5.9,0,0,2.38
2/10/1969,-5.5,10.5,8.2,2.44
2/11/1969,-5.3,8.5,13.5,2.38
2/12/1969,-0.4,6.9,7.5,2.38
2/13/1969,-0.9,0,0,2.38
2/14/1969,-2.4,1,1.9,2.25
2/15/1969,-4.9,4,3.5,2.25
2/16/1969,-6.4,0.4,0.2,2.19
2/17/1969,-3.2,0,0,2.19
2/18/1969,-4.2,0,0,2.19
2/19/1969,2.1,8.5,5,2.19
2/20/1969,1.6,0.7,0.2,2.38
2/21/1969,1.1,0,0,2.32
2/22/1969,1.2,0,0,2.32
2/23/1969,1.9,0.3,0,2.38
2/24/1969,1.5,11.3,7.9,2.38
2/25/1969,1.5,4.4,3.2,2.38
2/26/1969,3.1,0,0,2.32
2/27/1969,2.6,0,0,2.25
2/28/1969,0,0,0,2.25
3/1/1969,-0.3,0,0,2.38
3/2/1969,2.3,0,0,2.38
3/3/1969,1.8,0,0,2.5
3/4/1969,0.7,0,0,2.63
3/5/1969,1.6,0,0,2.63
3/6/1969,1.6,0,0,2.72
3/7/1969,1.4,0,3.4,2.72
3/8/1969,2.8,0,0,2.5
3/9/1969,2.6,0,0,2.44
3/10/1969,5.3,0,0,2.99
3/11/1969,5.1,3.1,0.7,3.25
3/12/1969,5.8,0.2,0,3.34
3/13/1969,6,2.4,0.1,3.52
3/14/1969,6.7,2.4,0,4.23
3/15/1969,8.9,0,0,5.3
3/16/1969,7.9,0,0,6.35
3/17/1969,6.3,3.7,7.3,6.69
3/18/1969,8.9,0,0,6.86
3/19/1969,7.1,0,0,7.2
3/20/1969,7.6,1.8,1.2,6.52
3/21/1969,7.2,0,0,6.03
3/22/1969,6,0,0,6.03
3/23/1969,5.2,13.8,9.9,5.89
3/24/1969,1,8.1,4.1,5.45
3/25/1969,1,2.7,1.4,4.71
3/26/1969,2.6,0.4,0,4.23
3/27/1969,1.1,3.3,0.9,4
3/28/1969,0.5,1.3,0,3.76
3/29/1969,1.8,0.1,0,3.25
3/30/1969,3.4,1.2,1.5,3.16
3/31/1969,7.2,1.8,0.4,3.34
4/1/1969,9.1,10.8,3.3,4
4/2/1969,3.2,0.9,0,4.71
4/3/1969,4,0,0,4
4/4/1969,5.4,0,0,3.88
4/5/1969,6.1,0,0,4.71
4/6/1969,10.2,0,0,5.89
4/7/1969,11.9,0,0,6.86
4/8/1969,10.4,0,0,8.07
4/9/1969,11.1,0,0,9.22
4/10/1969,12.5,0,0,10.7
4/11/1969,11.7,1.3,0.4,11.1
4/12/1969,13.2,7.5,7.3,12.7
4/13/1969,3.9,3.5,6.3,12.5
4/14/1969,1.2,5.9,6.2,9.03
4/15/1969,1.5,34.8,26.2,8.07
4/16/1969,5.7,13.8,25.6,10.7
4/17/1969,2.3,9.6,14.8,9.42
4/18/1969,1.4,0.8,3,7.71
4/19/1969,2.7,0.2,0,6.69
4/20/1969,5,0,0,6.35
4/21/1969,9.9,0,0,6.69
4/22/1969,7.9,13.7,7.7,9.03
4/23/1969,6.7,1.7,1.4,9.8
4/24/1969,8.1,0.4,0.8,7.88
4/25/1969,14,0,0,10.7
4/26/1969,16.9,0,0,18.6
4/27/1969,12.2,4.1,2.5,23.7
4/28/1969,12.9,0,0,26.4
4/29/1969,12.4,0.3,0,26.9
4/30/1969,12.9,0,0,28.5
5/1/1969,14,0.4,0,29
5/2/1969,15.4,0,0,30.9
5/3/1969,15.2,2,2.8,29.6
5/4/1969,9.9,13.9,19.5,38.2
5/5/1969,13.9,0.3,4.6,37.1
5/6/1969,10.1,13.2,17.8,42.3
5/7/1969,8,0.9,0.4,35.8
5/8/1969,10.4,0.2,0.1,25.6
5/9/1969,8.9,16,14.8,22.8
5/10/1969,11.5,1.6,0.9,24.7
5/11/1969,15.4,0.1,0,27.3
5/12/1969,18,0,0,31.4
5/13/1969,18,0,0,37.7
5/14/1969,22.6,0,0,46.8
5/15/1969,18.9,0,0,52.8
5/16/1969,12.6,1.1,0.8,46.2
5/17/1969,14.6,0,0,36.8
5/18/1969,10.9,10.1,5.2,31.4
5/19/1969,7.7,0.5,0,26.4
5/20/1969,9.8,0,0,22.3
5/21/1969,12,0,0,20.7
5/22/1969,14.7,0,0,22.3
5/23/1969,16,0,0,25.9
5/24/1969,19.4,0,0,29
5/25/1969,16.7,2.6,0,28.4
5/26/1969,10,12,9.9,27
5/27/1969,13.8,0,0,22.8
5/28/1969,18.7,1.6,0.6,23.9
5/29/1969,16.2,0,0,31.4
5/30/1969,9.5,11.1,4,29
5/31/1969,12.5,0,0,22.3
6/1/1969,11.7,12.1,12.1,20.2
6/2/1969,10.1,1.8,0.8,20.7
6/3/1969,10.7,25.3,20,19.9
6/4/1969,7.1,14.8,13.8,24.7
6/5/1969,5.3,2.7,3.4,21.2
6/6/1969,7.4,8.3,4.7,18.1
6/7/1969,8.4,1.6,1.8,16.2
6/8/1969,14.2,0,0,20.2
6/9/1969,17.1,0,0,26.4
6/10/1969,19,0,0,31.1
6/11/1969,17.9,0,0,32.6
6/12/1969,15.7,2.5,5,32.6
6/13/1969,15.7,1.1,2.3,31.4
6/14/1969,16.3,2.3,1.6,32.6
6/15/1969,16.9,2.1,4.5,33.6
6/16/1969,17.9,7.3,4.6,36.4
6/17/1969,17,0,0.4,46.8
6/18/1969,15.1,24.6,29.1,43.9
6/19/1969,10.5,5.9,7.1,55
6/20/1969,13.4,1,1.1,38.7
6/21/1969,14.1,0,0,32
6/22/1969,16.9,0,0,29.6
6/23/1969,18,15.6,22.1,33.9
6/24/1969,10.2,14.8,13.2,52.1
6/25/1969,10.2,25.3,19.5,38.4
6/26/1969,9.6,3.1,3.2,44.2
6/27/1969,14.1,1.6,1.6,33.9
6/28/1969,15,3.9,4.6,34.8
6/29/1969,14.7,0,0,31.1
6/30/1969,17.4,0,0,29.6
7/1/1969,17.2,1.1,0.7,31.1
7/2/1969,16.4,0.4,1.3,30.8
7/3/1969,18.3,1,0.6,31.7
7/4/1969,21.4,0,0,34.8
7/5/1969,18.8,3.3,3.4,42.9
7/6/1969,19.2,15.4,8,48.5
7/7/1969,12.7,6.4,7.9,52.1
7/8/1969,11.1,2.5,1.8,38
7/9/1969,9.7,18.8,16.2,28.4
7/10/1969,9.2,5.3,4,27.9
7/11/1969,11.6,21.9,38,29
7/12/1969,14,0.1,0,75.3
7/13/1969,17.9,0,0,45.5
7/14/1969,18.2,0,0,39.2
7/15/1969,20,0,0,39.8
7/16/1969,21.7,0,0,45.8
7/17/1969,22.3,0,0,48.5
7/18/1969,21.6,0,0,52.2
7/19/1969,21.5,0,0,51.2
7/20/1969,21.7,0,0,47.5
7/21/1969,22.2,0,0,53.2
7/22/1969,22.3,0,1.3,49.9
7/23/1969,22.4,0,0,52.9
7/24/1969,22.3,3.5,1.5,55
7/25/1969,21,0,0,55.7
7/26/1969,20.4,0.4,0,53.6
7/27/1969,20,12.5,3,51.5
7/28/1969,21.6,0,0,52.5
7/29/1969,19.3,1.5,1.3,46.8
7/30/1969,15.4,1,0.8,43.2
7/31/1969,19.2,0,0,39.5
8/1/1969,19.7,0,0.2,40.1
8/2/1969,18.4,1.7,0.8,41.5
8/3/1969,18.2,1.8,2.2,41.1
8/4/1969,20.3,0,0,41.1
8/5/1969,21,0,0.9,42.5
8/6/1969,20.3,0,0,43.2
8/7/1969,21.5,0,0,39.8
8/8/1969,21,0,0,38.5
8/9/1969,19.8,0,0,37
8/10/1969,20.7,0,0.9,37
8/11/1969,19.8,0,0,36.7
8/12/1969,17.7,10.3,14.3,37.9
8/13/1969,18.2,10.7,3.1,43.2
8/14/1969,17.2,18.5,23.4,55.3
8/15/1969,17.3,32.4,18.6,71.5
8/16/1969,14.7,13.3,22.3,63.2
8/17/1969,12.9,11.9,24.4,72.3
8/18/1969,14.6,0.5,0,69.8
8/19/1969,16,0,0,44.2
8/20/1969,17.3,28.1,23.3,37.7
8/21/1969,16.2,3.7,0,57.7
8/22/1969,14.5,1.7,2.5,38.7
8/23/1969,10.9,12.4,8.4,29
8/24/1969,9.9,7.8,8.1,28.4
8/25/1969,12.1,9.5,8.8,27.6
8/26/1969,10.2,12.7,9.5,29.6
8/27/1969,9.7,0.3,0,30.2
8/28/1969,10,4.1,5,24.7
8/29/1969,9.1,0.1,0,22.3
8/30/1969,11.5,0,0,20.2
8/31/1969,13.4,0,0,19.9
9/1/1969,15,0,0,21.7
9/2/1969,15.5,0,0,24.7
9/3/1969,17.3,28.9,6.1,30.8
9/4/1969,16.9,5.5,65.5,37.1
9/5/1969,15.9,0.7,0.9,31.1
9/6/1969,16.6,0,0,27.6
9/7/1969,15.9,0,0,26.4
9/8/1969,14.5,0,0,25
9/9/1969,14.1,1.1,0.4,22.8
9/10/1969,15.4,0.1,0,22
9/11/1969,14.9,0,0,21.2
9/12/1969,14.9,0,0,21.7
9/13/1969,15.2,0,0,22.3
9/14/1969,15.1,0,0,26.1
9/15/1969,13.5,0.1,0,21.2
9/16/1969,13.8,3.7,2.8,18.6
9/17/1969,13.2,0,0,18.1
9/18/1969,11.2,16.6,14.3,19.1
9/19/1969,11.9,0,0,16.7
9/20/1969,13.9,0,0,15.2
9/21/1969,12.1,0,0,14.1
9/22/1969,12.6,0,0,13.2
9/23/1969,12.8,0,0,13.8
9/24/1969,12.9,0,0,14.3
9/25/1969,13.8,0,0,14.4
9/26/1969,14.7,0,0,14.2
9/27/1969,13.2,0,0,13.3
9/28/1969,12.6,0,0,13.3
9/29/1969,13.2,3.6,3.9,12.3
9/30/1969,13.2,1.8,0.9,13.8
10/1/1969,13.1,0,0,12.6
10/2/1969,10.4,0,0,11
10/3/1969,9.4,0,0,10.1
10/4/1969,10.4,0,0,10.1
10/5/1969,10.9,0,0,9.7
10/6/1969,9.9,0,0,9.9
10/7/1969,9.4,0,0,9.9
10/8/1969,9.2,0,0,9.5
10/9/1969,10.2,0,0,9.3
10/10/1969,8.3,0,0,8.9
10/11/1969,7.7,0,0,7.99
10/12/1969,8.8,0,0,7.48
10/13/1969,7.6,0,0,7.14
10/14/1969,8.9,0,0,6.97
10/15/1969,8.2,0,0,6.66
10/16/1969,8.5,0,0,6.52
10/17/1969,7.7,0,0,6.38
10/18/1969,7.3,0,0,6.24
10/19/1969,8,0,0,6.38
10/20/1969,8.2,0,0,6.38
10/21/1969,8.9,0,0,6.66
10/22/1969,10.1,0,0,6.97
10/23/1969,12.3,7.5,1.4,7.65
10/24/1969,11.5,4.5,10.2,7.65
10/25/1969,8.4,0,0,7.14
10/26/1969,7.7,0,0,5.96
10/27/1969,6.4,0,0,5.54
10/28/1969,5,0,0,5.54
10/29/1969,6.5,0,0,5.54
10/30/1969,8.4,0,0,5.28
10/31/1969,5.1,0,0,5.16
11/1/1969,3.9,0,0,4.8
11/2/1969,5.6,0,0,4.56
11/3/1969,3.8,0,0,4.32
11/4/1969,5.4,0.3,0,4.2
11/5/1969,0.4,8.6,3.6,4.32
11/6/1969,2.6,0,0,3.9
11/7/1969,4.4,1.5,0.1,3.79
11/8/1969,7.7,0.6,0,3.58
11/9/1969,9.3,7.6,3.8,3.38
11/10/1969,8.4,0.2,0,3.45
11/11/1969,5.7,0,0,2.99
11/12/1969,9.1,26.3,25.1,4.66
11/13/1969,8.5,5.2,4.3,7.88
11/14/1969,6.2,0.5,1.8,5.59
11/15/1969,3.7,0,0,4.59
11/16/1969,2.4,0,0,3.88
11/17/1969,3.6,3.9,4.2,3.52
11/18/1969,1.8,0.9,0.1,3.34
11/19/1969,0.3,0,0,3.08
11/20/1969,2,0,0,2.99
11/21/1969,3.3,0,0,2.9
11/22/1969,3.2,0,0,2.81
11/23/1969,4.1,2,1.8,2.81
11/24/1969,4.3,7.2,7.5,3.08
11/25/1969,2.6,5.1,6,2.9
11/26/1969,-1.5,9.1,8.9,2.81
11/27/1969,-3.3,0.5,1.3,2.72
11/28/1969,0.1,5.4,3.1,2.63
11/29/1969,-2.8,1.6,0.1,2.63
11/30/1969,-3.3,0,0.1,2.5
12/1/1969,-3,0,0,2.5
12/2/1969,-6.7,0,0,2.13
12/3/1969,-1.6,15.6,12.4,2.25
12/4/1969,1,10.1,14.1,2.38
12/5/1969,-3.5,3.9,0.4,2.25
12/6/1969,-7.6,0,0,2.25
12/7/1969,-7.5,0,0,2.19
12/8/1969,-9.6,0.3,1.3,2
12/9/1969,-6.3,0,0,2.19
12/10/1969,-7.1,0,0,2.19
12/11/1969,-5.3,0,0,2.19
12/12/1969,-4.1,0,0,2.19
12/13/1969,-4.4,0,0,2.25
12/14/1969,-4,1.2,0.4,2.38
12/15/1969,0.4,14.1,21.3,2.72
12/16/1969,-0.9,17.4,20.9,2.72
12/17/1969,-0.6,2.8,1.4,2.72
12/18/1969,1.2,19.6,10.3,2.9
12/19/1969,-4.2,1,0,2.99
12/20/1969,-5.6,0,0,2.63
12/21/1969,-7.8,0,0,2.5
12/22/1969,-2.3,2.6,1.4,2.25
12/23/1969,1.7,0.5,1,2.38
12/24/1969,0.1,0,0,2.32
12/25/1969,-4,0,0,2.32
12/26/1969,-4.1,0,0,2.32
12/27/1969,-4.4,0,0,2.57
12/28/1969,-6.6,0,0,2.81
12/29/1969,-6.6,0,0,2.44
12/30/1969,-5.5,0,0,2.32
12/31/1969,-4.2,0,0,2.32
1/1/1970,-3.3,0.2,0,2.38
1/2/1970,-4.6,0,0,2.32
1/3/1970,-7.3,0,0,2.5
1/4/1970,-4,0,0.8,2.81
1/5/1970,1,12,8.9,2.25
1/6/1970,-2.9,0,0,2.13
1/7/1970,-7.1,0,0,2
1/8/1970,-5.7,0,0,2.44
1/9/1970,0.8,0,0.1,2.19
1/10/1970,1,0,0,2.19
1/11/1970,1.8,0,0,2.5
1/12/1970,0.6,0,0,2.99
1/13/1970,-0.3,0,0,2.57
1/14/1970,0.1,0.7,0,2.38
1/15/1970,0.9,13,17.4,2.38
1/16/1970,1.7,5,6,2.57
1/17/1970,0.5,0,0,2.44
1/18/1970,-3,0,0,2.32
1/19/1970,-3,0,0,2.25
1/20/1970,-2.8,0,0,2.19
1/21/1970,-2.1,0,0,2.19
1/22/1970,-1.4,0,0,2.13
1/23/1970,-1,0,0,2.13
1/24/1970,1.2,1,0,2.13
1/25/1970,1.4,0,0,2.13
1/26/1970,2.3,0,0,2.06
1/27/1970,2.3,7.9,4.4,2.13
1/28/1970,2.2,0,0,2.13
1/29/1970,0.2,0,0.1,2.06
1/30/1970,1.8,9.4,8.5,2.06
1/31/1970,0.7,4.7,3.8,2.19
2/1/1970,-2.9,0,0,1.92
2/2/1970,-1.2,54.5,29.7,2
2/3/1970,4.9,29.1,34,10.6
2/4/1970,3.1,5.2,1.8,9.05
2/5/1970,1.2,10.4,8.3,5.7
2/6/1970,1.8,3.2,1.4,3.91
2/7/1970,-0.3,0.4,0,4.03
2/8/1970,3.9,6.4,0.9,4.15
2/9/1970,4.1,8.3,6.5,3.91
2/10/1970,0.6,9.7,7.7,3.91
2/11/1970,-1.2,11.4,7.4,3.61
2/12/1970,-2.5,1.6,0,3.24
2/13/1970,0.9,0,0,3.24
2/14/1970,-3.6,4.1,4.5,3.05
2/15/1970,-3.9,6,0.5,3.05
2/16/1970,-4.2,0.7,1.6,2.87
2/17/1970,-3.9,8.1,14.2,2.8
2/18/1970,-0.2,4.2,9.2,2.87
2/19/1970,-0.6,4.1,3.5,2.73
2/20/1970,3.2,2.5,5.2,2.8
2/21/1970,1.3,53.2,36.9,3.33
2/22/1970,3.3,13.7,11.8,5.27
2/23/1970,3.6,10,4.4,5.98
2/24/1970,1.1,18.8,36.2,5.27
2/25/1970,0.8,2.5,0,4.51
2/26/1970,-1,0.1,0.4,4.03
2/27/1970,-2.7,0.4,0,3.79
2/28/1970,-3.5,0.3,0,3.42
3/1/1970,-3.2,0,0,3.24
3/2/1970,-1.2,15.2,15.4,3.15
3/3/1970,-2.5,6.4,1.8,3.15
3/4/1970,-4.8,1.2,0.2,3.05
3/5/1970,-3.2,0.6,2.5,2.96
3/6/1970,-2.2,0.5,0.7,2.87
3/7/1970,-2.5,0,0,2.73
3/8/1970,-2.1,9.6,5.2,2.65
3/9/1970,-4.4,0,0,2.58
3/10/1970,-2.4,0,0,2.58
3/11/1970,0.7,0,0.4,2.58
3/12/1970,-1.7,0,0,2.58
3/13/1970,0.2,0,0,2.58
3/14/1970,1.8,0.3,0.5,2.65
3/15/1970,1.6,0.6,0.2,2.58
3/16/1970,1.1,0,0,2.58
3/17/1970,2.3,0.6,0,2.65
3/18/1970,3.4,18.8,23.1,2.87
3/19/1970,2.6,11,14.6,3.15
3/20/1970,2.1,0.6,0.1,2.87
3/21/1970,4.9,0,0,2.96
3/22/1970,5.2,7.2,3.9,3.61
3/23/1970,4.4,3.3,1,4.39
3/24/1970,6.3,3.7,3.2,4.99
3/25/1970,5.7,0,0,6.4
3/26/1970,6.2,11.5,9.6,6.26
3/27/1970,1.5,10.4,4.9,7.08
3/28/1970,0.1,0.3,0.5,6.74
3/29/1970,1.5,0.3,0,5.98
3/30/1970,3.7,0,0,5.41
3/31/1970,5.2,7.5,6.2,5.55
4/1/1970,2.9,5.4,4.4,5.27
4/2/1970,-1,8.6,4,4.75
4/3/1970,-0.2,3.3,2.5,4.03
4/4/1970,0,9.1,17.5,3.33
4/5/1970,-0.4,1.1,2.5,3.61
4/6/1970,0,0,0,3.42
4/7/1970,2.8,6.7,2.5,3.51
4/8/1970,2.2,6.1,7.5,3.42
4/9/1970,2.5,7.3,1.5,3.51
4/10/1970,2.6,0,0.4,3.51
4/11/1970,3,0,0,4.03
4/12/1970,5.1,10.3,6.6,4.51
4/13/1970,4.8,11.6,18.5,5.84
4/14/1970,4.1,1.6,2.1,6.26
4/15/1970,5.6,0,0,5.55
4/16/1970,9.2,0,0,6.91
4/17/1970,12.4,0,0,12.9
4/18/1970,13.5,0,0,21.2
4/19/1970,9.6,24.7,25.2,22.2
4/20/1970,4.4,11.9,7,25.1
4/21/1970,6.4,0,0,17
4/22/1970,11.2,0,0,15.5
4/23/1970,14.2,0.9,0,20.1
4/24/1970,11.6,0.9,0.1,26
4/25/1970,12.5,9.1,7.5,26.8
4/26/1970,6.5,7.7,6.4,27.4
4/27/1970,4.1,10.4,6,19.9
4/28/1970,4.1,8.2,3.6,16.3
4/29/1970,5.8,4.1,7.6,14
4/30/1970,4.7,15.5,15,12.2
5/1/1970,3.1,1.8,0.5,11.3
5/2/1970,3,18.9,19.3,10.4
5/3/1970,8.2,0,0,11.1
5/4/1970,11.3,0,0,14.5
5/5/1970,12.9,0,0,19.6
5/6/1970,12.4,0,0,23.1
5/7/1970,13.9,0,0,24.5
5/8/1970,12.1,0,0,26.6
5/9/1970,12.5,0,0,24.5
5/10/1970,9.9,8.2,8.3,24.5
5/11/1970,9.6,2.9,2.2,23.4
5/12/1970,10.6,0.7,0,20.6
5/13/1970,11.5,0.3,0,19.9
5/14/1970,14.5,0,0.1,22.2
5/15/1970,12.6,7.8,0,28.3
5/16/1970,9.4,7.9,20.3,33
5/17/1970,10.6,4.8,1.9,27.4
5/18/1970,12.5,0.2,0,26.3
5/19/1970,13.1,0,0,26.3
5/20/1970,11,0.1,0.2,25.7
5/21/1970,11.6,5.9,5.4,24.5
5/22/1970,6.4,7.9,6,23.7
5/23/1970,9.3,0,0,19.6
5/24/1970,12.2,0,0,19.1
5/25/1970,15.4,8.5,13.7,24.8
5/26/1970,13.3,0.9,2.6,40.8
5/27/1970,13.3,0,0,36.1
5/28/1970,13.7,0,0,33.9
5/29/1970,14,7.2,3.8,35.8
5/30/1970,10.2,4.4,1.7,37.4
5/31/1970,13.7,0,0,32.6
6/1/1970,16.7,0,0,37.7
6/2/1970,13.7,0.4,1.5,43.2
6/3/1970,14.9,0,0,42.3
6/4/1970,12,1.3,5.5,40.3
6/5/1970,11.6,7.5,4.3,36.1
6/6/1970,15.6,0,0,41.3
6/7/1970,18,2.3,1.9,51.8
6/8/1970,19,2.5,6,58.7
6/9/1970,16.6,3.3,1.9,68.1
6/10/1970,16.3,3.3,3.9,63.9
6/11/1970,16.5,0.5,0,67.3
6/12/1970,17.1,0,0,64.7
6/13/1970,19.5,0,0,59.8
6/14/1970,17.2,2.6,1.8,60.2
6/15/1970,18,0,0.5,63.9
6/16/1970,18.2,12.4,1,67.7
6/17/1970,16.4,4.7,6.4,70.4
6/18/1970,15.3,16.8,4,63.9
6/19/1970,15.9,19.7,13.1,62.4
6/20/1970,15.6,8.5,0.6,62.8
6/21/1970,18.8,0,3.2,58.7
6/22/1970,18.4,8.9,1.7,60.2
6/23/1970,17.4,10.5,8.4,62.4
6/24/1970,17.9,1,2.7,60.5
6/25/1970,20,0,0,62.8
6/26/1970,20.1,4.7,0.7,68.4
6/27/1970,18.7,32.5,3,73.5
6/28/1970,13.8,19.6,24,86.4
6/29/1970,15.6,3.1,1.1,66.2
6/30/1970,10.6,6.9,5.9,55.8
7/1/1970,12.5,1,0.6,44.5
7/2/1970,16.1,0,0,46.2
7/3/1970,12.4,0.7,1.2,40.3
7/4/1970,13.4,0,0.1,32.6
7/5/1970,14.5,0,0,29.6
7/6/1970,19.2,0,0,33.9
7/7/1970,21.4,0,0,42.3
7/8/1970,17.3,21.3,12.1,54.3
7/9/1970,16.9,13.3,4.5,52.5
7/10/1970,18.6,0,0,53.6
7/11/1970,20.8,0,0,52.1
7/12/1970,22.1,0,0,53.9
7/13/1970,20.9,0.1,3.2,56.9
7/14/1970,21.9,5.6,4.7,59.4
7/15/1970,10.5,24,13.2,62
7/16/1970,8.4,15,15.3,44.9
7/17/1970,10.3,1.9,1.5,35.5
7/18/1970,13.5,0,0,31.7
7/19/1970,16.4,0,0,31.7
7/20/1970,14.5,22.7,11,33.9
7/21/1970,16.4,0,0.3,46.8
7/22/1970,19.6,0,3,50.5
7/23/1970,20.7,0,0.3,53.2
7/24/1970,19.9,15.2,15.2,53.9
7/25/1970,17.8,0,0,68
7/26/1970,18.4,0,0,45.8
7/27/1970,19.8,0,0,47.8
7/28/1970,20,26.5,3.8,55.2
7/29/1970,18.3,5.1,19.5,55
7/30/1970,18.4,0,0,48.5
7/31/1970,18.9,0,2.8,44.9
8/1/1970,18.9,0.4,0,42.9
8/2/1970,21,0,0.6,44.2
8/3/1970,18.4,2.1,3.3,48.8
8/4/1970,20,0.5,0,46.8
8/5/1970,21.3,0,0,49.1
8/6/1970,22.3,0,0,55.4
8/7/1970,20,9.3,12.2,66.2
8/8/1970,16.9,23.2,33.1,65.8
8/9/1970,12.9,18.4,17.5,76.3
8/10/1970,14.1,1.6,1.1,68
8/11/1970,15.3,0.8,1.4,52.3
8/12/1970,18,0,0,47.4
8/13/1970,19,0,0,44.7
8/14/1970,16.9,24.7,10.4,48.8
8/15/1970,18.5,1.5,0.9,56.5
8/16/1970,17.4,19.9,19.3,47.1
8/17/1970,14.9,8.9,0.3,72.5
8/18/1970,14.9,0,0,48.1
8/19/1970,17,1,0,42.3
8/20/1970,14.4,29.2,23.5,49.7
8/21/1970,10.9,19.4,18.2,60.8
8/22/1970,12.4,0,0.4,42
8/23/1970,12,1.3,1.3,37.4
8/24/1970,11.3,1,3,30.8
8/25/1970,14,0,0,27.4
8/26/1970,15.4,0,0,26.5
8/27/1970,17.1,0.6,0,25.8
8/28/1970,17.4,7.2,11.9,31.6
8/29/1970,16.4,8.1,3.3,36
8/30/1970,16.3,3.3,3.3,34
8/31/1970,16.9,0.2,0,32.7
9/1/1970,16.7,0.8,1.7,31.2
9/2/1970,15.9,0,0,27.2
9/3/1970,14.9,1,0.7,25.2
9/4/1970,15.3,0,0,25.7
9/5/1970,17.7,0,0,25.5
9/6/1970,18.4,0,0,28.7
9/7/1970,16.2,0,0,28.1
9/8/1970,17.7,0.2,4.5,30.2
9/9/1970,17.8,0,0,31.8
9/10/1970,18.2,0,0,34.7
9/11/1970,15,9.6,11.3,39.6
9/12/1970,14.6,0.7,0.6,35
9/13/1970,15,0.3,0,26
9/14/1970,13.3,0,0,21.8
9/15/1970,16.3,11.7,6,22.4
9/16/1970,12.8,0.8,0.2,26.1
9/17/1970,10.2,0,0,17.1
9/18/1970,12.2,0,0,16.4
9/19/1970,13.5,0,0,17.4
9/20/1970,15.2,0,0,18.1
9/21/1970,15.1,0,0,19.9
9/22/1970,16,0,0.1,21
9/23/1970,15.2,0,0,20.2
9/24/1970,11.1,0,0,16.9
9/25/1970,11,0,0,14.6
9/26/1970,12.4,0,0,14.6
9/27/1970,12.7,0,0,13.9
9/28/1970,11.9,0,0,13.9
9/29/1970,12.1,0,0,13.7
9/30/1970,13.9,33.8,26.6,14.8
10/1/1970,9.1,10.7,19.2,21.8
10/2/1970,12.2,6.5,17.3,17.4
10/3/1970,6.4,12.9,11.7,19.7
10/4/1970,8.3,1.9,2.3,15.1
10/5/1970,9.6,0.2,0,19.1
10/6/1970,10.8,0,0,19.9
10/7/1970,14.4,0,0,18.6
10/8/1970,12.4,0,0,17.6
10/9/1970,12.6,1.9,5.8,21.7
10/10/1970,13,0,0,26.9
10/11/1970,10.6,0,0,24.9
10/12/1970,9.8,0,0,18.6
10/13/1970,9.3,0,0,15.4
10/14/1970,11.1,0,0,13.2
10/15/1970,10.5,0,0,11.4
10/16/1970,7.2,0,0,10.6
10/17/1970,6.1,0,0,9.8
10/18/1970,7,0,0,9
10/19/1970,6.5,7.8,2.7,8.47
10/20/1970,3.6,8.8,14.1,8.64
10/21/1970,4.3,0.3,1.4,7.93
10/22/1970,3.4,11.3,7.5,7.4
10/23/1970,2.2,26.9,22.2,7.22
10/24/1970,1.7,0,0,7.22
10/25/1970,4.4,0,0,7.22
10/26/1970,5.7,0,0,7.58
10/27/1970,4.5,0,0,7.4
10/28/1970,5.1,0,0,7.58
10/29/1970,4.7,0,0,7.4
10/30/1970,4.7,0,0,7.4
10/31/1970,5.2,0,0,7.22
11/1/1970,6.1,0,0,7.08
11/2/1970,9,0,0,7.08
11/3/1970,13.2,0,0,7.22
11/4/1970,8.7,0,0,7.4
11/5/1970,6.9,2,2.9,6.93
11/6/1970,6.9,0,0,7.22
11/7/1970,4,0.2,0,6.79
11/8/1970,6.9,0,0,6.65
11/9/1970,7.5,1.8,4.1,6.36
11/10/1970,5.7,0.2,0.1,6.08
11/11/1970,2.1,0,0,5.67
11/12/1970,4.6,2.8,2.1,5.43
11/13/1970,6.2,14.2,15.6,5.67
11/14/1970,3.3,5.1,3.7,5.79
11/15/1970,3.3,0.7,1.5,5.55
11/16/1970,2,0.5,0.3,5.31
11/17/1970,3.3,3.9,3.4,5.43
11/18/1970,6.2,0.1,0,5.79
11/19/1970,7.6,10.2,9.8,7.22
11/20/1970,4.8,0.9,1.2,7.75
11/21/1970,2.8,17.9,16.2,6.65
11/22/1970,3.9,0.4,1.2,6.08
11/23/1970,-0.1,0,0,5.55
11/24/1970,1.9,0,0,5.55
11/25/1970,2.1,0.2,0,5.55
11/26/1970,2.3,0,0,5.31
11/27/1970,1.2,0.1,0,5.06
11/28/1970,3.6,0,0,4.82
11/29/1970,7.7,7.5,8.2,5.43
11/30/1970,6,0.4,0.8,7.22
12/1/1970,5.9,3.3,2.4,6.36
12/2/1970,5.3,1.4,0.1,5.79
12/3/1970,5.1,7.6,5.1,5.55
12/4/1970,6.4,0.5,0.1,5.67
12/5/1970,5.9,1.5,1.8,5.55
12/6/1970,0.4,0,0,5.31
12/7/1970,0.8,7.9,6.7,4.94
12/8/1970,2.9,0,0,4.7
12/9/1970,0.9,0,0,4.48
12/10/1970,0.4,0,0,4.38
12/11/1970,-0.4,0,0,4.18
12/12/1970,-0.2,0,0,4.08
12/13/1970,-0.1,0,0,3.98
12/14/1970,-0.1,1.6,1.6,3.78
12/15/1970,1.3,0.4,0.1,3.78
12/16/1970,0,0,0,3.58
12/17/1970,-3.6,0,0,3.19
12/18/1970,-1.8,0,0,3.42
12/19/1970,-3.4,0,0,3.27
12/20/1970,-3.7,0,0,3.11
12/21/1970,-1,0.9,1.7,3.11
12/22/1970,-2.2,4.2,0.4,3.27
12/23/1970,-4.4,0,0,3.03
12/24/1970,-7.7,0,0,2.96
12/25/1970,-9.4,0,0,3.27
12/26/1970,-7.1,0,0,3.27
12/27/1970,-3.2,0,0,2.96
12/28/1970,-4.1,0.2,1.1,3.03
12/29/1970,-2.7,2.8,1.7,3.11
12/30/1970,-1.7,4.8,3,3.11
12/31/1970,-1.7,5.8,3,3.03
